BEGIN TRANSACTION;
CREATE TABLE "auth_group" ("id" integer NOT NULL PRIMARY KEY AUTOINCREMENT, "name" varchar(80) NOT NULL UNIQUE);
CREATE TABLE "auth_group_permissions" ("id" integer NOT NULL PRIMARY KEY AUTOINCREMENT, "group_id" integer NOT NULL REFERENCES "auth_group" ("id") DEFERRABLE INITIALLY DEFERRED, "permission_id" integer NOT NULL REFERENCES "auth_permission" ("id") DEFERRABLE INITIALLY DEFERRED);
CREATE TABLE "auth_permission" ("id" integer NOT NULL PRIMARY KEY AUTOINCREMENT, "content_type_id" integer NOT NULL REFERENCES "django_content_type" ("id") DEFERRABLE INITIALLY DEFERRED, "codename" varchar(100) NOT NULL, "name" varchar(255) NOT NULL);
INSERT INTO "auth_permission" VALUES(1,1,'add_logentry','Can add log entry');
INSERT INTO "auth_permission" VALUES(2,1,'change_logentry','Can change log entry');
INSERT INTO "auth_permission" VALUES(3,1,'delete_logentry','Can delete log entry');
INSERT INTO "auth_permission" VALUES(4,2,'add_permission','Can add permission');
INSERT INTO "auth_permission" VALUES(5,2,'change_permission','Can change permission');
INSERT INTO "auth_permission" VALUES(6,2,'delete_permission','Can delete permission');
INSERT INTO "auth_permission" VALUES(7,3,'add_group','Can add group');
INSERT INTO "auth_permission" VALUES(8,3,'change_group','Can change group');
INSERT INTO "auth_permission" VALUES(9,3,'delete_group','Can delete group');
INSERT INTO "auth_permission" VALUES(10,4,'add_user','Can add user');
INSERT INTO "auth_permission" VALUES(11,4,'change_user','Can change user');
INSERT INTO "auth_permission" VALUES(12,4,'delete_user','Can delete user');
INSERT INTO "auth_permission" VALUES(13,5,'add_contenttype','Can add content type');
INSERT INTO "auth_permission" VALUES(14,5,'change_contenttype','Can change content type');
INSERT INTO "auth_permission" VALUES(15,5,'delete_contenttype','Can delete content type');
INSERT INTO "auth_permission" VALUES(16,6,'add_session','Can add session');
INSERT INTO "auth_permission" VALUES(17,6,'change_session','Can change session');
INSERT INTO "auth_permission" VALUES(18,6,'delete_session','Can delete session');
INSERT INTO "auth_permission" VALUES(19,7,'add_site','Can add site');
INSERT INTO "auth_permission" VALUES(20,7,'change_site','Can change site');
INSERT INTO "auth_permission" VALUES(21,7,'delete_site','Can delete site');
INSERT INTO "auth_permission" VALUES(22,8,'add_taskresult','Can add task result');
INSERT INTO "auth_permission" VALUES(23,8,'change_taskresult','Can change task result');
INSERT INTO "auth_permission" VALUES(24,8,'delete_taskresult','Can delete task result');
INSERT INTO "auth_permission" VALUES(25,9,'add_crontabschedule','Can add crontab');
INSERT INTO "auth_permission" VALUES(26,9,'change_crontabschedule','Can change crontab');
INSERT INTO "auth_permission" VALUES(27,9,'delete_crontabschedule','Can delete crontab');
INSERT INTO "auth_permission" VALUES(28,10,'add_intervalschedule','Can add interval');
INSERT INTO "auth_permission" VALUES(29,10,'change_intervalschedule','Can change interval');
INSERT INTO "auth_permission" VALUES(30,10,'delete_intervalschedule','Can delete interval');
INSERT INTO "auth_permission" VALUES(31,11,'add_periodictask','Can add periodic task');
INSERT INTO "auth_permission" VALUES(32,11,'change_periodictask','Can change periodic task');
INSERT INTO "auth_permission" VALUES(33,11,'delete_periodictask','Can delete periodic task');
INSERT INTO "auth_permission" VALUES(34,12,'add_periodictasks','Can add periodic tasks');
INSERT INTO "auth_permission" VALUES(35,12,'change_periodictasks','Can change periodic tasks');
INSERT INTO "auth_permission" VALUES(36,12,'delete_periodictasks','Can delete periodic tasks');
INSERT INTO "auth_permission" VALUES(37,13,'add_solarschedule','Can add solar event');
INSERT INTO "auth_permission" VALUES(38,13,'change_solarschedule','Can change solar event');
INSERT INTO "auth_permission" VALUES(39,13,'delete_solarschedule','Can delete solar event');
INSERT INTO "auth_permission" VALUES(40,14,'add_corsmodel','Can add cors model');
INSERT INTO "auth_permission" VALUES(41,14,'change_corsmodel','Can change cors model');
INSERT INTO "auth_permission" VALUES(42,14,'delete_corsmodel','Can delete cors model');
INSERT INTO "auth_permission" VALUES(43,15,'add_token','Can add Token');
INSERT INTO "auth_permission" VALUES(44,15,'change_token','Can change Token');
INSERT INTO "auth_permission" VALUES(45,15,'delete_token','Can delete Token');
INSERT INTO "auth_permission" VALUES(46,16,'add_expiringtoken','Can add Token');
INSERT INTO "auth_permission" VALUES(47,16,'change_expiringtoken','Can change Token');
INSERT INTO "auth_permission" VALUES(48,16,'delete_expiringtoken','Can delete Token');
INSERT INTO "auth_permission" VALUES(49,17,'add_app','Can add app');
INSERT INTO "auth_permission" VALUES(50,17,'change_app','Can change app');
INSERT INTO "auth_permission" VALUES(51,17,'delete_app','Can delete app');
INSERT INTO "auth_permission" VALUES(52,18,'add_dept','Can add dept');
INSERT INTO "auth_permission" VALUES(53,18,'change_dept','Can change dept');
INSERT INTO "auth_permission" VALUES(54,18,'delete_dept','Can delete dept');
INSERT INTO "auth_permission" VALUES(55,19,'add_deptmember','Can add dept member');
INSERT INTO "auth_permission" VALUES(56,19,'change_deptmember','Can change dept member');
INSERT INTO "auth_permission" VALUES(57,19,'delete_deptmember','Can delete dept member');
INSERT INTO "auth_permission" VALUES(58,20,'add_deptperm','Can add dept perm');
INSERT INTO "auth_permission" VALUES(59,20,'change_deptperm','Can change dept perm');
INSERT INTO "auth_permission" VALUES(60,20,'delete_deptperm','Can delete dept perm');
INSERT INTO "auth_permission" VALUES(61,21,'add_dingdept','Can add ding dept');
INSERT INTO "auth_permission" VALUES(62,21,'change_dingdept','Can change ding dept');
INSERT INTO "auth_permission" VALUES(63,21,'delete_dingdept','Can delete ding dept');
INSERT INTO "auth_permission" VALUES(64,22,'add_dinguser','Can add ding user');
INSERT INTO "auth_permission" VALUES(65,22,'change_dinguser','Can change ding user');
INSERT INTO "auth_permission" VALUES(66,22,'delete_dinguser','Can delete ding user');
INSERT INTO "auth_permission" VALUES(67,23,'add_group','Can add group');
INSERT INTO "auth_permission" VALUES(68,23,'change_group','Can change group');
INSERT INTO "auth_permission" VALUES(69,23,'delete_group','Can delete group');
INSERT INTO "auth_permission" VALUES(70,24,'add_groupmember','Can add group member');
INSERT INTO "auth_permission" VALUES(71,24,'change_groupmember','Can change group member');
INSERT INTO "auth_permission" VALUES(72,24,'delete_groupmember','Can delete group member');
INSERT INTO "auth_permission" VALUES(73,25,'add_groupperm','Can add group perm');
INSERT INTO "auth_permission" VALUES(74,25,'change_groupperm','Can change group perm');
INSERT INTO "auth_permission" VALUES(75,25,'delete_groupperm','Can delete group perm');
INSERT INTO "auth_permission" VALUES(76,26,'add_perm','Can add perm');
INSERT INTO "auth_permission" VALUES(77,26,'change_perm','Can change perm');
INSERT INTO "auth_permission" VALUES(78,26,'delete_perm','Can delete perm');
INSERT INTO "auth_permission" VALUES(79,27,'add_posixuser','Can add posix user');
INSERT INTO "auth_permission" VALUES(80,27,'change_posixuser','Can change posix user');
INSERT INTO "auth_permission" VALUES(81,27,'delete_posixuser','Can delete posix user');
INSERT INTO "auth_permission" VALUES(82,28,'add_user','Can add user');
INSERT INTO "auth_permission" VALUES(83,28,'change_user','Can change user');
INSERT INTO "auth_permission" VALUES(84,28,'delete_user','Can delete user');
INSERT INTO "auth_permission" VALUES(85,29,'add_userperm','Can add user perm');
INSERT INTO "auth_permission" VALUES(86,29,'change_userperm','Can change user perm');
INSERT INTO "auth_permission" VALUES(87,29,'delete_userperm','Can delete user perm');
INSERT INTO "auth_permission" VALUES(88,30,'add_dinggroup','Can add ding group');
INSERT INTO "auth_permission" VALUES(89,30,'change_dinggroup','Can change ding group');
INSERT INTO "auth_permission" VALUES(90,30,'delete_dinggroup','Can delete ding group');
INSERT INTO "auth_permission" VALUES(91,31,'add_oauthapp','Can add o auth app');
INSERT INTO "auth_permission" VALUES(92,31,'change_oauthapp','Can change o auth app');
INSERT INTO "auth_permission" VALUES(93,31,'delete_oauthapp','Can delete o auth app');
INSERT INTO "auth_permission" VALUES(94,32,'add_dingconfig','Can add ding config');
INSERT INTO "auth_permission" VALUES(95,32,'change_dingconfig','Can change ding config');
INSERT INTO "auth_permission" VALUES(96,32,'delete_dingconfig','Can delete ding config');
INSERT INTO "auth_permission" VALUES(97,33,'add_companyconfig','Can add company config');
INSERT INTO "auth_permission" VALUES(98,33,'change_companyconfig','Can change company config');
INSERT INTO "auth_permission" VALUES(99,33,'delete_companyconfig','Can delete company config');
INSERT INTO "auth_permission" VALUES(100,34,'add_managergroup','Can add manager group');
INSERT INTO "auth_permission" VALUES(101,34,'change_managergroup','Can change manager group');
INSERT INTO "auth_permission" VALUES(102,34,'delete_managergroup','Can delete manager group');
INSERT INTO "auth_permission" VALUES(103,35,'add_customfield','Can add custom field');
INSERT INTO "auth_permission" VALUES(104,35,'change_customfield','Can change custom field');
INSERT INTO "auth_permission" VALUES(105,35,'delete_customfield','Can delete custom field');
INSERT INTO "auth_permission" VALUES(106,36,'add_customuser','Can add custom user');
INSERT INTO "auth_permission" VALUES(107,36,'change_customuser','Can change custom user');
INSERT INTO "auth_permission" VALUES(108,36,'delete_customuser','Can delete custom user');
INSERT INTO "auth_permission" VALUES(109,37,'add_nativefield','Can add native field');
INSERT INTO "auth_permission" VALUES(110,37,'change_nativefield','Can change native field');
INSERT INTO "auth_permission" VALUES(111,37,'delete_nativefield','Can delete native field');
INSERT INTO "auth_permission" VALUES(112,38,'add_invitation','Can add invitation');
INSERT INTO "auth_permission" VALUES(113,38,'change_invitation','Can change invitation');
INSERT INTO "auth_permission" VALUES(114,38,'delete_invitation','Can delete invitation');
INSERT INTO "auth_permission" VALUES(115,39,'add_accountconfig','Can add account config');
INSERT INTO "auth_permission" VALUES(116,39,'change_accountconfig','Can change account config');
INSERT INTO "auth_permission" VALUES(117,39,'delete_accountconfig','Can delete account config');
INSERT INTO "auth_permission" VALUES(118,40,'add_smsconfig','Can add sms config');
INSERT INTO "auth_permission" VALUES(119,40,'change_smsconfig','Can change sms config');
INSERT INTO "auth_permission" VALUES(120,40,'delete_smsconfig','Can delete sms config');
INSERT INTO "auth_permission" VALUES(121,41,'add_log','Can add log');
INSERT INTO "auth_permission" VALUES(122,41,'change_log','Can change log');
INSERT INTO "auth_permission" VALUES(123,41,'delete_log','Can delete log');
INSERT INTO "auth_permission" VALUES(124,42,'add_requestaccesslog','Can add request access log');
INSERT INTO "auth_permission" VALUES(125,42,'change_requestaccesslog','Can change request access log');
INSERT INTO "auth_permission" VALUES(126,42,'delete_requestaccesslog','Can delete request access log');
INSERT INTO "auth_permission" VALUES(127,43,'add_requestdataclientlog','Can add request data client log');
INSERT INTO "auth_permission" VALUES(128,43,'change_requestdataclientlog','Can change request data client log');
INSERT INTO "auth_permission" VALUES(129,43,'delete_requestdataclientlog','Can delete request data client log');
INSERT INTO "auth_permission" VALUES(130,44,'add_emailconfig','Can add email config');
INSERT INTO "auth_permission" VALUES(131,44,'change_emailconfig','Can change email config');
INSERT INTO "auth_permission" VALUES(132,44,'delete_emailconfig','Can delete email config');
INSERT INTO "auth_permission" VALUES(133,45,'add_httpapp','Can add httpapp');
INSERT INTO "auth_permission" VALUES(134,45,'change_httpapp','Can change httpapp');
INSERT INTO "auth_permission" VALUES(135,45,'delete_httpapp','Can delete httpapp');
INSERT INTO "auth_permission" VALUES(136,46,'add_ldapapp','Can add ldapapp');
INSERT INTO "auth_permission" VALUES(137,46,'change_ldapapp','Can change ldapapp');
INSERT INTO "auth_permission" VALUES(138,46,'delete_ldapapp','Can delete ldapapp');
INSERT INTO "auth_permission" VALUES(139,47,'add_alipayconfig','Can add alipay config');
INSERT INTO "auth_permission" VALUES(140,47,'change_alipayconfig','Can change alipay config');
INSERT INTO "auth_permission" VALUES(141,47,'delete_alipayconfig','Can delete alipay config');
INSERT INTO "auth_permission" VALUES(142,48,'add_alipayuser','Can add alipay user');
INSERT INTO "auth_permission" VALUES(143,48,'change_alipayuser','Can change alipay user');
INSERT INTO "auth_permission" VALUES(144,48,'delete_alipayuser','Can delete alipay user');
INSERT INTO "auth_permission" VALUES(145,49,'add_workwechatconfig','Can add work wechat config');
INSERT INTO "auth_permission" VALUES(146,49,'change_workwechatconfig','Can change work wechat config');
INSERT INTO "auth_permission" VALUES(147,49,'delete_workwechatconfig','Can delete work wechat config');
INSERT INTO "auth_permission" VALUES(148,50,'add_workwechatuser','Can add work wechat user');
INSERT INTO "auth_permission" VALUES(149,50,'change_workwechatuser','Can change work wechat user');
INSERT INTO "auth_permission" VALUES(150,50,'delete_workwechatuser','Can delete work wechat user');
INSERT INTO "auth_permission" VALUES(151,51,'add_wechatconfig','Can add wechat config');
INSERT INTO "auth_permission" VALUES(152,51,'change_wechatconfig','Can change wechat config');
INSERT INTO "auth_permission" VALUES(153,51,'delete_wechatconfig','Can delete wechat config');
INSERT INTO "auth_permission" VALUES(154,52,'add_wechatuser','Can add wechat user');
INSERT INTO "auth_permission" VALUES(155,52,'change_wechatuser','Can change wechat user');
INSERT INTO "auth_permission" VALUES(156,52,'delete_wechatuser','Can delete wechat user');
INSERT INTO "auth_permission" VALUES(157,53,'add_qqconfig','Can add qq config');
INSERT INTO "auth_permission" VALUES(158,53,'change_qqconfig','Can change qq config');
INSERT INTO "auth_permission" VALUES(159,53,'delete_qqconfig','Can delete qq config');
INSERT INTO "auth_permission" VALUES(160,54,'add_qquser','Can add qq user');
INSERT INTO "auth_permission" VALUES(161,54,'change_qquser','Can change qq user');
INSERT INTO "auth_permission" VALUES(162,54,'delete_qquser','Can delete qq user');
INSERT INTO "auth_permission" VALUES(163,55,'add_subaccount','Can add sub account');
INSERT INTO "auth_permission" VALUES(164,55,'change_subaccount','Can change sub account');
INSERT INTO "auth_permission" VALUES(165,55,'delete_subaccount','Can delete sub account');
INSERT INTO "auth_permission" VALUES(166,31,'add_application','Can add application');
INSERT INTO "auth_permission" VALUES(167,31,'change_application','Can change application');
INSERT INTO "auth_permission" VALUES(168,31,'delete_application','Can delete application');
INSERT INTO "auth_permission" VALUES(169,57,'add_accesstoken','Can add access token');
INSERT INTO "auth_permission" VALUES(170,57,'change_accesstoken','Can change access token');
INSERT INTO "auth_permission" VALUES(171,57,'delete_accesstoken','Can delete access token');
INSERT INTO "auth_permission" VALUES(172,58,'add_grant','Can add grant');
INSERT INTO "auth_permission" VALUES(173,58,'change_grant','Can change grant');
INSERT INTO "auth_permission" VALUES(174,58,'delete_grant','Can delete grant');
INSERT INTO "auth_permission" VALUES(175,59,'add_refreshtoken','Can add refresh token');
INSERT INTO "auth_permission" VALUES(176,59,'change_refreshtoken','Can change refresh token');
INSERT INTO "auth_permission" VALUES(177,59,'delete_refreshtoken','Can delete refresh token');
INSERT INTO "auth_permission" VALUES(178,60,'add_captchastore','Can add captcha store');
INSERT INTO "auth_permission" VALUES(179,60,'change_captchastore','Can change captcha store');
INSERT INTO "auth_permission" VALUES(180,60,'delete_captchastore','Can delete captcha store');
CREATE TABLE "auth_user" ("id" integer NOT NULL PRIMARY KEY AUTOINCREMENT, "password" varchar(128) NOT NULL, "last_login" datetime NULL, "is_superuser" bool NOT NULL, "username" varchar(150) NOT NULL UNIQUE, "first_name" varchar(30) NOT NULL, "email" varchar(254) NOT NULL, "is_staff" bool NOT NULL, "is_active" bool NOT NULL, "date_joined" datetime NOT NULL, "last_name" varchar(150) NOT NULL);
INSERT INTO "auth_user" VALUES(1,'pbkdf2_sha256$100000$Y0SFU6QvBgDV$yDWSE3Av2dNIzZDT3UlLrMLEhno3N6zhsOzgd9ILeq4=',NULL,1,'superadmin','admin','admin@demo.com',1,1,'2019-11-16 11:35:32.999685','admin');
CREATE TABLE "auth_user_groups" ("id" integer NOT NULL PRIMARY KEY AUTOINCREMENT, "user_id" integer NOT NULL REFERENCES "auth_user" ("id") DEFERRABLE INITIALLY DEFERRED, "group_id" integer NOT NULL REFERENCES "auth_group" ("id") DEFERRABLE INITIALLY DEFERRED);
CREATE TABLE "auth_user_user_permissions" ("id" integer NOT NULL PRIMARY KEY AUTOINCREMENT, "user_id" integer NOT NULL REFERENCES "auth_user" ("id") DEFERRABLE INITIALLY DEFERRED, "permission_id" integer NOT NULL REFERENCES "auth_permission" ("id") DEFERRABLE INITIALLY DEFERRED);
CREATE TABLE "authtoken_token" ("key" varchar(40) NOT NULL PRIMARY KEY, "created" datetime NOT NULL, "user_id" integer NOT NULL UNIQUE REFERENCES "auth_user" ("id") DEFERRABLE INITIALLY DEFERRED);
CREATE TABLE "captcha_captchastore" ("id" integer NOT NULL PRIMARY KEY AUTOINCREMENT, "challenge" varchar(32) NOT NULL, "response" varchar(32) NOT NULL, "hashkey" varchar(40) NOT NULL UNIQUE, "expiration" datetime NOT NULL);
CREATE TABLE "corsheaders_corsmodel" ("id" integer NOT NULL PRIMARY KEY AUTOINCREMENT, "cors" varchar(255) NOT NULL);
CREATE TABLE "django_admin_log" ("id" integer NOT NULL PRIMARY KEY AUTOINCREMENT, "object_id" text NULL, "object_repr" varchar(200) NOT NULL, "action_flag" smallint unsigned NOT NULL, "change_message" text NOT NULL, "content_type_id" integer NULL REFERENCES "django_content_type" ("id") DEFERRABLE INITIALLY DEFERRED, "user_id" integer NOT NULL REFERENCES "auth_user" ("id") DEFERRABLE INITIALLY DEFERRED, "action_time" datetime NOT NULL);
CREATE TABLE "django_celery_beat_crontabschedule" ("id" integer NOT NULL PRIMARY KEY AUTOINCREMENT, "hour" varchar(96) NOT NULL, "day_of_week" varchar(64) NOT NULL, "day_of_month" varchar(124) NOT NULL, "month_of_year" varchar(64) NOT NULL, "minute" varchar(240) NOT NULL);
CREATE TABLE "django_celery_beat_intervalschedule" ("id" integer NOT NULL PRIMARY KEY AUTOINCREMENT, "every" integer NOT NULL, "period" varchar(24) NOT NULL);
INSERT INTO "django_celery_beat_intervalschedule" VALUES(1,5,'minutes');
INSERT INTO "django_celery_beat_intervalschedule" VALUES(2,10,'minutes');
CREATE TABLE "django_celery_beat_periodictask" ("id" integer NOT NULL PRIMARY KEY AUTOINCREMENT, "name" varchar(200) NOT NULL UNIQUE, "task" varchar(200) NOT NULL, "args" text NOT NULL, "kwargs" text NOT NULL, "queue" varchar(200) NULL, "exchange" varchar(200) NULL, "routing_key" varchar(200) NULL, "expires" datetime NULL, "enabled" bool NOT NULL, "last_run_at" datetime NULL, "total_run_count" integer unsigned NOT NULL, "date_changed" datetime NOT NULL, "description" text NOT NULL, "crontab_id" integer NULL REFERENCES "django_celery_beat_crontabschedule" ("id") DEFERRABLE INITIALLY DEFERRED, "interval_id" integer NULL REFERENCES "django_celery_beat_intervalschedule" ("id") DEFERRABLE INITIALLY DEFERRED, "solar_id" integer NULL REFERENCES "django_celery_beat_solarschedule" ("id") DEFERRABLE INITIALLY DEFERRED);
INSERT INTO "django_celery_beat_periodictask" VALUES(1,'flush_user_perm_in_db','tasksapp.tasks.flush_user_perm_in_db','[]','{}','perm',NULL,'perm',NULL,0,NULL,0,'2019-11-16 11:35:33.154231','',NULL,1,NULL);
INSERT INTO "django_celery_beat_periodictask" VALUES(2,'flush_user_perm_in_ldap','tasksapp.tasks.flush_user_perm_in_ldap','[]','{}','perm',NULL,'perm',NULL,1,NULL,0,'2019-11-16 11:35:33.094482','',NULL,1,NULL);
INSERT INTO "django_celery_beat_periodictask" VALUES(3,'aggregate_user_in_ldap_dept','tasksapp.tasks.aggregate_user_in_ldap_dept','[]','{}','dept',NULL,'dept',NULL,1,NULL,0,'2019-11-16 11:35:33.096958','',NULL,1,NULL);
INSERT INTO "django_celery_beat_periodictask" VALUES(4,'aggregate_user_in_ldap_group','tasksapp.tasks.aggregate_user_in_ldap_group','[]','{}','group',NULL,'group',NULL,1,NULL,0,'2019-11-16 11:35:33.099435','',NULL,1,NULL);
INSERT INTO "django_celery_beat_periodictask" VALUES(5,'flush_all_perm_in_db','tasksapp.tasks.flush_all_perm_in_db','[]','{}','perm',NULL,'perm',NULL,1,NULL,0,'2019-11-16 11:35:33.151781','',NULL,1,NULL);
INSERT INTO "django_celery_beat_periodictask" VALUES(6,'rm_unboned_user','taskapp.tasks.rm_unbonded_user_task','[]','{}','dept',NULL,'dept',NULL,1,NULL,0,'2019-11-16 11:35:33.208599','',NULL,2,NULL);
CREATE TABLE "django_celery_beat_periodictasks" ("ident" smallint NOT NULL PRIMARY KEY, "last_update" datetime NOT NULL);
INSERT INTO "django_celery_beat_periodictasks" VALUES(1,'2019-11-16 11:35:33.207660');
CREATE TABLE "django_celery_beat_solarschedule" ("id" integer NOT NULL PRIMARY KEY AUTOINCREMENT, "latitude" decimal NOT NULL, "longitude" decimal NOT NULL, "event" varchar(24) NOT NULL);
CREATE TABLE "django_celery_results_taskresult" ("id" integer NOT NULL PRIMARY KEY AUTOINCREMENT, "task_id" varchar(255) NOT NULL UNIQUE, "status" varchar(50) NOT NULL, "content_type" varchar(128) NOT NULL, "content_encoding" varchar(64) NOT NULL, "result" text NULL, "date_done" datetime NOT NULL, "traceback" text NULL, "hidden" bool NOT NULL, "meta" text NULL);
CREATE TABLE "django_content_type" ("id" integer NOT NULL PRIMARY KEY AUTOINCREMENT, "app_label" varchar(100) NOT NULL, "model" varchar(100) NOT NULL);
INSERT INTO "django_content_type" VALUES(1,'admin','logentry');
INSERT INTO "django_content_type" VALUES(2,'auth','permission');
INSERT INTO "django_content_type" VALUES(3,'auth','group');
INSERT INTO "django_content_type" VALUES(4,'auth','user');
INSERT INTO "django_content_type" VALUES(5,'contenttypes','contenttype');
INSERT INTO "django_content_type" VALUES(6,'sessions','session');
INSERT INTO "django_content_type" VALUES(7,'sites','site');
INSERT INTO "django_content_type" VALUES(8,'django_celery_results','taskresult');
INSERT INTO "django_content_type" VALUES(9,'django_celery_beat','crontabschedule');
INSERT INTO "django_content_type" VALUES(10,'django_celery_beat','intervalschedule');
INSERT INTO "django_content_type" VALUES(11,'django_celery_beat','periodictask');
INSERT INTO "django_content_type" VALUES(12,'django_celery_beat','periodictasks');
INSERT INTO "django_content_type" VALUES(13,'django_celery_beat','solarschedule');
INSERT INTO "django_content_type" VALUES(14,'corsheaders','corsmodel');
INSERT INTO "django_content_type" VALUES(15,'authtoken','token');
INSERT INTO "django_content_type" VALUES(16,'drf_expiring_authtoken','expiringtoken');
INSERT INTO "django_content_type" VALUES(17,'oneid_meta','app');
INSERT INTO "django_content_type" VALUES(18,'oneid_meta','dept');
INSERT INTO "django_content_type" VALUES(19,'oneid_meta','deptmember');
INSERT INTO "django_content_type" VALUES(20,'oneid_meta','deptperm');
INSERT INTO "django_content_type" VALUES(21,'oneid_meta','dingdept');
INSERT INTO "django_content_type" VALUES(22,'oneid_meta','dinguser');
INSERT INTO "django_content_type" VALUES(23,'oneid_meta','group');
INSERT INTO "django_content_type" VALUES(24,'oneid_meta','groupmember');
INSERT INTO "django_content_type" VALUES(25,'oneid_meta','groupperm');
INSERT INTO "django_content_type" VALUES(26,'oneid_meta','perm');
INSERT INTO "django_content_type" VALUES(27,'oneid_meta','posixuser');
INSERT INTO "django_content_type" VALUES(28,'oneid_meta','user');
INSERT INTO "django_content_type" VALUES(29,'oneid_meta','userperm');
INSERT INTO "django_content_type" VALUES(30,'oneid_meta','dinggroup');
INSERT INTO "django_content_type" VALUES(31,'oauth2_provider','application');
INSERT INTO "django_content_type" VALUES(32,'oneid_meta','dingconfig');
INSERT INTO "django_content_type" VALUES(33,'oneid_meta','companyconfig');
INSERT INTO "django_content_type" VALUES(34,'oneid_meta','managergroup');
INSERT INTO "django_content_type" VALUES(35,'oneid_meta','customfield');
INSERT INTO "django_content_type" VALUES(36,'oneid_meta','customuser');
INSERT INTO "django_content_type" VALUES(37,'oneid_meta','nativefield');
INSERT INTO "django_content_type" VALUES(38,'oneid_meta','invitation');
INSERT INTO "django_content_type" VALUES(39,'oneid_meta','accountconfig');
INSERT INTO "django_content_type" VALUES(40,'oneid_meta','smsconfig');
INSERT INTO "django_content_type" VALUES(41,'oneid_meta','log');
INSERT INTO "django_content_type" VALUES(42,'oneid_meta','requestaccesslog');
INSERT INTO "django_content_type" VALUES(43,'oneid_meta','requestdataclientlog');
INSERT INTO "django_content_type" VALUES(44,'oneid_meta','emailconfig');
INSERT INTO "django_content_type" VALUES(45,'oneid_meta','httpapp');
INSERT INTO "django_content_type" VALUES(46,'oneid_meta','ldapapp');
INSERT INTO "django_content_type" VALUES(47,'oneid_meta','alipayconfig');
INSERT INTO "django_content_type" VALUES(48,'oneid_meta','alipayuser');
INSERT INTO "django_content_type" VALUES(49,'oneid_meta','workwechatconfig');
INSERT INTO "django_content_type" VALUES(50,'oneid_meta','workwechatuser');
INSERT INTO "django_content_type" VALUES(51,'oneid_meta','wechatconfig');
INSERT INTO "django_content_type" VALUES(52,'oneid_meta','wechatuser');
INSERT INTO "django_content_type" VALUES(53,'oneid_meta','qqconfig');
INSERT INTO "django_content_type" VALUES(54,'oneid_meta','qquser');
INSERT INTO "django_content_type" VALUES(55,'oneid_meta','subaccount');
INSERT INTO "django_content_type" VALUES(56,'oneid_meta','oauthapp');
INSERT INTO "django_content_type" VALUES(57,'oauth2_provider','accesstoken');
INSERT INTO "django_content_type" VALUES(58,'oauth2_provider','grant');
INSERT INTO "django_content_type" VALUES(59,'oauth2_provider','refreshtoken');
INSERT INTO "django_content_type" VALUES(60,'captcha','captchastore');
CREATE TABLE "django_session" ("session_key" varchar(40) NOT NULL PRIMARY KEY, "session_data" text NOT NULL, "expire_date" datetime NOT NULL);
CREATE TABLE "django_site" ("id" integer NOT NULL PRIMARY KEY AUTOINCREMENT, "name" varchar(50) NOT NULL, "domain" varchar(100) NOT NULL UNIQUE);
INSERT INTO "django_site" VALUES(1,'','');
CREATE TABLE "drf_expiring_authtoken_expiringtoken" ("key" varchar(40) NOT NULL PRIMARY KEY, "created" datetime NOT NULL, "user_id" integer NOT NULL UNIQUE REFERENCES "oneid_meta_user" ("id") DEFERRABLE INITIALLY DEFERRED);
INSERT INTO "drf_expiring_authtoken_expiringtoken" VALUES('db00ccf6b775601d49f4cb1ac06c63cdc34b90e9','2019-11-16 09:34:30.534027',2);
INSERT INTO "drf_expiring_authtoken_expiringtoken" VALUES('b18aad7ef2a680209c0396551842bb32a4e279e2','2019-11-16 09:35:05.955569',3);
INSERT INTO "drf_expiring_authtoken_expiringtoken" VALUES('d80aa32489e0641e1d7934a91ac0e8d5be26f8ef','2019-11-16 10:34:07.528921',13);
INSERT INTO "drf_expiring_authtoken_expiringtoken" VALUES('25b0d83a8cd384cbbc0a71eac1aa663b92e12fb7','2019-12-20 07:02:27.378651',1);
CREATE TABLE "oauth2_provider_accesstoken" ("id" integer NOT NULL PRIMARY KEY AUTOINCREMENT, "token" varchar(255) NOT NULL UNIQUE, "expires" datetime NOT NULL, "scope" text NOT NULL, "application_id" bigint NULL REFERENCES "oauth2_provider_application" ("id") DEFERRABLE INITIALLY DEFERRED, "created" datetime NOT NULL, "updated" datetime NOT NULL, "source_refresh_token_id" bigint NULL UNIQUE REFERENCES "oauth2_provider_refreshtoken" ("id") DEFERRABLE INITIALLY DEFERRED, "user_id" integer NULL REFERENCES "oneid_meta_user" ("id") DEFERRABLE INITIALLY DEFERRED);
CREATE TABLE "oauth2_provider_application" ("id" integer NOT NULL PRIMARY KEY AUTOINCREMENT, "client_id" varchar(100) NOT NULL UNIQUE, "redirect_uris" text NOT NULL, "authorization_grant_type" varchar(32) NOT NULL, "client_secret" varchar(255) NOT NULL, "name" varchar(255) NOT NULL, "user_id" integer NULL REFERENCES "oneid_meta_user" ("id") DEFERRABLE INITIALLY DEFERRED, "skip_authorization" bool NOT NULL, "created" datetime NOT NULL, "updated" datetime NOT NULL, "app_id" integer NULL UNIQUE REFERENCES "oneid_meta_app" ("id") DEFERRABLE INITIALLY DEFERRED, "client_type" varchar(32) NOT NULL);
INSERT INTO "oauth2_provider_application" VALUES(1,'xvg5nRn64JsBTG9PHfb492HUCcYpTfrzhlunEvuT','adad','authorization-code','Q3tkBxt3AuJMVk0ZZfLxXvdM6cSZrxdGYN1SFcq5wAnFmG0E3XtTEp2uvMmshMQKg60xQlYCSnltr9XI8QfvC1tmlkWNUYS6buiJlwsoP5t387Adii224Mjv4bREA8mv','应用一',NULL,0,'2019-11-16 10:11:16.113860','2019-11-16 10:11:16.113890',5,'confidential');
CREATE TABLE "oauth2_provider_grant" ("id" integer NOT NULL PRIMARY KEY AUTOINCREMENT, "code" varchar(255) NOT NULL UNIQUE, "expires" datetime NOT NULL, "redirect_uri" varchar(255) NOT NULL, "scope" text NOT NULL, "application_id" bigint NOT NULL REFERENCES "oauth2_provider_application" ("id") DEFERRABLE INITIALLY DEFERRED, "created" datetime NOT NULL, "updated" datetime NOT NULL, "user_id" integer NOT NULL REFERENCES "oneid_meta_user" ("id") DEFERRABLE INITIALLY DEFERRED);
CREATE TABLE "oauth2_provider_refreshtoken" ("id" integer NOT NULL PRIMARY KEY AUTOINCREMENT, "token" varchar(255) NOT NULL, "access_token_id" bigint NULL UNIQUE REFERENCES "oauth2_provider_accesstoken" ("id") DEFERRABLE INITIALLY DEFERRED, "application_id" bigint NOT NULL REFERENCES "oauth2_provider_application" ("id") DEFERRABLE INITIALLY DEFERRED, "created" datetime NOT NULL, "updated" datetime NOT NULL, "revoked" datetime NULL, "user_id" integer NOT NULL REFERENCES "oneid_meta_user" ("id") DEFERRABLE INITIALLY DEFERRED);
CREATE TABLE "oneid_meta_accountconfig" ("id" integer NOT NULL PRIMARY KEY AUTOINCREMENT, "uuid" char(32) NOT NULL UNIQUE, "is_del" bool NOT NULL, "is_active" bool NOT NULL, "updated" datetime NULL, "created" datetime NULL, "site_id" integer NOT NULL UNIQUE REFERENCES "django_site" ("id") DEFERRABLE INITIALLY DEFERRED, "allow_email" bool NOT NULL, "allow_mobile" bool NOT NULL, "allow_register" bool NOT NULL, "allow_ding_qr" bool NOT NULL, "allow_alipay_qr" bool NOT NULL, "allow_work_wechat_qr" bool NOT NULL, "allow_wechat_qr" bool NOT NULL, "allow_qq_qr" bool NOT NULL);
INSERT INTO "oneid_meta_accountconfig" VALUES(1,'3978b9d7c64e4377b5a2f9362ce45e69',0,1,'2019-11-16 11:35:31.229199','2019-11-16 11:35:31.229229',1,0,0,0,0,0,0,0,0);
CREATE TABLE "oneid_meta_alipayconfig" ("id" integer NOT NULL PRIMARY KEY AUTOINCREMENT, "uuid" char(32) NOT NULL UNIQUE, "is_del" bool NOT NULL, "is_active" bool NOT NULL, "updated" datetime NULL, "created" datetime NULL, "app_id" varchar(255) NOT NULL, "app_private_key" varchar(2048) NOT NULL, "alipay_public_key" varchar(512) NOT NULL, "qr_app_valid" bool NOT NULL, "site_id" integer NOT NULL UNIQUE REFERENCES "django_site" ("id") DEFERRABLE INITIALLY DEFERRED);
CREATE TABLE "oneid_meta_alipayuser" ("id" integer NOT NULL PRIMARY KEY AUTOINCREMENT, "uuid" char(32) NOT NULL UNIQUE, "is_del" bool NOT NULL, "is_active" bool NOT NULL, "updated" datetime NULL, "created" datetime NULL, "alipay_user_id" text NOT NULL, "user_id" integer NOT NULL UNIQUE REFERENCES "oneid_meta_user" ("id") DEFERRABLE INITIALLY DEFERRED);
CREATE TABLE "oneid_meta_app" ("id" integer NOT NULL PRIMARY KEY AUTOINCREMENT, "uuid" char(32) NOT NULL UNIQUE, "is_del" bool NOT NULL, "is_active" bool NOT NULL, "updated" datetime NULL, "created" datetime NULL, "uid" varchar(255) NOT NULL, "name" varchar(255) NOT NULL, "remark" text NOT NULL, "editable" bool NOT NULL, "allow_any_user" bool NOT NULL, "index" varchar(512) NULL, "logo" text NULL);
INSERT INTO "oneid_meta_app" VALUES(1,'391653158b5648e785266ea5a0d24667',0,1,'2019-11-16 11:35:30.491143','2019-11-16 11:35:30.491172','oneid','OneID','',0,0,'','');
INSERT INTO "oneid_meta_app" VALUES(5,'e4495821d62b40e4a0b8090efc4341fa',0,1,'2019-11-16 10:11:16.111453','2019-11-16 10:11:16.111581','yingyongyi','应用一','',1,0,'','');
INSERT INTO "oneid_meta_app" VALUES(6,'c627fa7c19a34231b5cbff663fc91543',0,1,'2019-11-16 10:11:32.627193','2019-11-16 10:11:32.627220','yingyonger','应用二','',1,0,'','');
INSERT INTO "oneid_meta_app" VALUES(7,'b023f03a64c94f53b91d164aa9f8dbd6',0,1,'2019-11-16 10:11:37.901961','2019-11-16 10:11:37.902011','yingyongsan','应用三','',1,0,'','');
INSERT INTO "oneid_meta_app" VALUES(8,'40ba751b57ec42d1a8fa3cc0bdc39ece',0,1,'2019-11-16 10:11:43.653452','2019-11-16 10:11:43.653481','yingyongsi','应用四','',1,0,'','');
INSERT INTO "oneid_meta_app" VALUES(9,'206e49ca55c349ab8021f63eb8dccc93',0,1,'2019-11-16 10:11:51.616054','2019-11-16 10:11:51.616111','yingyongwu','应用五','',1,0,'','');
INSERT INTO "oneid_meta_app" VALUES(10,'b37e682548a84343ab25528ea633d2d7',0,1,'2019-11-16 10:36:53.305259','2019-11-16 10:36:53.305293','yingyongliu','应用六','',1,0,'','');
INSERT INTO "oneid_meta_app" VALUES(11,'02dce153198847128dae5fcb4006d27d',0,1,'2019-11-16 10:36:59.319646','2019-11-16 10:36:59.319673','yingyongqi','应用七','',1,0,'','');
INSERT INTO "oneid_meta_app" VALUES(12,'e898e7eb5a3a47de8af51d37039201ab',0,1,'2019-11-16 10:37:06.194044','2019-11-16 10:37:06.194073','yingyongba','应用八','',1,0,'','');
INSERT INTO "oneid_meta_app" VALUES(13,'e238f25cf92e49a7b1e26b7f7cd86f71',0,1,'2019-11-16 10:37:13.316345','2019-11-16 10:37:13.316372','yingyongjiu','应用九','',1,0,'','');
INSERT INTO "oneid_meta_app" VALUES(14,'c4412876332b42e8904149538fbb2543',0,1,'2019-11-16 10:37:18.749310','2019-11-16 10:37:18.749337','yingyongshi','应用十','',1,0,'','');
CREATE TABLE "oneid_meta_companyconfig" ("id" integer NOT NULL PRIMARY KEY AUTOINCREMENT, "uuid" char(32) NOT NULL UNIQUE, "is_del" bool NOT NULL, "is_active" bool NOT NULL, "updated" datetime NULL, "created" datetime NULL, "name_cn" varchar(255) NOT NULL, "fullname_cn" varchar(255) NOT NULL, "name_en" varchar(255) NOT NULL, "fullname_en" varchar(255) NOT NULL, "icon" varchar(1024) NOT NULL, "address" varchar(255) NOT NULL, "domain" varchar(255) NOT NULL, "site_id" integer NOT NULL UNIQUE REFERENCES "django_site" ("id") DEFERRABLE INITIALLY DEFERRED, "color" varchar(256) NOT NULL);
INSERT INTO "oneid_meta_companyconfig" VALUES(1,'6df851c11f874bbd8acf175214019dff',0,1,'2019-11-16 11:35:30.662171','2019-11-16 11:35:30.662195','','','','','','','',1,'');
CREATE TABLE "oneid_meta_customfield" ("id" integer NOT NULL PRIMARY KEY AUTOINCREMENT, "uuid" char(32) NOT NULL UNIQUE, "is_del" bool NOT NULL, "is_active" bool NOT NULL, "updated" datetime NULL, "created" datetime NULL, "name" varchar(128) NOT NULL, "schema" text NOT NULL, "is_visible" bool NOT NULL, "subject" varchar(128) NOT NULL);
CREATE TABLE "oneid_meta_customuser" ("id" integer NOT NULL PRIMARY KEY AUTOINCREMENT, "uuid" char(32) NOT NULL UNIQUE, "is_del" bool NOT NULL, "is_active" bool NOT NULL, "updated" datetime NULL, "created" datetime NULL, "data" text NOT NULL, "user_id" integer NOT NULL UNIQUE REFERENCES "oneid_meta_user" ("id") DEFERRABLE INITIALLY DEFERRED);
CREATE TABLE "oneid_meta_dept" ("id" integer NOT NULL PRIMARY KEY AUTOINCREMENT, "uuid" char(32) NOT NULL UNIQUE, "is_del" bool NOT NULL, "is_active" bool NOT NULL, "updated" datetime NULL, "created" datetime NULL, "uid" varchar(255) NOT NULL, "name" varchar(255) NOT NULL, "remark" text NOT NULL, "order_no" integer NOT NULL, "node_scope" text NOT NULL, "user_scope" text NOT NULL, "visibility" integer NOT NULL, "parent_id" integer NULL REFERENCES "oneid_meta_dept" ("id") DEFERRABLE INITIALLY DEFERRED);
INSERT INTO "oneid_meta_dept" VALUES(1,'afe256171e6e48b1aef1d6f2496ccf84',0,1,'2019-11-16 11:35:32.810332','2019-11-16 11:35:29.385930','root','部门','所有顶级的部门的父级，可视为整个公司。请勿修改',0,'[]','[]',1,NULL);
INSERT INTO "oneid_meta_dept" VALUES(2,'d6a1146020d94439980dd7d3c374b44a',0,1,'2019-11-16 09:46:20.909245','2019-11-16 09:46:20.901305','bumenyi','部门一（所有可见）','',7,'[]','[]',1,1);
INSERT INTO "oneid_meta_dept" VALUES(3,'f2e768171b774d2da8a7cc5779a7326a',0,1,'2019-11-16 09:46:33.776286','2019-11-16 09:46:33.771754','bumener','部门二（组内可见下属不可见）','',8,'[]','[]',2,1);
INSERT INTO "oneid_meta_dept" VALUES(4,'70c3a537a5c74f5ea04ab17f342bf400',0,1,'2019-11-16 09:46:54.795461','2019-11-16 09:46:54.787403','bumensan','部门三（组内成员及下属分组可见）','',9,'[]','[]',3,1);
INSERT INTO "oneid_meta_dept" VALUES(5,'fb77c04aa7be4ca8bb2c3d73357df0c8',0,1,'2019-11-16 09:48:52.402955','2019-11-16 09:48:52.397918','bumensisuoyourenbukejian','部门四（所有人不可见）','',10,'[]','[]',5,1);
INSERT INTO "oneid_meta_dept" VALUES(6,'cd83bb2ec92443c4aacd2caa20edc5ce',0,1,'2019-11-16 09:49:31.061620','2019-11-16 09:49:31.057041','bumenwubufenrenkejian','部门五（部分人可见）','',11,'[]','[]',4,1);
INSERT INTO "oneid_meta_dept" VALUES(7,'b503a346be4d4854a8125b1a4d045162',0,1,'2019-11-16 09:50:21.302269','2019-11-16 09:50:21.289583','bumenyiyi','部门一（一）','',0,'[]','[]',1,2);
INSERT INTO "oneid_meta_dept" VALUES(8,'25a0125a8bcd4e4ea7474dc0b7c84aeb',0,1,'2019-11-16 09:50:49.446972','2019-11-16 09:50:49.443991','bumenyier','部门一（二）','',1,'[]','[]',2,2);
INSERT INTO "oneid_meta_dept" VALUES(9,'a1890ba0223c42df8e930ddf6a753acb',0,1,'2019-11-16 09:51:01.681066','2019-11-16 09:51:01.676146','bumenyisan','部门一（三）','',2,'[]','[]',3,2);
INSERT INTO "oneid_meta_dept" VALUES(10,'0c721c7f78174b1e8919189b7042e493',0,1,'2019-11-16 09:51:11.817294','2019-11-16 09:51:11.813012','bumenyisi','部门一（四）','',3,'[]','[]',5,2);
INSERT INTO "oneid_meta_dept" VALUES(11,'b0d4a9a5f2cf4820b76c54f887abcd81',0,1,'2019-11-16 09:51:21.655231','2019-11-16 09:51:21.647212','bumenyiwu','部门一（五）','',4,'[]','[]',4,2);
INSERT INTO "oneid_meta_dept" VALUES(12,'63a33b89a7fa48b9bf43dd87abb196a5',0,1,'2019-11-16 09:51:35.502390','2019-11-16 09:51:35.496278','bumeneryi','部门二（一）','',0,'[]','[]',1,3);
INSERT INTO "oneid_meta_dept" VALUES(13,'9ed667ffd230406b9c1a9da47770d6d3',0,1,'2019-11-16 09:51:44.954357','2019-11-16 09:51:44.946395','bumenerer','部门二（二）','',1,'[]','[]',2,3);
INSERT INTO "oneid_meta_dept" VALUES(14,'b37420c9226645f6bf8a4a8ba569f63b',0,1,'2019-11-16 09:51:55.226276','2019-11-16 09:51:55.218036','bumenersan','部门二（三）','',2,'[]','[]',3,3);
INSERT INTO "oneid_meta_dept" VALUES(15,'519d7484154f499494030c105ad6dd85',0,1,'2019-11-16 09:52:07.241354','2019-11-16 09:52:07.232574','bumenersi','部门二（四）','',3,'[]','[]',5,3);
INSERT INTO "oneid_meta_dept" VALUES(16,'30c037b3ca6946388639d9dda3b42a6c',0,1,'2019-11-16 09:52:19.818882','2019-11-16 09:52:19.810767','bumenerwu','部门二（五）','',4,'[]','[]',4,3);
INSERT INTO "oneid_meta_dept" VALUES(17,'d8bcf3b600244a7baa1620c9b51194c0',0,1,'2019-11-16 10:03:28.514589','2019-11-16 10:03:28.505517','bumensanyi','部门三（一）','',0,'[]','[]',1,4);
INSERT INTO "oneid_meta_dept" VALUES(18,'dc5ac62d882b4624a9df31981a388995',0,1,'2019-11-16 10:03:39.672635','2019-11-16 10:03:39.663841','bumensiyi','部门四（一）','',0,'[]','[]',1,5);
INSERT INTO "oneid_meta_dept" VALUES(19,'5904f6988df5429d9fc3973920f33f93',0,1,'2019-11-16 10:03:52.519549','2019-11-16 10:03:52.510065','bumenwuyi','部门五（一）','',0,'[]','[]',1,6);
CREATE TABLE "oneid_meta_deptmember" ("id" integer NOT NULL PRIMARY KEY AUTOINCREMENT, "uuid" char(32) NOT NULL UNIQUE, "is_del" bool NOT NULL, "is_active" bool NOT NULL, "updated" datetime NULL, "created" datetime NULL, "owner_id" integer NOT NULL REFERENCES "oneid_meta_dept" ("id") DEFERRABLE INITIALLY DEFERRED, "user_id" integer NOT NULL REFERENCES "oneid_meta_user" ("id") DEFERRABLE INITIALLY DEFERRED, "order_no" integer NOT NULL);
INSERT INTO "oneid_meta_deptmember" VALUES(1,'7122b8ea60514db99b69e4c157022805',0,1,'2019-11-16 10:13:51.043315','2019-11-16 10:13:51.043345',2,4,0);
INSERT INTO "oneid_meta_deptmember" VALUES(2,'7f092a1c1e174e25a9e3d38769ef3b52',0,1,'2019-11-16 10:14:05.433056','2019-11-16 10:14:05.433087',3,5,0);
INSERT INTO "oneid_meta_deptmember" VALUES(3,'078da6196c8b4a1b9074813e21686420',0,1,'2019-11-16 10:14:18.311593','2019-11-16 10:14:18.311622',4,6,0);
INSERT INTO "oneid_meta_deptmember" VALUES(4,'502ada72fd204feeac65f0effd8613e4',0,1,'2019-11-16 10:14:29.574559','2019-11-16 10:14:29.574587',5,7,0);
INSERT INTO "oneid_meta_deptmember" VALUES(5,'754b76a9b48141e698d5d783a5a245cd',0,1,'2019-11-16 10:14:40.986331','2019-11-16 10:14:40.986356',6,8,0);
INSERT INTO "oneid_meta_deptmember" VALUES(6,'447f70c5d4474767a16eb2625307912d',0,1,'2019-11-16 10:28:34.327169','2019-11-16 10:28:34.327197',7,9,0);
INSERT INTO "oneid_meta_deptmember" VALUES(7,'e439ca318ec14d4a8781f1104cadbfae',0,1,'2019-11-16 10:31:38.508640','2019-11-16 10:31:38.508663',8,10,0);
INSERT INTO "oneid_meta_deptmember" VALUES(8,'57d1b358ec2b48fcb84ac6f55fc49973',0,1,'2019-11-16 10:31:55.522789','2019-11-16 10:31:55.522819',9,11,0);
INSERT INTO "oneid_meta_deptmember" VALUES(9,'1f4b15131e934822a91651b0d0fab0f2',0,1,'2019-11-16 10:32:10.679779','2019-11-16 10:32:10.679806',10,12,0);
INSERT INTO "oneid_meta_deptmember" VALUES(10,'ae6c6747d96c41aeb2b2fba46ffe2921',0,1,'2019-11-16 10:33:09.081659','2019-11-16 10:33:09.081688',11,13,0);
CREATE TABLE "oneid_meta_deptperm" ("id" integer NOT NULL PRIMARY KEY AUTOINCREMENT, "uuid" char(32) NOT NULL UNIQUE, "is_del" bool NOT NULL, "is_active" bool NOT NULL, "updated" datetime NULL, "created" datetime NULL, "status" integer NOT NULL, "value" bool NOT NULL, "perm_id" integer NOT NULL REFERENCES "oneid_meta_perm" ("id") DEFERRABLE INITIALLY DEFERRED, "owner_id" integer NOT NULL REFERENCES "oneid_meta_dept" ("id") DEFERRABLE INITIALLY DEFERRED);
INSERT INTO "oneid_meta_deptperm" VALUES(1,'9c05ec5f96714f37bbc88af97c2d11cf',0,1,'2019-11-16 09:46:20.912525','2019-11-16 09:46:20.912549',0,0,1,2);
INSERT INTO "oneid_meta_deptperm" VALUES(2,'51564ef0b4464c0687ad35db5b59104e',0,1,'2019-11-16 09:46:20.914255','2019-11-16 09:46:20.914294',0,0,2,2);
INSERT INTO "oneid_meta_deptperm" VALUES(3,'a2914d7ba974496fa776743d4a9a6ef7',0,1,'2019-11-16 09:46:20.916014','2019-11-16 09:46:20.916062',0,0,3,2);
INSERT INTO "oneid_meta_deptperm" VALUES(4,'47077e87d982463ba469f84a4afb2313',0,1,'2019-11-16 09:46:20.917837','2019-11-16 09:46:20.917878',0,0,4,2);
INSERT INTO "oneid_meta_deptperm" VALUES(5,'6a4c9ae53f304c798b9c476e18161ef1',0,1,'2019-11-16 09:46:20.919221','2019-11-16 09:46:20.919245',0,0,5,2);
INSERT INTO "oneid_meta_deptperm" VALUES(6,'d1af3b02ef0f4773ab8ddc2948700e09',0,1,'2019-11-16 09:46:20.920666','2019-11-16 09:46:20.920710',0,0,6,2);
INSERT INTO "oneid_meta_deptperm" VALUES(7,'ab73747ccd904ee48d7f1830d25c89de',0,1,'2019-11-16 09:46:20.922886','2019-11-16 09:46:20.922915',0,0,7,2);
INSERT INTO "oneid_meta_deptperm" VALUES(8,'ec7fcf96f2044ac8a31b31a0678c8d7a',0,1,'2019-11-16 09:46:20.924649','2019-11-16 09:46:20.924679',0,0,8,2);
INSERT INTO "oneid_meta_deptperm" VALUES(9,'977312d6652b4c609c7e42f0b68e6ff7',0,1,'2019-11-16 09:46:20.926015','2019-11-16 09:46:20.926039',0,0,9,2);
INSERT INTO "oneid_meta_deptperm" VALUES(10,'8a6118bd6cca4b31ba8905296cbb7e9b',0,1,'2019-11-16 09:46:20.927338','2019-11-16 09:46:20.927363',0,0,10,2);
INSERT INTO "oneid_meta_deptperm" VALUES(11,'efff6515e6b0452daf6f6e7df9ee84a6',0,1,'2019-11-16 09:46:33.779079','2019-11-16 09:46:33.779100',0,0,1,3);
INSERT INTO "oneid_meta_deptperm" VALUES(12,'33a61d68df064f68989bec9892565bdb',0,1,'2019-11-16 09:46:33.780551','2019-11-16 09:46:33.780574',0,0,2,3);
INSERT INTO "oneid_meta_deptperm" VALUES(13,'4b311c8897b74c50be0b3137e9df4463',0,1,'2019-11-16 09:46:33.781914','2019-11-16 09:46:33.781936',0,0,3,3);
INSERT INTO "oneid_meta_deptperm" VALUES(14,'daed05dece6243f09ecab85cef9c309c',0,1,'2019-11-16 09:46:33.783828','2019-11-16 09:46:33.783862',0,0,4,3);
INSERT INTO "oneid_meta_deptperm" VALUES(15,'f1508f9e8d6f4acb88c574e29291e2de',0,1,'2019-11-16 09:46:33.785588','2019-11-16 09:46:33.785618',0,0,5,3);
INSERT INTO "oneid_meta_deptperm" VALUES(16,'86f93f2fc51647a5af856eaf1901da9c',0,1,'2019-11-16 09:46:33.787318','2019-11-16 09:46:33.787345',0,0,6,3);
INSERT INTO "oneid_meta_deptperm" VALUES(17,'02443547c2eb4933b4c5eb1868739848',0,1,'2019-11-16 09:46:33.789066','2019-11-16 09:46:33.789092',0,0,7,3);
INSERT INTO "oneid_meta_deptperm" VALUES(18,'e55a639489054e22b814f03c39e37c6c',0,1,'2019-11-16 09:46:33.790429','2019-11-16 09:46:33.790452',0,0,8,3);
INSERT INTO "oneid_meta_deptperm" VALUES(19,'6bc53b0c54104d70958906963f62754b',0,1,'2019-11-16 09:46:33.792117','2019-11-16 09:46:33.792142',0,0,9,3);
INSERT INTO "oneid_meta_deptperm" VALUES(20,'e21ff5e6f29d4962b402a1c86b4d659b',0,1,'2019-11-16 09:46:33.793732','2019-11-16 09:46:33.793757',0,0,10,3);
INSERT INTO "oneid_meta_deptperm" VALUES(21,'f1de2d3a15a3406684ca2acdc8802bb2',0,1,'2019-11-16 09:46:54.799231','2019-11-16 09:46:54.799264',0,0,1,4);
INSERT INTO "oneid_meta_deptperm" VALUES(22,'dfa57350653a4ca5bcc445f55bea503d',0,1,'2019-11-16 09:46:54.801112','2019-11-16 09:46:54.801140',0,0,2,4);
INSERT INTO "oneid_meta_deptperm" VALUES(23,'f2a2bcbd4ae844fda2846089eb28f19f',0,1,'2019-11-16 09:46:54.802957','2019-11-16 09:46:54.802989',0,0,3,4);
INSERT INTO "oneid_meta_deptperm" VALUES(24,'7146e4b49ed74fcea85e43330c155b45',0,1,'2019-11-16 09:46:54.805506','2019-11-16 09:46:54.805543',0,0,4,4);
INSERT INTO "oneid_meta_deptperm" VALUES(25,'d57efc0353a5438a95eeba30bb8f7c63',0,1,'2019-11-16 09:46:54.807374','2019-11-16 09:46:54.807404',0,0,5,4);
INSERT INTO "oneid_meta_deptperm" VALUES(26,'c3db933e981e4ddab377b6cc6143071d',0,1,'2019-11-16 09:46:54.808661','2019-11-16 09:46:54.808683',0,0,6,4);
INSERT INTO "oneid_meta_deptperm" VALUES(27,'61b7abf97d464b49ac5b9ef432a87646',0,1,'2019-11-16 09:46:54.810156','2019-11-16 09:46:54.810179',0,0,7,4);
INSERT INTO "oneid_meta_deptperm" VALUES(28,'9310d59599de480e8b4a2f01c1d0a5e1',0,1,'2019-11-16 09:46:54.811606','2019-11-16 09:46:54.811631',0,0,8,4);
INSERT INTO "oneid_meta_deptperm" VALUES(29,'8869f68b06fb4cbd80ca4123e1af4fff',0,1,'2019-11-16 09:46:54.813099','2019-11-16 09:46:54.813122',0,0,9,4);
INSERT INTO "oneid_meta_deptperm" VALUES(30,'08799ad0eb4f4daab75dce1dbe77cda5',0,1,'2019-11-16 09:46:54.815011','2019-11-16 09:46:54.815042',0,0,10,4);
INSERT INTO "oneid_meta_deptperm" VALUES(31,'9f5045844f82496eb7c44521da9a3926',0,1,'2019-11-16 09:48:52.405892','2019-11-16 09:48:52.405915',0,0,1,5);
INSERT INTO "oneid_meta_deptperm" VALUES(32,'c7387100f2b443d1b8e3174063f3296f',0,1,'2019-11-16 09:48:52.407426','2019-11-16 09:48:52.407448',0,0,2,5);
INSERT INTO "oneid_meta_deptperm" VALUES(33,'a6be6791faf8492b80b9ccdcb516a7d6',0,1,'2019-11-16 09:48:52.408890','2019-11-16 09:48:52.408914',0,0,3,5);
INSERT INTO "oneid_meta_deptperm" VALUES(34,'b3c1b0ee8ba349179b7f799d733c5686',0,1,'2019-11-16 09:48:52.410847','2019-11-16 09:48:52.410875',0,0,4,5);
INSERT INTO "oneid_meta_deptperm" VALUES(35,'5e5ead8f26f54619981d54a2ea162d9d',0,1,'2019-11-16 09:48:52.412658','2019-11-16 09:48:52.412730',0,0,5,5);
INSERT INTO "oneid_meta_deptperm" VALUES(36,'697fb3f57b5f495d9a8fab56259b23a3',0,1,'2019-11-16 09:48:52.415276','2019-11-16 09:48:52.415308',0,0,6,5);
INSERT INTO "oneid_meta_deptperm" VALUES(37,'5a661abc04324e8fba7d9e5169f063ab',0,1,'2019-11-16 09:48:52.417525','2019-11-16 09:48:52.417569',0,0,7,5);
INSERT INTO "oneid_meta_deptperm" VALUES(38,'8ac5c512fb0442f78cb66391095299c2',0,1,'2019-11-16 09:48:52.419498','2019-11-16 09:48:52.419543',0,0,8,5);
INSERT INTO "oneid_meta_deptperm" VALUES(39,'9b959583ca1f44d6b10ffac59ac4c41d',0,1,'2019-11-16 09:48:52.420903','2019-11-16 09:48:52.420926',0,0,9,5);
INSERT INTO "oneid_meta_deptperm" VALUES(40,'2b2326d11cc14cd49fd26969f9aba0b7',0,1,'2019-11-16 09:48:52.422234','2019-11-16 09:48:52.422255',0,0,10,5);
INSERT INTO "oneid_meta_deptperm" VALUES(41,'56b71564da8944d2b1ae959b653e5683',0,1,'2019-11-16 09:49:31.065672','2019-11-16 09:49:31.065743',0,0,1,6);
INSERT INTO "oneid_meta_deptperm" VALUES(42,'9cd133c62aac472ba2de4499883f388d',0,1,'2019-11-16 09:49:31.067987','2019-11-16 09:49:31.068016',0,0,2,6);
INSERT INTO "oneid_meta_deptperm" VALUES(43,'8029da6cf090450faf61b84958d4c47a',0,1,'2019-11-16 09:49:31.069661','2019-11-16 09:49:31.069689',0,0,3,6);
INSERT INTO "oneid_meta_deptperm" VALUES(44,'e741b0468bd34531a9f095c2e28acc00',0,1,'2019-11-16 09:49:31.071427','2019-11-16 09:49:31.071468',0,0,4,6);
INSERT INTO "oneid_meta_deptperm" VALUES(45,'43289676761743c4adb0c89811557654',0,1,'2019-11-16 09:49:31.073381','2019-11-16 09:49:31.073408',0,0,5,6);
INSERT INTO "oneid_meta_deptperm" VALUES(46,'9dcdb4dff46149879c0bf7b07864fd0b',0,1,'2019-11-16 09:49:31.074925','2019-11-16 09:49:31.074949',0,0,6,6);
INSERT INTO "oneid_meta_deptperm" VALUES(47,'b94fb81a60aa422f8ad164f67cdf9ace',0,1,'2019-11-16 09:49:31.076221','2019-11-16 09:49:31.076244',0,0,7,6);
INSERT INTO "oneid_meta_deptperm" VALUES(48,'f25dc201453549d288a8ddd1c92bc7ea',0,1,'2019-11-16 09:49:31.077634','2019-11-16 09:49:31.077658',0,0,8,6);
INSERT INTO "oneid_meta_deptperm" VALUES(49,'c131cc5e0eb149459f713e5c4c27f391',0,1,'2019-11-16 09:49:31.079262','2019-11-16 09:49:31.079318',0,0,9,6);
INSERT INTO "oneid_meta_deptperm" VALUES(50,'1a298cf0906c412782a3346926682467',0,1,'2019-11-16 09:49:31.081261','2019-11-16 09:49:31.081290',0,0,10,6);
INSERT INTO "oneid_meta_deptperm" VALUES(51,'ea61f1d61cb94d5e93f7504058e170ab',0,1,'2019-11-16 09:50:21.306734','2019-11-16 09:50:21.306763',0,0,1,7);
INSERT INTO "oneid_meta_deptperm" VALUES(52,'f7c7a84af6694be6a9cdffa1f232097d',0,1,'2019-11-16 09:50:21.308212','2019-11-16 09:50:21.308235',0,0,2,7);
INSERT INTO "oneid_meta_deptperm" VALUES(53,'9d0867aa531242f0ba4ee2d283f92c92',0,1,'2019-11-16 09:50:21.309557','2019-11-16 09:50:21.309578',0,0,3,7);
INSERT INTO "oneid_meta_deptperm" VALUES(54,'a1f2caf6d46549f991a81c63261fc79a',0,1,'2019-11-16 09:50:21.310792','2019-11-16 09:50:21.310814',0,0,4,7);
INSERT INTO "oneid_meta_deptperm" VALUES(55,'cc172662e05d4b21aea8af1265e5ad6d',0,1,'2019-11-16 09:50:21.312056','2019-11-16 09:50:21.312078',0,0,5,7);
INSERT INTO "oneid_meta_deptperm" VALUES(56,'9dc9ad6b8ce84c2e92c123379115e35e',0,1,'2019-11-16 09:50:21.313591','2019-11-16 09:50:21.313619',0,0,6,7);
INSERT INTO "oneid_meta_deptperm" VALUES(57,'c33f879f8332402a812a90d0e5ed021d',0,1,'2019-11-16 09:50:21.315469','2019-11-16 09:50:21.315549',0,0,7,7);
INSERT INTO "oneid_meta_deptperm" VALUES(58,'b9aff87970124e34a8d93fc8e145d90d',0,1,'2019-11-16 09:50:21.317467','2019-11-16 09:50:21.317531',0,0,8,7);
INSERT INTO "oneid_meta_deptperm" VALUES(59,'2a51f00fb8ce4c6ca98135b6fa7fa6c0',0,1,'2019-11-16 09:50:21.318888','2019-11-16 09:50:21.318912',0,0,9,7);
INSERT INTO "oneid_meta_deptperm" VALUES(60,'813b3610a7aa48d9a940d9d6dd5c58d7',0,1,'2019-11-16 09:50:21.320448','2019-11-16 09:50:21.320501',0,0,10,7);
INSERT INTO "oneid_meta_deptperm" VALUES(61,'646e3eef445d4184997a518068e1be8a',0,1,'2019-11-16 09:50:49.451333','2019-11-16 09:50:49.451423',0,0,1,8);
INSERT INTO "oneid_meta_deptperm" VALUES(62,'0b6d0fcf7ca9412087bccf6459d5c813',0,1,'2019-11-16 09:50:49.453932','2019-11-16 09:50:49.453962',0,0,2,8);
INSERT INTO "oneid_meta_deptperm" VALUES(63,'c640ba74147c4043ba7336a876bcefb3',0,1,'2019-11-16 09:50:49.455900','2019-11-16 09:50:49.455928',0,0,3,8);
INSERT INTO "oneid_meta_deptperm" VALUES(64,'a94c33d818a24cb0969f811967f02284',0,1,'2019-11-16 09:50:49.457183','2019-11-16 09:50:49.457206',0,0,4,8);
INSERT INTO "oneid_meta_deptperm" VALUES(65,'e5725be2c8c749d8bc85ebdd43b7740f',0,1,'2019-11-16 09:50:49.458395','2019-11-16 09:50:49.458416',0,0,5,8);
INSERT INTO "oneid_meta_deptperm" VALUES(66,'a0027b48007e47aa9861c7e64e15af7e',0,1,'2019-11-16 09:50:49.459610','2019-11-16 09:50:49.459632',0,0,6,8);
INSERT INTO "oneid_meta_deptperm" VALUES(67,'914d2d41f9ed4e4ca282e8e10c84f0db',0,1,'2019-11-16 09:50:49.460945','2019-11-16 09:50:49.460967',0,0,7,8);
INSERT INTO "oneid_meta_deptperm" VALUES(68,'d6ad65b4a9374d95be0284669fde2160',0,1,'2019-11-16 09:50:49.462423','2019-11-16 09:50:49.462446',0,0,8,8);
INSERT INTO "oneid_meta_deptperm" VALUES(69,'e9d3519c1f244bc5a417c6e45addd4bf',0,1,'2019-11-16 09:50:49.463624','2019-11-16 09:50:49.463647',0,0,9,8);
INSERT INTO "oneid_meta_deptperm" VALUES(70,'9ddea947e1894a3b915348971eaf3acb',0,1,'2019-11-16 09:50:49.464833','2019-11-16 09:50:49.464856',0,0,10,8);
INSERT INTO "oneid_meta_deptperm" VALUES(71,'e3f326938a3240eda067bb3a1a9c3e5d',0,1,'2019-11-16 09:51:01.684196','2019-11-16 09:51:01.684221',0,0,1,9);
INSERT INTO "oneid_meta_deptperm" VALUES(72,'b8a1ce89eed542e7a4005acc052d431f',0,1,'2019-11-16 09:51:01.685661','2019-11-16 09:51:01.685697',0,0,2,9);
INSERT INTO "oneid_meta_deptperm" VALUES(73,'03b1cc53bcb44262b4ee036716b196ec',0,1,'2019-11-16 09:51:01.687224','2019-11-16 09:51:01.687266',0,0,3,9);
INSERT INTO "oneid_meta_deptperm" VALUES(74,'6060dd3ad1be48cfa984e5b79fa5626e',0,1,'2019-11-16 09:51:01.688688','2019-11-16 09:51:01.688716',0,0,4,9);
INSERT INTO "oneid_meta_deptperm" VALUES(75,'896e319f6a0445c3a20d061dbb2fc221',0,1,'2019-11-16 09:51:01.690184','2019-11-16 09:51:01.690208',0,0,5,9);
INSERT INTO "oneid_meta_deptperm" VALUES(76,'f8f58a51b48c47c395333bf00e428e2e',0,1,'2019-11-16 09:51:01.691484','2019-11-16 09:51:01.691506',0,0,6,9);
INSERT INTO "oneid_meta_deptperm" VALUES(77,'d3c97a9822f947bab983b5c271d59f5d',0,1,'2019-11-16 09:51:01.692785','2019-11-16 09:51:01.692811',0,0,7,9);
INSERT INTO "oneid_meta_deptperm" VALUES(78,'9ef3a9a9512f4b1b9269428ab2090553',0,1,'2019-11-16 09:51:01.695026','2019-11-16 09:51:01.695071',0,0,8,9);
INSERT INTO "oneid_meta_deptperm" VALUES(79,'5a65e5c6154744059c8886010541ee5e',0,1,'2019-11-16 09:51:01.696972','2019-11-16 09:51:01.697015',0,0,9,9);
INSERT INTO "oneid_meta_deptperm" VALUES(80,'0698a1d5fcac4fd387e768cad3bf8279',0,1,'2019-11-16 09:51:01.698410','2019-11-16 09:51:01.698433',0,0,10,9);
INSERT INTO "oneid_meta_deptperm" VALUES(81,'5e6dd50f683f4be9800f4f59c9219aa1',0,1,'2019-11-16 09:51:11.821550','2019-11-16 09:51:11.821576',0,0,1,10);
INSERT INTO "oneid_meta_deptperm" VALUES(82,'82ddd7613c2046678b473af6a7e141ea',0,1,'2019-11-16 09:51:11.823300','2019-11-16 09:51:11.823326',0,0,2,10);
INSERT INTO "oneid_meta_deptperm" VALUES(83,'c322c2ec76b34f37a72cd59bb16640bc',0,1,'2019-11-16 09:51:11.824745','2019-11-16 09:51:11.824772',0,0,3,10);
INSERT INTO "oneid_meta_deptperm" VALUES(84,'fbaed597bbb74de2835152fc3137b99a',0,1,'2019-11-16 09:51:11.826309','2019-11-16 09:51:11.826335',0,0,4,10);
INSERT INTO "oneid_meta_deptperm" VALUES(85,'7e95ce8437a0450c839e0dc9b2be7a5a',0,1,'2019-11-16 09:51:11.827909','2019-11-16 09:51:11.827943',0,0,5,10);
INSERT INTO "oneid_meta_deptperm" VALUES(86,'8def2315e4864b209d38078cd64542cb',0,1,'2019-11-16 09:51:11.830246','2019-11-16 09:51:11.830277',0,0,6,10);
INSERT INTO "oneid_meta_deptperm" VALUES(87,'d1a03db7e3be4cad9b70e4af38a00f56',0,1,'2019-11-16 09:51:11.832572','2019-11-16 09:51:11.832604',0,0,7,10);
INSERT INTO "oneid_meta_deptperm" VALUES(88,'8be97a5afd98472abbcdc1504b732739',0,1,'2019-11-16 09:51:11.834802','2019-11-16 09:51:11.834836',0,0,8,10);
INSERT INTO "oneid_meta_deptperm" VALUES(89,'c97ad11e54af497fad8200d34f53877e',0,1,'2019-11-16 09:51:11.836702','2019-11-16 09:51:11.836732',0,0,9,10);
INSERT INTO "oneid_meta_deptperm" VALUES(90,'6dfd7ff369a746bb9f8917e5973f7177',0,1,'2019-11-16 09:51:11.838134','2019-11-16 09:51:11.838157',0,0,10,10);
INSERT INTO "oneid_meta_deptperm" VALUES(91,'7ec6ab8df07d4c14866c32e6a159a7fb',0,1,'2019-11-16 09:51:21.658411','2019-11-16 09:51:21.658443',0,0,1,11);
INSERT INTO "oneid_meta_deptperm" VALUES(92,'048ba509cfc04b84b9c6149684539779',0,1,'2019-11-16 09:51:21.660385','2019-11-16 09:51:21.660414',0,0,2,11);
INSERT INTO "oneid_meta_deptperm" VALUES(93,'48f9ef81651e4a9b80e64bffee63d5c4',0,1,'2019-11-16 09:51:21.662177','2019-11-16 09:51:21.662206',0,0,3,11);
INSERT INTO "oneid_meta_deptperm" VALUES(94,'ab2dc88f4829442789a0c47a3d711d37',0,1,'2019-11-16 09:51:21.663803','2019-11-16 09:51:21.663852',0,0,4,11);
INSERT INTO "oneid_meta_deptperm" VALUES(95,'9f3a2496620b4563828c1e878aa66a73',0,1,'2019-11-16 09:51:21.666469','2019-11-16 09:51:21.666499',0,0,5,11);
INSERT INTO "oneid_meta_deptperm" VALUES(96,'533f7d168f1240b99e57e8ab478483a2',0,1,'2019-11-16 09:51:21.667944','2019-11-16 09:51:21.667966',0,0,6,11);
INSERT INTO "oneid_meta_deptperm" VALUES(97,'9250c678323645d2898997f452603785',0,1,'2019-11-16 09:51:21.669382','2019-11-16 09:51:21.669405',0,0,7,11);
INSERT INTO "oneid_meta_deptperm" VALUES(98,'6fbc131a28aa44a1a36064a64c1bc4e0',0,1,'2019-11-16 09:51:21.670665','2019-11-16 09:51:21.670687',0,0,8,11);
INSERT INTO "oneid_meta_deptperm" VALUES(99,'cbcff1f4f9d24b8f8a587a531493142e',0,1,'2019-11-16 09:51:21.671920','2019-11-16 09:51:21.671941',0,0,9,11);
INSERT INTO "oneid_meta_deptperm" VALUES(100,'5462ad9232f74f99bf16356254491cfc',0,1,'2019-11-16 09:51:21.673189','2019-11-16 09:51:21.673210',0,0,10,11);
INSERT INTO "oneid_meta_deptperm" VALUES(101,'e8fde619a03a4a42b8f591be7f44daf1',0,1,'2019-11-16 09:51:35.505977','2019-11-16 09:51:35.506003',0,0,1,12);
INSERT INTO "oneid_meta_deptperm" VALUES(102,'c2c8ff0e62404f119a7ca9353b55e877',0,1,'2019-11-16 09:51:35.507571','2019-11-16 09:51:35.507597',0,0,2,12);
INSERT INTO "oneid_meta_deptperm" VALUES(103,'2aa77c03966b4724908a9b829ef3cda6',0,1,'2019-11-16 09:51:35.509168','2019-11-16 09:51:35.509209',0,0,3,12);
INSERT INTO "oneid_meta_deptperm" VALUES(104,'91a9b38b04aa4140b160dd62629a831e',0,1,'2019-11-16 09:51:35.511416','2019-11-16 09:51:35.511481',0,0,4,12);
INSERT INTO "oneid_meta_deptperm" VALUES(105,'20e388d936bc4373812dff80f46f2028',0,1,'2019-11-16 09:51:35.513832','2019-11-16 09:51:35.513862',0,0,5,12);
INSERT INTO "oneid_meta_deptperm" VALUES(106,'754dfd3e9b094c29ae3063fee497ec7a',0,1,'2019-11-16 09:51:35.515214','2019-11-16 09:51:35.515238',0,0,6,12);
INSERT INTO "oneid_meta_deptperm" VALUES(107,'03f413e4167b49c88716be864c5e1691',0,1,'2019-11-16 09:51:35.517042','2019-11-16 09:51:35.517089',0,0,7,12);
INSERT INTO "oneid_meta_deptperm" VALUES(108,'6f420047a211427bb42874361bdc2b24',0,1,'2019-11-16 09:51:35.519135','2019-11-16 09:51:35.519165',0,0,8,12);
INSERT INTO "oneid_meta_deptperm" VALUES(109,'38e9af82632b43f0aa838bed57f42570',0,1,'2019-11-16 09:51:35.520774','2019-11-16 09:51:35.520802',0,0,9,12);
INSERT INTO "oneid_meta_deptperm" VALUES(110,'6803c7f3d5624342ab77cbbf8affc605',0,1,'2019-11-16 09:51:35.522136','2019-11-16 09:51:35.522160',0,0,10,12);
INSERT INTO "oneid_meta_deptperm" VALUES(111,'07c5e2ed94fa4702b72335fb2e7c5f3c',0,1,'2019-11-16 09:51:44.958377','2019-11-16 09:51:44.958409',0,0,1,13);
INSERT INTO "oneid_meta_deptperm" VALUES(112,'09196927e7a64355b5c89407c6e6c883',0,1,'2019-11-16 09:51:44.960243','2019-11-16 09:51:44.960271',0,0,2,13);
INSERT INTO "oneid_meta_deptperm" VALUES(113,'b81d8b5a60304bcd8cbe95c767e8b058',0,1,'2019-11-16 09:51:44.962175','2019-11-16 09:51:44.962206',0,0,3,13);
INSERT INTO "oneid_meta_deptperm" VALUES(114,'5875a97d6c1b4deb93ea8ff7791c8ecb',0,1,'2019-11-16 09:51:44.963750','2019-11-16 09:51:44.963784',0,0,4,13);
INSERT INTO "oneid_meta_deptperm" VALUES(115,'7f7c11acce554b4a9c4e254bb9d888a3',0,1,'2019-11-16 09:51:44.965865','2019-11-16 09:51:44.965928',0,0,5,13);
INSERT INTO "oneid_meta_deptperm" VALUES(116,'f85fa20faef74c01826b5441a3a45b98',0,1,'2019-11-16 09:51:44.967943','2019-11-16 09:51:44.967977',0,0,6,13);
INSERT INTO "oneid_meta_deptperm" VALUES(117,'5101c4a61a5b4581b2542596daf1221d',0,1,'2019-11-16 09:51:44.969415','2019-11-16 09:51:44.969439',0,0,7,13);
INSERT INTO "oneid_meta_deptperm" VALUES(118,'e4234af3619b49ce94f1680be9bbc0be',0,1,'2019-11-16 09:51:44.970817','2019-11-16 09:51:44.970839',0,0,8,13);
INSERT INTO "oneid_meta_deptperm" VALUES(119,'e532267eb07049048ea2de2692629943',0,1,'2019-11-16 09:51:44.971979','2019-11-16 09:51:44.972001',0,0,9,13);
INSERT INTO "oneid_meta_deptperm" VALUES(120,'d60610385c644517969d9fff8e40d51e',0,1,'2019-11-16 09:51:44.973387','2019-11-16 09:51:44.973413',0,0,10,13);
INSERT INTO "oneid_meta_deptperm" VALUES(121,'31310301261946f390749e5d084ba0c0',0,1,'2019-11-16 09:51:55.229752','2019-11-16 09:51:55.229779',0,0,1,14);
INSERT INTO "oneid_meta_deptperm" VALUES(122,'04f3fbacc77848a5947cbca8ec4f238a',0,1,'2019-11-16 09:51:55.231721','2019-11-16 09:51:55.231755',0,0,2,14);
INSERT INTO "oneid_meta_deptperm" VALUES(123,'130bb43c028e4b3a81d9244cbf4fc0c4',0,1,'2019-11-16 09:51:55.233498','2019-11-16 09:51:55.233528',0,0,3,14);
INSERT INTO "oneid_meta_deptperm" VALUES(124,'06b66d9e99434fd386c61ff481381e65',0,1,'2019-11-16 09:51:55.235175','2019-11-16 09:51:55.235202',0,0,4,14);
INSERT INTO "oneid_meta_deptperm" VALUES(125,'3963eac263504202b4e2ea863022e9c1',0,1,'2019-11-16 09:51:55.236915','2019-11-16 09:51:55.236941',0,0,5,14);
INSERT INTO "oneid_meta_deptperm" VALUES(126,'874884b043154ed38b31342df2c675aa',0,1,'2019-11-16 09:51:55.238493','2019-11-16 09:51:55.238520',0,0,6,14);
INSERT INTO "oneid_meta_deptperm" VALUES(127,'7c5b2cd76a654c76a72620475e15f0c3',0,1,'2019-11-16 09:51:55.240073','2019-11-16 09:51:55.240097',0,0,7,14);
INSERT INTO "oneid_meta_deptperm" VALUES(128,'9acfd7e2ba084d15944c1582f4d08cce',0,1,'2019-11-16 09:51:55.241511','2019-11-16 09:51:55.241536',0,0,8,14);
INSERT INTO "oneid_meta_deptperm" VALUES(129,'a433e9bd3dc04373b9748b56045c6df6',0,1,'2019-11-16 09:51:55.242885','2019-11-16 09:51:55.242908',0,0,9,14);
INSERT INTO "oneid_meta_deptperm" VALUES(130,'e622e064fba24a88a45f4689462cbd0d',0,1,'2019-11-16 09:51:55.244216','2019-11-16 09:51:55.244238',0,0,10,14);
INSERT INTO "oneid_meta_deptperm" VALUES(131,'a3b95caa31294188af3284545b552d95',0,1,'2019-11-16 09:52:07.245405','2019-11-16 09:52:07.245433',0,0,1,15);
INSERT INTO "oneid_meta_deptperm" VALUES(132,'9d59b0d6c1b34011bd1a8b94951ff959',0,1,'2019-11-16 09:52:07.247071','2019-11-16 09:52:07.247102',0,0,2,15);
INSERT INTO "oneid_meta_deptperm" VALUES(133,'e4db9e81fe3f479aa2373f92bc1cb0a0',0,1,'2019-11-16 09:52:07.248703','2019-11-16 09:52:07.248734',0,0,3,15);
INSERT INTO "oneid_meta_deptperm" VALUES(134,'eb1c72235f6c4185a5a37b0a1def0dce',0,1,'2019-11-16 09:52:07.250299','2019-11-16 09:52:07.250326',0,0,4,15);
INSERT INTO "oneid_meta_deptperm" VALUES(135,'41bc783620c940d58bbc9fb8846a39ee',0,1,'2019-11-16 09:52:07.251585','2019-11-16 09:52:07.251606',0,0,5,15);
INSERT INTO "oneid_meta_deptperm" VALUES(136,'0b39fae745374d508d8bd2b14413304c',0,1,'2019-11-16 09:52:07.253070','2019-11-16 09:52:07.253093',0,0,6,15);
INSERT INTO "oneid_meta_deptperm" VALUES(137,'f543e623b13749cd915621cbc3648f12',0,1,'2019-11-16 09:52:07.254420','2019-11-16 09:52:07.254447',0,0,7,15);
INSERT INTO "oneid_meta_deptperm" VALUES(138,'9a989e5d3a1247d5b09c71682654da99',0,1,'2019-11-16 09:52:07.256932','2019-11-16 09:52:07.256961',0,0,8,15);
INSERT INTO "oneid_meta_deptperm" VALUES(139,'603a848944ab4b98bab8d83916df7218',0,1,'2019-11-16 09:52:07.258429','2019-11-16 09:52:07.258456',0,0,9,15);
INSERT INTO "oneid_meta_deptperm" VALUES(140,'5752a628cf1548b6b3386b3636ed6507',0,1,'2019-11-16 09:52:07.260031','2019-11-16 09:52:07.260058',0,0,10,15);
INSERT INTO "oneid_meta_deptperm" VALUES(141,'70747fd857434f9ea7c7bde8c902ea25',0,1,'2019-11-16 09:52:19.821882','2019-11-16 09:52:19.821905',0,0,1,16);
INSERT INTO "oneid_meta_deptperm" VALUES(142,'c7fc8c3bb5c648f0bd63a3b24cac4404',0,1,'2019-11-16 09:52:19.823458','2019-11-16 09:52:19.823499',0,0,2,16);
INSERT INTO "oneid_meta_deptperm" VALUES(143,'44c26c10a1ff4f96b649e612e06b4bae',0,1,'2019-11-16 09:52:19.825214','2019-11-16 09:52:19.825242',0,0,3,16);
INSERT INTO "oneid_meta_deptperm" VALUES(144,'15431c8822604af3bc55ad67f4214f42',0,1,'2019-11-16 09:52:19.827037','2019-11-16 09:52:19.827078',0,0,4,16);
INSERT INTO "oneid_meta_deptperm" VALUES(145,'305c9607a6cb4a9d9878038d1bbab979',0,1,'2019-11-16 09:52:19.828440','2019-11-16 09:52:19.828463',0,0,5,16);
INSERT INTO "oneid_meta_deptperm" VALUES(146,'e9d40b876e164810b681e54f5423642d',0,1,'2019-11-16 09:52:19.829772','2019-11-16 09:52:19.829798',0,0,6,16);
INSERT INTO "oneid_meta_deptperm" VALUES(147,'cc990602ea1e43bf988e4b01c8d5ae51',0,1,'2019-11-16 09:52:19.831902','2019-11-16 09:52:19.831948',0,0,7,16);
INSERT INTO "oneid_meta_deptperm" VALUES(148,'420c3836127a4f838f55be9648ea52b5',0,1,'2019-11-16 09:52:19.833807','2019-11-16 09:52:19.833850',0,0,8,16);
INSERT INTO "oneid_meta_deptperm" VALUES(149,'ed2606fd154143af95cca7c59410ee99',0,1,'2019-11-16 09:52:19.835543','2019-11-16 09:52:19.835568',0,0,9,16);
INSERT INTO "oneid_meta_deptperm" VALUES(150,'b923cc396fc7445292745a49274fc6db',0,1,'2019-11-16 09:52:19.836971','2019-11-16 09:52:19.836994',0,0,10,16);
INSERT INTO "oneid_meta_deptperm" VALUES(151,'8be3a60ca73d4a18b3ebd2334e8fd2ae',0,1,'2019-11-16 10:03:28.518621','2019-11-16 10:03:28.518655',0,0,1,17);
INSERT INTO "oneid_meta_deptperm" VALUES(152,'3e35c65530264b79baff716371cd42b6',0,1,'2019-11-16 10:03:28.520463','2019-11-16 10:03:28.520496',0,0,2,17);
INSERT INTO "oneid_meta_deptperm" VALUES(153,'78a8edb06891408fb0b08653d43123aa',0,1,'2019-11-16 10:03:28.522325','2019-11-16 10:03:28.522357',0,0,3,17);
INSERT INTO "oneid_meta_deptperm" VALUES(154,'356e93e6ec9b4ab180f868311027ce83',0,1,'2019-11-16 10:03:28.523909','2019-11-16 10:03:28.523940',0,0,4,17);
INSERT INTO "oneid_meta_deptperm" VALUES(155,'92de1a6746b04d60b4289bfad056f091',0,1,'2019-11-16 10:03:28.525500','2019-11-16 10:03:28.525530',0,0,5,17);
INSERT INTO "oneid_meta_deptperm" VALUES(156,'a8abf5405d404b4c852fa20702267ab8',0,1,'2019-11-16 10:03:28.527571','2019-11-16 10:03:28.527603',0,0,6,17);
INSERT INTO "oneid_meta_deptperm" VALUES(157,'388b0ee2313c4edebca8b6a25c7ed2ce',0,1,'2019-11-16 10:03:28.529523','2019-11-16 10:03:28.529553',0,0,7,17);
INSERT INTO "oneid_meta_deptperm" VALUES(158,'a583b8a0e49a4cb29646f1256974734f',0,1,'2019-11-16 10:03:28.530785','2019-11-16 10:03:28.530808',0,0,8,17);
INSERT INTO "oneid_meta_deptperm" VALUES(159,'bcff9de3e4524683ac29deb8114971c0',0,1,'2019-11-16 10:03:28.533037','2019-11-16 10:03:28.533069',0,0,9,17);
INSERT INTO "oneid_meta_deptperm" VALUES(160,'1741a9dd627b464592ee5df52614f1a9',0,1,'2019-11-16 10:03:28.535159','2019-11-16 10:03:28.535187',0,0,10,17);
INSERT INTO "oneid_meta_deptperm" VALUES(161,'a720746672c84e41aa16a0eb1743e1bc',0,1,'2019-11-16 10:03:39.676436','2019-11-16 10:03:39.676471',0,0,1,18);
INSERT INTO "oneid_meta_deptperm" VALUES(162,'44e2ad3ced534877922451a83dc05f43',0,1,'2019-11-16 10:03:39.678498','2019-11-16 10:03:39.678532',0,0,2,18);
INSERT INTO "oneid_meta_deptperm" VALUES(163,'1f870c576ee34150a386bbfa25d5723d',0,1,'2019-11-16 10:03:39.680086','2019-11-16 10:03:39.680118',0,0,3,18);
INSERT INTO "oneid_meta_deptperm" VALUES(164,'b38dfdf8a7e041339ba7c35d8bdbce2b',0,1,'2019-11-16 10:03:39.681764','2019-11-16 10:03:39.681795',0,0,4,18);
INSERT INTO "oneid_meta_deptperm" VALUES(165,'e2f46289b24145a3b2b3dc1aaf5aa814',0,1,'2019-11-16 10:03:39.683351','2019-11-16 10:03:39.683384',0,0,5,18);
INSERT INTO "oneid_meta_deptperm" VALUES(166,'0fa39262195c454c97e36211acf20b32',0,1,'2019-11-16 10:03:39.684893','2019-11-16 10:03:39.684923',0,0,6,18);
INSERT INTO "oneid_meta_deptperm" VALUES(167,'98910003ddb545f6a9a795dd2862c4f3',0,1,'2019-11-16 10:03:39.686450','2019-11-16 10:03:39.686483',0,0,7,18);
INSERT INTO "oneid_meta_deptperm" VALUES(168,'dc8f7696b7b24f688205811b00bdb5ec',0,1,'2019-11-16 10:03:39.687959','2019-11-16 10:03:39.687986',0,0,8,18);
INSERT INTO "oneid_meta_deptperm" VALUES(169,'adb68388ecac47c5ba2730f486ac56ab',0,1,'2019-11-16 10:03:39.689590','2019-11-16 10:03:39.689621',0,0,9,18);
INSERT INTO "oneid_meta_deptperm" VALUES(170,'8c8ebfe025634a7ea5d89206826e872b',0,1,'2019-11-16 10:03:39.691216','2019-11-16 10:03:39.691244',0,0,10,18);
INSERT INTO "oneid_meta_deptperm" VALUES(171,'8495987ae56747f2a16701eedd00d307',0,1,'2019-11-16 10:03:52.524106','2019-11-16 10:03:52.524184',0,0,1,19);
INSERT INTO "oneid_meta_deptperm" VALUES(172,'ffc010afea03461ca196d9f009e4216e',0,1,'2019-11-16 10:03:52.526156','2019-11-16 10:03:52.526188',0,0,2,19);
INSERT INTO "oneid_meta_deptperm" VALUES(173,'e1817c122bfb488f92a749e55a45437d',0,1,'2019-11-16 10:03:52.528575','2019-11-16 10:03:52.528640',0,0,3,19);
INSERT INTO "oneid_meta_deptperm" VALUES(174,'198bf1a76484415aaf98404369242846',0,1,'2019-11-16 10:03:52.530780','2019-11-16 10:03:52.530826',0,0,4,19);
INSERT INTO "oneid_meta_deptperm" VALUES(175,'3235616773d94f60b1d00779341bf14a',0,1,'2019-11-16 10:03:52.532327','2019-11-16 10:03:52.532352',0,0,5,19);
INSERT INTO "oneid_meta_deptperm" VALUES(176,'4bc4de70b88248c58680b61bbfaaa231',0,1,'2019-11-16 10:03:52.533559','2019-11-16 10:03:52.533582',0,0,6,19);
INSERT INTO "oneid_meta_deptperm" VALUES(177,'29b293bfdacf41409d3cca831e5897ba',0,1,'2019-11-16 10:03:52.534946','2019-11-16 10:03:52.534977',0,0,7,19);
INSERT INTO "oneid_meta_deptperm" VALUES(178,'6998fc21b90e429aa0038e47681a8adf',0,1,'2019-11-16 10:03:52.536461','2019-11-16 10:03:52.536611',0,0,8,19);
INSERT INTO "oneid_meta_deptperm" VALUES(179,'cd9f2df306184393aa75aa3071327165',0,1,'2019-11-16 10:03:52.538560','2019-11-16 10:03:52.538618',0,0,9,19);
INSERT INTO "oneid_meta_deptperm" VALUES(180,'8468ef3a1d324e0d965148a7138bd791',0,1,'2019-11-16 10:03:52.540836','2019-11-16 10:03:52.540870',0,0,10,19);
INSERT INTO "oneid_meta_deptperm" VALUES(181,'f34f2a9320b048a7b78748608efcd3b8',0,1,'2019-11-16 10:12:44.347408','2019-11-16 10:12:44.347438',0,0,15,7);
INSERT INTO "oneid_meta_deptperm" VALUES(182,'a49d69bd900c4bb6947424acb26b5f7d',0,1,'2019-11-16 10:12:44.366387','2019-11-16 10:12:44.366417',0,0,14,7);
INSERT INTO "oneid_meta_deptperm" VALUES(183,'1011025018e04ec3aad7cb436a39e470',0,1,'2019-11-16 10:12:44.382975','2019-11-16 10:12:44.383003',0,0,13,7);
INSERT INTO "oneid_meta_deptperm" VALUES(184,'abd28898320d4f4f8f92951600d9a253',0,1,'2019-11-16 10:12:44.399200','2019-11-16 10:12:44.399227',0,0,12,7);
INSERT INTO "oneid_meta_deptperm" VALUES(185,'e85df0a0e2fa4a6cbdc0296aa8ae362a',0,1,'2019-11-16 10:12:44.414694','2019-11-16 10:12:44.414721',0,0,11,7);
CREATE TABLE "oneid_meta_dingconfig" ("id" integer NOT NULL PRIMARY KEY AUTOINCREMENT, "uuid" char(32) NOT NULL UNIQUE, "is_del" bool NOT NULL, "is_active" bool NOT NULL, "updated" datetime NULL, "created" datetime NULL, "app_key" varchar(255) NOT NULL, "app_secret" varchar(255) NOT NULL, "corp_id" varchar(255) NOT NULL, "corp_secret" varchar(255) NOT NULL, "site_id" integer NOT NULL UNIQUE REFERENCES "django_site" ("id") DEFERRABLE INITIALLY DEFERRED, "app_valid" bool NOT NULL, "corp_valid" bool NOT NULL, "qr_app_id" varchar(255) NOT NULL, "qr_app_secret" varchar(255) NOT NULL, "qr_app_valid" bool NOT NULL);
INSERT INTO "oneid_meta_dingconfig" VALUES(1,'053d84e49e01434da2ca8f74082c75ad',0,1,'2019-11-16 11:35:30.662647','2019-11-16 11:35:30.660173','','','','',1,0,0,'','',0);
CREATE TABLE "oneid_meta_dingdept" ("id" integer NOT NULL PRIMARY KEY AUTOINCREMENT, "uuid" char(32) NOT NULL UNIQUE, "is_del" bool NOT NULL, "is_active" bool NOT NULL, "updated" datetime NULL, "created" datetime NULL, "uid" integer NOT NULL, "data" text NOT NULL, "order_no" integer NOT NULL, "dept_id" integer NOT NULL UNIQUE REFERENCES "oneid_meta_dept" ("id") DEFERRABLE INITIALLY DEFERRED);
CREATE TABLE "oneid_meta_dinggroup" ("id" integer NOT NULL PRIMARY KEY AUTOINCREMENT, "uuid" char(32) NOT NULL UNIQUE, "is_del" bool NOT NULL, "is_active" bool NOT NULL, "updated" datetime NULL, "created" datetime NULL, "uid" integer NOT NULL, "data" text NOT NULL, "group_id" integer NOT NULL UNIQUE REFERENCES "oneid_meta_group" ("id") DEFERRABLE INITIALLY DEFERRED, "is_group" bool NOT NULL, "subject" varchar(128) NOT NULL);
CREATE TABLE "oneid_meta_dinguser" ("id" integer NOT NULL PRIMARY KEY AUTOINCREMENT, "uuid" char(32) NOT NULL UNIQUE, "is_del" bool NOT NULL, "is_active" bool NOT NULL, "updated" datetime NULL, "created" datetime NULL, "account" varchar(64) NOT NULL, "user_id" integer NOT NULL UNIQUE REFERENCES "oneid_meta_user" ("id") DEFERRABLE INITIALLY DEFERRED, "data" text NOT NULL, "ding_id" text NOT NULL, "open_id" text NOT NULL, "union_id" text NOT NULL, "uid" varchar(255) NOT NULL);
CREATE TABLE "oneid_meta_emailconfig" ("id" integer NOT NULL PRIMARY KEY AUTOINCREMENT, "uuid" char(32) NOT NULL UNIQUE, "is_del" bool NOT NULL, "is_active" bool NOT NULL, "updated" datetime NULL, "created" datetime NULL, "host" varchar(256) NOT NULL, "port" integer NOT NULL, "access_key" varchar(512) NOT NULL, "access_secret" varchar(512) NOT NULL, "site_id" integer NOT NULL UNIQUE REFERENCES "django_site" ("id") DEFERRABLE INITIALLY DEFERRED, "is_valid" bool NOT NULL, "nickname" varchar(128) NOT NULL);
INSERT INTO "oneid_meta_emailconfig" VALUES(1,'98632fef1d4d43f893c41329b1434860',0,1,'2019-11-16 11:35:31.696571','2019-11-16 11:35:31.696602','',587,'','',1,0,'OneID');
CREATE TABLE "oneid_meta_group" ("id" integer NOT NULL PRIMARY KEY AUTOINCREMENT, "uuid" char(32) NOT NULL UNIQUE, "is_del" bool NOT NULL, "is_active" bool NOT NULL, "updated" datetime NULL, "created" datetime NULL, "uid" varchar(255) NOT NULL, "name" varchar(255) NOT NULL, "remark" text NOT NULL, "accept_user" bool NOT NULL, "order_no" integer NOT NULL, "top" varchar(255) NOT NULL, "node_scope" text NOT NULL, "user_scope" text NOT NULL, "visibility" integer NOT NULL, "parent_id" integer NULL REFERENCES "oneid_meta_group" ("id") DEFERRABLE INITIALLY DEFERRED);
INSERT INTO "oneid_meta_group" VALUES(1,'6f5daa53a55b4a8f9e89780895042c3d',0,1,'2019-11-16 11:35:29.407611','2019-11-16 11:35:29.407641','root','root','所有顶级的组的父级，可视为整个公司。请勿修改',0,0,'root','[]','[]',1,NULL);
INSERT INTO "oneid_meta_group" VALUES(2,'32862fc6af584e109d24c34ee282a3d6',0,1,'2019-11-16 11:35:30.554135','2019-11-16 11:35:30.554161','intra','内部联系人-角色','',1,0,'root','[]','[]',1,1);
INSERT INTO "oneid_meta_group" VALUES(3,'9b5c3b3c3b3c4c4db811fbfdad62921a',0,1,'2019-11-16 11:35:32.116394','2019-11-16 11:35:30.555546','extern','外部联系人','',1,0,'extern','[]','[]',1,1);
INSERT INTO "oneid_meta_group" VALUES(4,'4f124beebc4e45518667ecf536bd5e59',0,1,'2019-11-16 11:35:31.332689','2019-11-16 11:35:30.924386','manager','子管理员组','',1,0,'manager','[]','[]',1,2);
INSERT INTO "oneid_meta_group" VALUES(5,'9a52181778844ed2ad0875377cdb0244',0,1,'2019-11-16 11:35:31.370253','2019-11-16 11:35:31.369830','role','角色','',1,0,'role','[]','[]',1,2);
INSERT INTO "oneid_meta_group" VALUES(6,'74c4fc9958a747808337a934343c5fea',0,1,'2019-11-16 11:35:31.371929','2019-11-16 11:35:31.371589','label','标签','',1,0,'label','[]','[]',1,2);
INSERT INTO "oneid_meta_group" VALUES(7,'2695baf7161e4fb783853cad92587edc',0,1,'2019-11-16 09:52:57.752788','2019-11-16 09:52:57.748619','jueseyi','角色一','',1,0,'role','[]','[]',1,5);
INSERT INTO "oneid_meta_group" VALUES(8,'e98cd3e66c8d4fe8a7d7a0efb1b4211a',0,1,'2019-11-16 09:53:16.938958','2019-11-16 09:53:16.930518','jueseyiyi','角色一（一）','',1,0,'role','[]','[]',1,7);
INSERT INTO "oneid_meta_group" VALUES(9,'9d68ffea4b144ee38eda3f7d985ee77d',0,1,'2019-11-16 09:53:25.287258','2019-11-16 09:53:25.278405','jueseyier','角色一（二）','',1,1,'role','[]','[]',2,7);
INSERT INTO "oneid_meta_group" VALUES(10,'fb07dc5a04904a95aca2ee95bca3434d',0,1,'2019-11-16 09:53:39.797525','2019-11-16 09:53:39.789283','jueseyisan','角色一（三）','',1,2,'role','[]','[]',3,7);
INSERT INTO "oneid_meta_group" VALUES(11,'f2f5c7e958c14987948d6ae0d228240a',0,1,'2019-11-16 09:53:49.201012','2019-11-16 09:53:49.195269','jueseyisi','角色一（四）','',1,3,'role','[]','[]',5,7);
INSERT INTO "oneid_meta_group" VALUES(12,'a25b578e14154f54b4e9d42391855723',0,1,'2019-11-16 09:53:57.019956','2019-11-16 09:53:57.014528','jueseyiwu','角色一（五）','',1,4,'role','[]','[]',4,7);
INSERT INTO "oneid_meta_group" VALUES(13,'cadc45bcdaa340ed9abef97bf15acbdb',0,1,'2019-11-16 09:54:06.033472','2019-11-16 09:54:06.025294','jueseer','角色二','',1,1,'role','[]','[]',2,5);
INSERT INTO "oneid_meta_group" VALUES(14,'eb04caf128f648b8a582be005a7dc622',0,1,'2019-11-16 09:54:15.677785','2019-11-16 09:54:15.668865','juesesan','角色三','',1,2,'role','[]','[]',3,5);
INSERT INTO "oneid_meta_group" VALUES(15,'9acf40fec5554e7fb4a23bbd0cdb1eb5',0,1,'2019-11-16 09:54:23.360475','2019-11-16 09:54:23.351337','juesesi','角色四','',1,3,'role','[]','[]',5,5);
INSERT INTO "oneid_meta_group" VALUES(16,'750d4a09ebf74cce823a8eaea1132843',0,1,'2019-11-16 09:54:35.870693','2019-11-16 09:54:35.862207','juesewu','角色五','',1,4,'role','[]','[]',4,5);
INSERT INTO "oneid_meta_group" VALUES(17,'534f2c26fdea4fe588d77de8ef5dc00f',0,1,'2019-11-16 10:00:41.769917','2019-11-16 10:00:41.760956','jueseeryi','角色二（一）','',1,0,'role','[]','[]',1,13);
INSERT INTO "oneid_meta_group" VALUES(18,'30101fe3f0a44f6fbf68fa64833b2fbd',0,1,'2019-11-16 10:00:57.232222','2019-11-16 10:00:57.227598','jueseerer','角色二（二）','',1,1,'role','[]','[]',2,13);
INSERT INTO "oneid_meta_group" VALUES(19,'3fbabe4c429a4fc49e983a9fd83bd5cb',0,1,'2019-11-16 10:01:13.586022','2019-11-16 10:01:13.576538','jueseersan','角色二（三）','',1,2,'role','[]','[]',3,13);
INSERT INTO "oneid_meta_group" VALUES(20,'3652308f735145feb031dc3a8ad1bdcc',0,1,'2019-11-16 10:01:32.314565','2019-11-16 10:01:32.308336','jueseersi','角色二（四）','',1,3,'role','[]','[]',5,13);
INSERT INTO "oneid_meta_group" VALUES(21,'e5148eaa92eb4839bd1da436c03c7a11',0,1,'2019-11-16 10:01:46.859957','2019-11-16 10:01:46.856138','jueseerwu','角色二（五）','',1,4,'role','[]','[]',4,13);
INSERT INTO "oneid_meta_group" VALUES(22,'cf14f127682a4a2c9a182e503bd762c8',0,1,'2019-11-16 10:01:58.593084','2019-11-16 10:01:58.589004','biaoqianyi','标签一','',1,0,'label','[]','[]',1,6);
INSERT INTO "oneid_meta_group" VALUES(23,'0f4a7a18a6284f5b9e3f50213fb86264',0,1,'2019-11-16 10:02:09.001199','2019-11-16 10:02:08.995319','biaoqianer','标签二','',1,1,'label','[]','[]',2,6);
INSERT INTO "oneid_meta_group" VALUES(24,'7bd9738065cf4f0082e75ab75066a20c',0,1,'2019-11-16 10:02:16.327718','2019-11-16 10:02:16.322053','biaoqiansan','标签三','',1,2,'label','[]','[]',3,6);
INSERT INTO "oneid_meta_group" VALUES(25,'346e6ed171fd4579a3152bc33afd8a22',0,1,'2019-11-16 10:02:23.257356','2019-11-16 10:02:23.251876','biaoqiansi','标签四','',1,3,'label','[]','[]',5,6);
INSERT INTO "oneid_meta_group" VALUES(26,'dfcba11851a14f47bef1415111e7db0f',0,1,'2019-11-16 10:02:32.383770','2019-11-16 10:02:32.374559','biaoqianwu','标签五','',1,4,'label','[]','[]',4,6);
INSERT INTO "oneid_meta_group" VALUES(27,'58b379420cad44d3b5fe2b43352a6cc0',0,1,'2019-11-16 10:04:05.931455','2019-11-16 10:04:05.921084','juesesanyi','角色三（一）','',1,0,'role','[]','[]',1,14);
INSERT INTO "oneid_meta_group" VALUES(28,'880fee1dad3d41e39cbe6955de172e82',0,1,'2019-11-16 10:04:17.135122','2019-11-16 10:04:17.125951','juesesiyi','角色四（一）','',1,0,'role','[]','[]',1,15);
INSERT INTO "oneid_meta_group" VALUES(29,'e239c16ee26c4377868b903de6d8d2cc',0,1,'2019-11-16 10:04:35.913029','2019-11-16 10:04:35.903731','juesewuyi','角色五（一）','',1,0,'role','[]','[]',1,16);
INSERT INTO "oneid_meta_group" VALUES(30,'5d7f8306f52f413a81b27a64aa936e66',0,1,'2019-11-16 10:05:00.120099','2019-11-16 10:05:00.114141','biaoqianyiyi','标签一（一）','',1,0,'label','[]','[]',1,22);
INSERT INTO "oneid_meta_group" VALUES(31,'92ee985158964b869052362728038a8f',0,1,'2019-11-16 10:05:20.294680','2019-11-16 10:05:20.286039','biaoqianyier','标签一（二）','',1,1,'label','[]','[]',2,22);
INSERT INTO "oneid_meta_group" VALUES(32,'77a44cd2228147a7ba9400adc952ef43',0,1,'2019-11-16 10:05:28.235337','2019-11-16 10:05:28.229865','biaoqianyisan','标签一（三）','',1,2,'label','[]','[]',3,22);
INSERT INTO "oneid_meta_group" VALUES(33,'28561477aeda4ae3a3b0742487533a34',0,1,'2019-11-16 10:05:36.492888','2019-11-16 10:05:36.486671','biaoqianyisi','标签一（四）','',1,3,'label','[]','[]',5,22);
INSERT INTO "oneid_meta_group" VALUES(34,'7043532a59d2466a8198610932c807d5',0,1,'2019-11-16 10:05:47.420177','2019-11-16 10:05:47.410635','biaoqianyiwu','标签一（五）','',1,4,'label','[]','[]',4,22);
INSERT INTO "oneid_meta_group" VALUES(35,'0b25e3ffedfe42a29365b5e8281bda58',0,1,'2019-11-16 10:06:01.134304','2019-11-16 10:06:01.130158','biaoqianeryi','标签二（一）','',1,0,'label','[]','[]',1,23);
INSERT INTO "oneid_meta_group" VALUES(36,'16443665596a4b1a97df121d24a326b7',0,1,'2019-11-16 10:06:09.119013','2019-11-16 10:06:09.113318','biaoqianerer','标签二（二）','',1,1,'label','[]','[]',2,23);
INSERT INTO "oneid_meta_group" VALUES(37,'dfe28e06c11e49fea20aa2ebd5f3c239',0,1,'2019-11-16 10:06:16.580872','2019-11-16 10:06:16.571917','biaoqianersan','标签二（三）','',1,2,'label','[]','[]',3,23);
INSERT INTO "oneid_meta_group" VALUES(38,'17428ed1905f4bd3a4514ab7986c9b81',0,1,'2019-11-16 10:06:24.134961','2019-11-16 10:06:24.131843','biaoqianersi','标签二（四）','',1,3,'label','[]','[]',5,23);
INSERT INTO "oneid_meta_group" VALUES(39,'965a85d143404941bd5a07013f5b7adb',0,1,'2019-11-16 10:06:33.197849','2019-11-16 10:06:33.188648','biaoqianerwu','标签二（五）','',1,4,'label','[]','[]',4,23);
INSERT INTO "oneid_meta_group" VALUES(40,'d665f8cf09654838a4780459b9012d60',0,1,'2019-11-16 10:06:46.138029','2019-11-16 10:06:46.128503','biaoqiansanyi','标签三（一）','',1,0,'label','[]','[]',1,24);
INSERT INTO "oneid_meta_group" VALUES(41,'6e960f069cb64a4e994f0a0947872c17',0,1,'2019-11-16 10:06:57.846833','2019-11-16 10:06:57.837445','biaoqiansiyi','标签四（一）','',1,0,'label','[]','[]',1,25);
INSERT INTO "oneid_meta_group" VALUES(42,'90712bb9a7a14f31a688861132803080',0,1,'2019-11-16 10:07:07.309872','2019-11-16 10:07:07.300774','biaoqianwuyi','标签五（一）','',1,0,'label','[]','[]',1,26);
INSERT INTO "oneid_meta_group" VALUES(43,'add8b35534084cbfa543d1029602afe7',0,1,'2019-11-16 10:07:27.406636','2019-11-16 10:07:27.402644','zidingyifenzuyi','亲戚','',1,1,'zidingyifenzuyi','[]','[]',1,2);
INSERT INTO "oneid_meta_group" VALUES(44,'7fec4127666549dabbe91221936ef221',0,1,'2019-11-16 10:07:27.471913','2019-11-16 10:07:27.466895','65d18e','管理分组自定义分组一','',1,0,'manager','[]','[]',1,4);
INSERT INTO "oneid_meta_group" VALUES(45,'f34ba94e3da5471a8da09712242e77fd',0,1,'2019-11-16 10:07:38.580700','2019-11-16 10:07:38.576932','zidingyifenzuer','校友','',1,2,'zidingyifenzuer','[]','[]',1,2);
INSERT INTO "oneid_meta_group" VALUES(46,'87f0d89828874052bdac27150bbedd76',0,1,'2019-11-16 10:07:38.642847','2019-11-16 10:07:38.637767','0e546d','管理分组自定义分组二','',1,1,'manager','[]','[]',1,4);
INSERT INTO "oneid_meta_group" VALUES(47,'e66b19c65c7b467482a17f378dfc1df9',0,1,'2019-11-16 10:09:20.457736','2019-11-16 10:09:20.448779','tianxieyi','亲戚一','',1,6,'zidingyifenzuyi','[]','[]',1,43);
INSERT INTO "oneid_meta_group" VALUES(48,'748844a22eb4430aabffaa675a7395f3',0,1,'2019-11-16 10:09:43.436903','2019-11-16 10:09:43.433167','tianxieer','亲戚二','',1,7,'zidingyifenzuyi','[]','[]',2,43);
INSERT INTO "oneid_meta_group" VALUES(49,'87c9a5bf1645450f89f85f1acdcff988',0,1,'2019-11-16 10:09:48.264791','2019-11-16 10:09:48.261050','tianxiesan','亲戚三','',1,8,'zidingyifenzuyi','[]','[]',3,43);
INSERT INTO "oneid_meta_group" VALUES(50,'2a84e143001148e58745a072ab1481f7',0,1,'2019-11-16 10:10:32.516760','2019-11-16 10:10:32.507842','hudieyi','校友一','',1,3,'zidingyifenzuer','[]','[]',1,45);
INSERT INTO "oneid_meta_group" VALUES(51,'4510ff24baea477b95b022c650b5863b',0,1,'2019-11-16 10:10:42.774072','2019-11-16 10:10:42.767862','hudieer','校友二','',1,5,'zidingyifenzuer','[]','[]',2,45);
INSERT INTO "oneid_meta_group" VALUES(52,'51971f916ebf470ca06c79036bc48a0e',0,1,'2019-11-16 10:10:50.926002','2019-11-16 10:10:50.913440','hudiewu','校友五','',1,6,'zidingyifenzuer','[]','[]',4,45);
INSERT INTO "oneid_meta_group" VALUES(53,'be358495a24f4a7589424386f4bbe5db',0,1,'2019-11-16 10:11:16.129272','2019-11-16 10:11:16.123801','72e997','管理应用应用一','',1,2,'manager','[]','[]',1,4);
INSERT INTO "oneid_meta_group" VALUES(54,'62eddf6a0c8645649a6119d51cac8a5d',0,1,'2019-11-16 10:11:32.637134','2019-11-16 10:11:32.633427','b47e72','管理应用应用二','',1,3,'manager','[]','[]',1,4);
INSERT INTO "oneid_meta_group" VALUES(55,'a96d0a9374a04ef6a6eff219c456f386',0,1,'2019-11-16 10:11:37.996563','2019-11-16 10:11:37.909078','e02f20','管理应用应用三','',1,4,'manager','[]','[]',1,4);
INSERT INTO "oneid_meta_group" VALUES(56,'39f1e73b17954a7d882be4a5cd4e0f7b',0,1,'2019-11-16 10:11:43.661737','2019-11-16 10:11:43.658855','017e88','管理应用应用四','',1,5,'manager','[]','[]',1,4);
INSERT INTO "oneid_meta_group" VALUES(57,'8d280eea93f64f2b9403b78716b0d44e',0,1,'2019-11-16 10:11:51.626526','2019-11-16 10:11:51.623719','f6a100','管理应用应用五','',1,6,'manager','[]','[]',1,4);
INSERT INTO "oneid_meta_group" VALUES(58,'5268a2cdcfe4495da7cd6c4bceecd740',0,1,'2019-11-16 10:24:30.388387','2019-11-16 10:24:30.384500','laoshi','老师','',1,3,'laoshi','[]','[]',1,2);
INSERT INTO "oneid_meta_group" VALUES(59,'e2009cf3167645c78acd527b88a12f69',0,1,'2019-11-16 10:24:30.453611','2019-11-16 10:24:30.447878','61aecf','管理分组老师','',1,7,'manager','[]','[]',1,4);
INSERT INTO "oneid_meta_group" VALUES(60,'2471d4cd2a6342509fe5bb45c53bd6a9',0,1,'2019-11-16 10:36:53.315144','2019-11-16 10:36:53.312385','15dffe','管理应用应用六','',1,8,'manager','[]','[]',1,4);
INSERT INTO "oneid_meta_group" VALUES(61,'6cce7184f91649cc8b6b716ccac36749',0,1,'2019-11-16 10:36:59.328158','2019-11-16 10:36:59.325223','9e2002','管理应用应用七','',1,9,'manager','[]','[]',1,4);
INSERT INTO "oneid_meta_group" VALUES(62,'ef7a51de206b4fb4967ea0af92e645ad',0,1,'2019-11-16 10:37:06.204572','2019-11-16 10:37:06.199545','6fc12c','管理应用应用八','',1,10,'manager','[]','[]',1,4);
INSERT INTO "oneid_meta_group" VALUES(63,'5d907f0b8a6043dfa2d4514c4ac62571',0,1,'2019-11-16 10:37:13.328135','2019-11-16 10:37:13.324718','3f556f','管理应用应用九','',1,11,'manager','[]','[]',1,4);
INSERT INTO "oneid_meta_group" VALUES(64,'b652314975ae4a18a3c445d10f45211e',0,1,'2019-11-16 10:37:18.758033','2019-11-16 10:37:18.755275','b618da','管理应用应用十','',1,12,'manager','[]','[]',1,4);
CREATE TABLE "oneid_meta_groupmember" ("id" integer NOT NULL PRIMARY KEY AUTOINCREMENT, "uuid" char(32) NOT NULL UNIQUE, "is_del" bool NOT NULL, "is_active" bool NOT NULL, "updated" datetime NULL, "created" datetime NULL, "owner_id" integer NOT NULL REFERENCES "oneid_meta_group" ("id") DEFERRABLE INITIALLY DEFERRED, "user_id" integer NOT NULL REFERENCES "oneid_meta_user" ("id") DEFERRABLE INITIALLY DEFERRED, "order_no" integer NOT NULL);
INSERT INTO "oneid_meta_groupmember" VALUES(1,'07d2a2f9d312469fba879b3d028a4082',0,1,'2019-11-16 09:34:30.461996','2019-11-16 09:34:30.462025',3,2,0);
INSERT INTO "oneid_meta_groupmember" VALUES(2,'219d3a5d839c4a7dbb22673ca7ea3759',0,1,'2019-11-16 09:35:05.941276','2019-11-16 09:35:05.941302',3,3,1);
INSERT INTO "oneid_meta_groupmember" VALUES(3,'39a97a7ba1624d1cb28d0056482275bb',0,1,'2019-11-16 09:42:49.700035','2019-11-16 09:42:49.700061',3,4,2);
INSERT INTO "oneid_meta_groupmember" VALUES(4,'1d271ec8bf154405ad866d2ff0ad6a90',0,1,'2019-11-16 09:43:09.209694','2019-11-16 09:43:09.209719',3,5,3);
INSERT INTO "oneid_meta_groupmember" VALUES(5,'ab73161029974040bcf466e30a07b2ff',0,1,'2019-11-16 09:43:27.939734','2019-11-16 09:43:27.939760',3,6,4);
INSERT INTO "oneid_meta_groupmember" VALUES(6,'e15302b4a9ea4cad90ca9601042cae88',0,1,'2019-11-16 09:43:48.225352','2019-11-16 09:43:48.225377',3,7,5);
INSERT INTO "oneid_meta_groupmember" VALUES(7,'ab34a40b00144b6b993cc04cfc7280fb',0,1,'2019-11-16 09:44:07.646531','2019-11-16 09:44:07.646560',3,8,6);
INSERT INTO "oneid_meta_groupmember" VALUES(8,'226391997de24eac9a622562babdaad9',0,1,'2019-11-16 09:44:40.700097','2019-11-16 09:44:40.700125',3,9,7);
INSERT INTO "oneid_meta_groupmember" VALUES(9,'7b5a4417474e469b8ba694193035e41a',0,1,'2019-11-16 09:45:03.142969','2019-11-16 09:45:03.142992',3,10,8);
INSERT INTO "oneid_meta_groupmember" VALUES(10,'7a5735c4c57e4df49945fa726caf5f86',0,1,'2019-11-16 09:45:21.875065','2019-11-16 09:45:21.875089',3,11,9);
INSERT INTO "oneid_meta_groupmember" VALUES(11,'e9aa6491dfe14e6e89f47380b63b6685',0,1,'2019-11-16 09:45:38.615276','2019-11-16 09:45:38.615300',3,12,10);
INSERT INTO "oneid_meta_groupmember" VALUES(12,'8969954bc1264d82a4b13d91b6cc367b',0,1,'2019-11-16 10:07:27.525759','2019-11-16 10:07:27.525794',44,1,0);
INSERT INTO "oneid_meta_groupmember" VALUES(13,'7b70f689572e43caa6340d9f53b7d35e',0,1,'2019-11-16 10:07:38.688210','2019-11-16 10:07:38.688240',46,1,0);
INSERT INTO "oneid_meta_groupmember" VALUES(14,'e6d18f195b94488180e71d4363676ff9',0,1,'2019-11-16 10:11:16.167795','2019-11-16 10:11:16.167824',53,1,0);
INSERT INTO "oneid_meta_groupmember" VALUES(15,'81d5d92af8e34c2eb281a825d0e5c5f3',0,1,'2019-11-16 10:11:32.674405','2019-11-16 10:11:32.674434',54,1,0);
INSERT INTO "oneid_meta_groupmember" VALUES(16,'2e194a55f51b4624800bf41750ec447b',0,1,'2019-11-16 10:11:38.032759','2019-11-16 10:11:38.032785',55,1,0);
INSERT INTO "oneid_meta_groupmember" VALUES(17,'1c036fdca4724641a646148ab1da1b6d',0,1,'2019-11-16 10:11:43.701656','2019-11-16 10:11:43.701685',56,1,0);
INSERT INTO "oneid_meta_groupmember" VALUES(18,'19bfb6ed4cef4cb894c12807cb182e42',0,1,'2019-11-16 10:11:51.666385','2019-11-16 10:11:51.666413',57,1,0);
INSERT INTO "oneid_meta_groupmember" VALUES(19,'c74e03e9adee4e71a5c23a281912e5ef',0,1,'2019-11-16 10:24:30.512714','2019-11-16 10:24:30.512741',59,1,0);
INSERT INTO "oneid_meta_groupmember" VALUES(20,'e68337e3f4fc4bf786de9fc1c4edb312',0,1,'2019-11-16 10:36:53.357886','2019-11-16 10:36:53.357918',60,1,0);
INSERT INTO "oneid_meta_groupmember" VALUES(21,'628391a3de5e455ab968ec7ccddaab9f',0,1,'2019-11-16 10:36:59.370875','2019-11-16 10:36:59.370900',61,1,0);
INSERT INTO "oneid_meta_groupmember" VALUES(22,'da91e4b954674c88b2f71cb1b1685292',0,1,'2019-11-16 10:37:06.250088','2019-11-16 10:37:06.250138',62,1,0);
INSERT INTO "oneid_meta_groupmember" VALUES(23,'157ada62d8484eed8a45928e342d7f68',0,1,'2019-11-16 10:37:13.375438','2019-11-16 10:37:13.375467',63,1,0);
INSERT INTO "oneid_meta_groupmember" VALUES(24,'9e7919aaafb342b9a6828d4533c91bfb',0,1,'2019-11-16 10:37:18.805880','2019-11-16 10:37:18.805908',64,1,0);
CREATE TABLE "oneid_meta_groupperm" ("id" integer NOT NULL PRIMARY KEY AUTOINCREMENT, "uuid" char(32) NOT NULL UNIQUE, "is_del" bool NOT NULL, "is_active" bool NOT NULL, "updated" datetime NULL, "created" datetime NULL, "status" integer NOT NULL, "value" bool NOT NULL, "perm_id" integer NOT NULL REFERENCES "oneid_meta_perm" ("id") DEFERRABLE INITIALLY DEFERRED, "owner_id" integer NOT NULL REFERENCES "oneid_meta_group" ("id") DEFERRABLE INITIALLY DEFERRED);
INSERT INTO "oneid_meta_groupperm" VALUES(1,'1f8cd15be7174f60acc0014c7b7634af',0,1,'2019-11-16 09:52:57.758089','2019-11-16 09:52:57.758117',0,0,1,7);
INSERT INTO "oneid_meta_groupperm" VALUES(2,'04237f8d465347e9befc53c9b6440ef3',0,1,'2019-11-16 09:52:57.761175','2019-11-16 09:52:57.761211',0,0,2,7);
INSERT INTO "oneid_meta_groupperm" VALUES(3,'bc4c4a6225c5407aa33f188a89b8ce3e',0,1,'2019-11-16 09:52:57.764926','2019-11-16 09:52:57.764978',0,0,3,7);
INSERT INTO "oneid_meta_groupperm" VALUES(4,'14a31d46265647f0a9cac7192fbc98ac',0,1,'2019-11-16 09:52:57.768335','2019-11-16 09:52:57.768365',0,0,4,7);
INSERT INTO "oneid_meta_groupperm" VALUES(5,'d5a867772a3044f68247703ba8c59758',0,1,'2019-11-16 09:52:57.770848','2019-11-16 09:52:57.770876',0,0,5,7);
INSERT INTO "oneid_meta_groupperm" VALUES(6,'18125411e2924fd1a44b01253e710194',0,1,'2019-11-16 09:52:57.773085','2019-11-16 09:52:57.773109',0,0,6,7);
INSERT INTO "oneid_meta_groupperm" VALUES(7,'2a5000dd99234009b3c4944c9f3120aa',0,1,'2019-11-16 09:52:57.775871','2019-11-16 09:52:57.775905',0,0,7,7);
INSERT INTO "oneid_meta_groupperm" VALUES(8,'344a3b4cc73240c3aa56cbd23d39c0f2',0,1,'2019-11-16 09:52:57.779057','2019-11-16 09:52:57.779117',0,0,8,7);
INSERT INTO "oneid_meta_groupperm" VALUES(9,'5413399b7db0484fa4b51ff680ae3684',0,1,'2019-11-16 09:52:57.782161','2019-11-16 09:52:57.782191',0,0,9,7);
INSERT INTO "oneid_meta_groupperm" VALUES(10,'7fc3df234b264ccc8671a31c868448be',0,1,'2019-11-16 09:52:57.784426','2019-11-16 09:52:57.784452',0,0,10,7);
INSERT INTO "oneid_meta_groupperm" VALUES(11,'c8391f36e54c4e849cb53ebbad163ae6',0,1,'2019-11-16 09:53:16.944847','2019-11-16 09:53:16.944888',0,0,1,8);
INSERT INTO "oneid_meta_groupperm" VALUES(12,'98ffc343a13447fd9cf1428d46548b9f',0,1,'2019-11-16 09:53:16.948841','2019-11-16 09:53:16.948873',0,0,2,8);
INSERT INTO "oneid_meta_groupperm" VALUES(13,'e39bb2194a6443999fd123344b14b2ee',0,1,'2019-11-16 09:53:16.951345','2019-11-16 09:53:16.951380',0,0,3,8);
INSERT INTO "oneid_meta_groupperm" VALUES(14,'1198b7bcc4d8408ca07643b095e2534c',0,1,'2019-11-16 09:53:16.953654','2019-11-16 09:53:16.953679',0,0,4,8);
INSERT INTO "oneid_meta_groupperm" VALUES(15,'cda8a7df58bf42578ba37ee44d1f802b',0,1,'2019-11-16 09:53:16.956458','2019-11-16 09:53:16.956493',0,0,5,8);
INSERT INTO "oneid_meta_groupperm" VALUES(16,'abac7c8a870b4a3aae45f5dc1a7b28ac',0,1,'2019-11-16 09:53:16.959961','2019-11-16 09:53:16.959993',0,0,6,8);
INSERT INTO "oneid_meta_groupperm" VALUES(17,'dd4bf38e739c4febad71d0d438b60550',0,1,'2019-11-16 09:53:16.962761','2019-11-16 09:53:16.962788',0,0,7,8);
INSERT INTO "oneid_meta_groupperm" VALUES(18,'cdd18b3e951947ec80e45eedf6a6f4ed',0,1,'2019-11-16 09:53:16.965115','2019-11-16 09:53:16.965141',0,0,8,8);
INSERT INTO "oneid_meta_groupperm" VALUES(19,'de0ef100744c4ac68db787b0c6809e4c',0,1,'2019-11-16 09:53:16.967392','2019-11-16 09:53:16.967416',0,0,9,8);
INSERT INTO "oneid_meta_groupperm" VALUES(20,'eddc5effc4b842899726ab3affd7a8e6',0,1,'2019-11-16 09:53:16.969712','2019-11-16 09:53:16.969737',0,0,10,8);
INSERT INTO "oneid_meta_groupperm" VALUES(21,'8232344f5c41427780faa3c641195d8f',0,1,'2019-11-16 09:53:25.292022','2019-11-16 09:53:25.292054',0,0,1,9);
INSERT INTO "oneid_meta_groupperm" VALUES(22,'cd1943f009a54e3f84ed9334a1940766',0,1,'2019-11-16 09:53:25.295991','2019-11-16 09:53:25.296022',0,0,2,9);
INSERT INTO "oneid_meta_groupperm" VALUES(23,'a550585329614c23b48f07e178a676ce',0,1,'2019-11-16 09:53:25.300202','2019-11-16 09:53:25.300234',0,0,3,9);
INSERT INTO "oneid_meta_groupperm" VALUES(24,'eb7376ae4e454817bd67419ef216b9b4',0,1,'2019-11-16 09:53:25.302828','2019-11-16 09:53:25.302856',0,0,4,9);
INSERT INTO "oneid_meta_groupperm" VALUES(25,'a73f8670c20741808dac4a402f9ef02c',0,1,'2019-11-16 09:53:25.305248','2019-11-16 09:53:25.305274',0,0,5,9);
INSERT INTO "oneid_meta_groupperm" VALUES(26,'ccab1ef8ecc4437497bd75a774ddceb3',0,1,'2019-11-16 09:53:25.307474','2019-11-16 09:53:25.307498',0,0,6,9);
INSERT INTO "oneid_meta_groupperm" VALUES(27,'6eda65ab1c744796bbccd32837f33f7d',0,1,'2019-11-16 09:53:25.309879','2019-11-16 09:53:25.309904',0,0,7,9);
INSERT INTO "oneid_meta_groupperm" VALUES(28,'9514a08a03c8481fb4c8060b9edc221c',0,1,'2019-11-16 09:53:25.312169','2019-11-16 09:53:25.312193',0,0,8,9);
INSERT INTO "oneid_meta_groupperm" VALUES(29,'97fcb7a0421b4925a6b691515e7727b3',0,1,'2019-11-16 09:53:25.315239','2019-11-16 09:53:25.315300',0,0,9,9);
INSERT INTO "oneid_meta_groupperm" VALUES(30,'a863f6a6784f4291b5924d7b218f46a8',0,1,'2019-11-16 09:53:25.318490','2019-11-16 09:53:25.318520',0,0,10,9);
INSERT INTO "oneid_meta_groupperm" VALUES(31,'aa41e647341e470688d496511d1be5d1',0,1,'2019-11-16 09:53:39.801813','2019-11-16 09:53:39.801841',0,0,1,10);
INSERT INTO "oneid_meta_groupperm" VALUES(32,'8dbbe4577e92427c965212400a674900',0,1,'2019-11-16 09:53:39.805537','2019-11-16 09:53:39.805588',0,0,2,10);
INSERT INTO "oneid_meta_groupperm" VALUES(33,'79e08a1ecc974ffa946463dcc541bd67',0,1,'2019-11-16 09:53:39.809843','2019-11-16 09:53:39.809890',0,0,3,10);
INSERT INTO "oneid_meta_groupperm" VALUES(34,'2c936355771445bb8115d878c030f7dc',0,1,'2019-11-16 09:53:39.812578','2019-11-16 09:53:39.812605',0,0,4,10);
INSERT INTO "oneid_meta_groupperm" VALUES(35,'f9772484d7334213b676bbd0858c0968',0,1,'2019-11-16 09:53:39.815003','2019-11-16 09:53:39.815028',0,0,5,10);
INSERT INTO "oneid_meta_groupperm" VALUES(36,'c564611225854aeead1ecb594c1299e5',0,1,'2019-11-16 09:53:39.817282','2019-11-16 09:53:39.817306',0,0,6,10);
INSERT INTO "oneid_meta_groupperm" VALUES(37,'268b468b46b44b279fdb9895da995276',0,1,'2019-11-16 09:53:39.819571','2019-11-16 09:53:39.819594',0,0,7,10);
INSERT INTO "oneid_meta_groupperm" VALUES(38,'661c1c6e2be3429c89dba408b6774a35',0,1,'2019-11-16 09:53:39.821917','2019-11-16 09:53:39.821942',0,0,8,10);
INSERT INTO "oneid_meta_groupperm" VALUES(39,'cf7b6c0e089a442a9b327323788770b8',0,1,'2019-11-16 09:53:39.825318','2019-11-16 09:53:39.825351',0,0,9,10);
INSERT INTO "oneid_meta_groupperm" VALUES(40,'1436aed433e245ea9a7948f585162b4c',0,1,'2019-11-16 09:53:39.828061','2019-11-16 09:53:39.828089',0,0,10,10);
INSERT INTO "oneid_meta_groupperm" VALUES(41,'2fe44bc7cf7a4006a6a6e1b567af7494',0,1,'2019-11-16 09:53:49.205057','2019-11-16 09:53:49.205083',0,0,1,11);
INSERT INTO "oneid_meta_groupperm" VALUES(42,'d480ff11339147b2a970a46f29637efd',0,1,'2019-11-16 09:53:49.207693','2019-11-16 09:53:49.207723',0,0,2,11);
INSERT INTO "oneid_meta_groupperm" VALUES(43,'dbad605f517a4f29923d85aa7d322738',0,1,'2019-11-16 09:53:49.211864','2019-11-16 09:53:49.211896',0,0,3,11);
INSERT INTO "oneid_meta_groupperm" VALUES(44,'c27ddd22a8314dcebbb5b2918e4760c9',0,1,'2019-11-16 09:53:49.215437','2019-11-16 09:53:49.215569',0,0,4,11);
INSERT INTO "oneid_meta_groupperm" VALUES(45,'1e977fe861a34d09a8f121494c2e00a1',0,1,'2019-11-16 09:53:49.218522','2019-11-16 09:53:49.218551',0,0,5,11);
INSERT INTO "oneid_meta_groupperm" VALUES(46,'8d9befc6ac9b487b9af1ba97afe6f9f5',0,1,'2019-11-16 09:53:49.220767','2019-11-16 09:53:49.220791',0,0,6,11);
INSERT INTO "oneid_meta_groupperm" VALUES(47,'e4c0097655d4422db9de0f19e19eacab',0,1,'2019-11-16 09:53:49.222945','2019-11-16 09:53:49.222969',0,0,7,11);
INSERT INTO "oneid_meta_groupperm" VALUES(48,'cdb6141b679840bcbb922c865a02db8b',0,1,'2019-11-16 09:53:49.225124','2019-11-16 09:53:49.225148',0,0,8,11);
INSERT INTO "oneid_meta_groupperm" VALUES(49,'33658291d83e4d23a78ead69a8459125',0,1,'2019-11-16 09:53:49.227925','2019-11-16 09:53:49.227953',0,0,9,11);
INSERT INTO "oneid_meta_groupperm" VALUES(50,'52e6896e623a478c97c03bee5e5ba494',0,1,'2019-11-16 09:53:49.231122','2019-11-16 09:53:49.231198',0,0,10,11);
INSERT INTO "oneid_meta_groupperm" VALUES(51,'32fde405d9fa4e159c6ff87e80054b38',0,1,'2019-11-16 09:53:57.025426','2019-11-16 09:53:57.025545',0,0,1,12);
INSERT INTO "oneid_meta_groupperm" VALUES(52,'fa17356934384faa87b189784acd62de',0,1,'2019-11-16 09:53:57.028651','2019-11-16 09:53:57.028684',0,0,2,12);
INSERT INTO "oneid_meta_groupperm" VALUES(53,'55d81c8f9a884a509e5071d5c4fe6e29',0,1,'2019-11-16 09:53:57.032680','2019-11-16 09:53:57.032712',0,0,3,12);
INSERT INTO "oneid_meta_groupperm" VALUES(54,'ed7874460a934cf28f24b5ba0f63ce79',0,1,'2019-11-16 09:53:57.035239','2019-11-16 09:53:57.035265',0,0,4,12);
INSERT INTO "oneid_meta_groupperm" VALUES(55,'f87326be4c82429398cbe2a0fbaf6c1d',0,1,'2019-11-16 09:53:57.038121','2019-11-16 09:53:57.038186',0,0,5,12);
INSERT INTO "oneid_meta_groupperm" VALUES(56,'7637481b5fa849d884fd2caee7258751',0,1,'2019-11-16 09:53:57.041511','2019-11-16 09:53:57.041542',0,0,6,12);
INSERT INTO "oneid_meta_groupperm" VALUES(57,'2d91a4c00b53473ea51dde410f5c1121',0,1,'2019-11-16 09:53:57.044142','2019-11-16 09:53:57.044167',0,0,7,12);
INSERT INTO "oneid_meta_groupperm" VALUES(58,'350f136fc2b748aeab2e1229e545d582',0,1,'2019-11-16 09:53:57.046469','2019-11-16 09:53:57.046494',0,0,8,12);
INSERT INTO "oneid_meta_groupperm" VALUES(59,'eb78654cb67149b4beefe63af230d47c',0,1,'2019-11-16 09:53:57.048762','2019-11-16 09:53:57.048786',0,0,9,12);
INSERT INTO "oneid_meta_groupperm" VALUES(60,'54f51a58fff4485983c4d264779cf839',0,1,'2019-11-16 09:53:57.051261','2019-11-16 09:53:57.051287',0,0,10,12);
INSERT INTO "oneid_meta_groupperm" VALUES(61,'8699c9342c304ea486a4f1909169bc8a',0,1,'2019-11-16 09:54:06.038138','2019-11-16 09:54:06.038185',0,0,1,13);
INSERT INTO "oneid_meta_groupperm" VALUES(62,'570413936f2b4d3f9dae3eedc2dca09b',0,1,'2019-11-16 09:54:06.042295','2019-11-16 09:54:06.042326',0,0,2,13);
INSERT INTO "oneid_meta_groupperm" VALUES(63,'a291ecdf7c354f3b9d766cea5584cd8c',0,1,'2019-11-16 09:54:06.045514','2019-11-16 09:54:06.045628',0,0,3,13);
INSERT INTO "oneid_meta_groupperm" VALUES(64,'c366213d5c3347dbb2275922c3629b26',0,1,'2019-11-16 09:54:06.048522','2019-11-16 09:54:06.048551',0,0,4,13);
INSERT INTO "oneid_meta_groupperm" VALUES(65,'2db37870e2f24cc5a5eb60cd761c032c',0,1,'2019-11-16 09:54:06.051001','2019-11-16 09:54:06.051056',0,0,5,13);
INSERT INTO "oneid_meta_groupperm" VALUES(66,'74e91809531e4695ac05a0f1445571aa',0,1,'2019-11-16 09:54:06.053268','2019-11-16 09:54:06.053293',0,0,6,13);
INSERT INTO "oneid_meta_groupperm" VALUES(67,'02da585454e749a1b8950e762062ccac',0,1,'2019-11-16 09:54:06.055505','2019-11-16 09:54:06.055528',0,0,7,13);
INSERT INTO "oneid_meta_groupperm" VALUES(68,'2922b566aa414e4b98a18e82fd394fe1',0,1,'2019-11-16 09:54:06.058404','2019-11-16 09:54:06.058432',0,0,8,13);
INSERT INTO "oneid_meta_groupperm" VALUES(69,'dfef43c2a3fd405d90f2063a11eb1daa',0,1,'2019-11-16 09:54:06.061258','2019-11-16 09:54:06.061303',0,0,9,13);
INSERT INTO "oneid_meta_groupperm" VALUES(70,'0df092ed237448968f4f6aebb48fed21',0,1,'2019-11-16 09:54:06.064772','2019-11-16 09:54:06.064804',0,0,10,13);
INSERT INTO "oneid_meta_groupperm" VALUES(71,'cfd1372a522a4b1f95163be7eb2b0038',0,1,'2019-11-16 09:54:15.682074','2019-11-16 09:54:15.682103',0,0,1,14);
INSERT INTO "oneid_meta_groupperm" VALUES(72,'f7d294febd2548c8835d82c487dc74c8',0,1,'2019-11-16 09:54:15.685253','2019-11-16 09:54:15.685288',0,0,2,14);
INSERT INTO "oneid_meta_groupperm" VALUES(73,'8b3afcc331c44ec8b856ef4fe8772fdb',0,1,'2019-11-16 09:54:15.689298','2019-11-16 09:54:15.689330',0,0,3,14);
INSERT INTO "oneid_meta_groupperm" VALUES(74,'3e2e50196ae146c6bb304308bcab541a',0,1,'2019-11-16 09:54:15.691961','2019-11-16 09:54:15.691991',0,0,4,14);
INSERT INTO "oneid_meta_groupperm" VALUES(75,'a3be2372fee54a29ac20d005fb1cf2b6',0,1,'2019-11-16 09:54:15.694648','2019-11-16 09:54:15.694676',0,0,5,14);
INSERT INTO "oneid_meta_groupperm" VALUES(76,'bfb28215500547ca974f4a7920dcdde8',0,1,'2019-11-16 09:54:15.696987','2019-11-16 09:54:15.697012',0,0,6,14);
INSERT INTO "oneid_meta_groupperm" VALUES(77,'39e04472288348a79ef2ece324e80570',0,1,'2019-11-16 09:54:15.699370','2019-11-16 09:54:15.699394',0,0,7,14);
INSERT INTO "oneid_meta_groupperm" VALUES(78,'3b6371be24444e71a01b8e7882ef49e6',0,1,'2019-11-16 09:54:15.702869','2019-11-16 09:54:15.702920',0,0,8,14);
INSERT INTO "oneid_meta_groupperm" VALUES(79,'9e82610ed9b94ce28def5c167d0502fc',0,1,'2019-11-16 09:54:15.706223','2019-11-16 09:54:15.706254',0,0,9,14);
INSERT INTO "oneid_meta_groupperm" VALUES(80,'afab3db8876443d2bf2103995ec90eb5',0,1,'2019-11-16 09:54:15.708602','2019-11-16 09:54:15.708627',0,0,10,14);
INSERT INTO "oneid_meta_groupperm" VALUES(81,'d33edb39db934c0984c854696ca915df',0,1,'2019-11-16 09:54:23.365520','2019-11-16 09:54:23.365556',0,0,1,15);
INSERT INTO "oneid_meta_groupperm" VALUES(82,'eb2692b1611345dc995a01500468633b',0,1,'2019-11-16 09:54:23.369509','2019-11-16 09:54:23.369540',0,0,2,15);
INSERT INTO "oneid_meta_groupperm" VALUES(83,'294ed53fb70c47aaaf2dc67e077aacb8',0,1,'2019-11-16 09:54:23.371944','2019-11-16 09:54:23.371971',0,0,3,15);
INSERT INTO "oneid_meta_groupperm" VALUES(84,'9c631590898849dfb8aa45445cdb1985',0,1,'2019-11-16 09:54:23.375258','2019-11-16 09:54:23.375290',0,0,4,15);
INSERT INTO "oneid_meta_groupperm" VALUES(85,'6fea35dc623148acac75c16b8e9b0a0c',0,1,'2019-11-16 09:54:23.378185','2019-11-16 09:54:23.378214',0,0,5,15);
INSERT INTO "oneid_meta_groupperm" VALUES(86,'dabed8042ea64d73ba1a6637e9b84457',0,1,'2019-11-16 09:54:23.380500','2019-11-16 09:54:23.380525',0,0,6,15);
INSERT INTO "oneid_meta_groupperm" VALUES(87,'f93a4f0a3cfd43b78cfac268114c0646',0,1,'2019-11-16 09:54:23.382862','2019-11-16 09:54:23.382888',0,0,7,15);
INSERT INTO "oneid_meta_groupperm" VALUES(88,'3e45a4ed8dd2434f89b81f35df64c528',0,1,'2019-11-16 09:54:23.385216','2019-11-16 09:54:23.385242',0,0,8,15);
INSERT INTO "oneid_meta_groupperm" VALUES(89,'84199de1aaea4981bd1ca5780f2813ef',0,1,'2019-11-16 09:54:23.387740','2019-11-16 09:54:23.387765',0,0,9,15);
INSERT INTO "oneid_meta_groupperm" VALUES(90,'1a80a89d5d0b4728b5d6d1f475b155ab',0,1,'2019-11-16 09:54:23.390367','2019-11-16 09:54:23.390400',0,0,10,15);
INSERT INTO "oneid_meta_groupperm" VALUES(91,'b42fad0fd8924de9aad74d8ebefd3367',0,1,'2019-11-16 09:54:35.875044','2019-11-16 09:54:35.875073',0,0,1,16);
INSERT INTO "oneid_meta_groupperm" VALUES(92,'9b3e4d69d799446fa727203760401425',0,1,'2019-11-16 09:54:35.879000','2019-11-16 09:54:35.879067',0,0,2,16);
INSERT INTO "oneid_meta_groupperm" VALUES(93,'29c95900b6df4e299c88bd1cc897245a',0,1,'2019-11-16 09:54:35.882912','2019-11-16 09:54:35.883011',0,0,3,16);
INSERT INTO "oneid_meta_groupperm" VALUES(94,'3d1dfbec461c4fb78d400b7a5bc35be0',0,1,'2019-11-16 09:54:35.886709','2019-11-16 09:54:35.886740',0,0,4,16);
INSERT INTO "oneid_meta_groupperm" VALUES(95,'77ed116f0da64dbfba55c181da8534ae',0,1,'2019-11-16 09:54:35.889042','2019-11-16 09:54:35.889067',0,0,5,16);
INSERT INTO "oneid_meta_groupperm" VALUES(96,'b1b27cd6b40942529e3678f03dc46aa6',0,1,'2019-11-16 09:54:35.891404','2019-11-16 09:54:35.891430',0,0,6,16);
INSERT INTO "oneid_meta_groupperm" VALUES(97,'f772ed858c5f43848b99df844b9933be',0,1,'2019-11-16 09:54:35.895948','2019-11-16 09:54:35.895978',0,0,7,16);
INSERT INTO "oneid_meta_groupperm" VALUES(98,'592ee88e89c94cb79b00580be79b05a3',0,1,'2019-11-16 09:54:35.898520','2019-11-16 09:54:35.898549',0,0,8,16);
INSERT INTO "oneid_meta_groupperm" VALUES(99,'bf0c582f032346b18362aea0cebbfcbd',0,1,'2019-11-16 09:54:35.901980','2019-11-16 09:54:35.902010',0,0,9,16);
INSERT INTO "oneid_meta_groupperm" VALUES(100,'0ab8b25467904ee8b1c8a337145fd6bd',0,1,'2019-11-16 09:54:35.904822','2019-11-16 09:54:35.904851',0,0,10,16);
INSERT INTO "oneid_meta_groupperm" VALUES(101,'72cd4b577bf943a1a78ab43aab1d9ccc',0,1,'2019-11-16 10:00:41.776175','2019-11-16 10:00:41.776206',0,0,1,17);
INSERT INTO "oneid_meta_groupperm" VALUES(102,'caf660166fdb40baa32bb5a76ed6156c',0,1,'2019-11-16 10:00:41.778793','2019-11-16 10:00:41.778822',0,0,2,17);
INSERT INTO "oneid_meta_groupperm" VALUES(103,'3ae97a1dea68494b976774fa6a8d8632',0,1,'2019-11-16 10:00:41.781560','2019-11-16 10:00:41.781596',0,0,3,17);
INSERT INTO "oneid_meta_groupperm" VALUES(104,'fb7548f9e71a436d8384327ac2fcb490',0,1,'2019-11-16 10:00:41.784654','2019-11-16 10:00:41.784700',0,0,4,17);
INSERT INTO "oneid_meta_groupperm" VALUES(105,'5c5e28b7d8f84e8c90643f65c007a3f2',0,1,'2019-11-16 10:00:41.788273','2019-11-16 10:00:41.788333',0,0,5,17);
INSERT INTO "oneid_meta_groupperm" VALUES(106,'e3f9bf4291ad487aa1a2fe2a0db3408d',0,1,'2019-11-16 10:00:41.792130','2019-11-16 10:00:41.792175',0,0,6,17);
INSERT INTO "oneid_meta_groupperm" VALUES(107,'1ff0dc648f3442229914742f7e1751a2',0,1,'2019-11-16 10:00:41.795319','2019-11-16 10:00:41.795348',0,0,7,17);
INSERT INTO "oneid_meta_groupperm" VALUES(108,'f175b46a6725447098e4f6e18042d816',0,1,'2019-11-16 10:00:41.798247','2019-11-16 10:00:41.798278',0,0,8,17);
INSERT INTO "oneid_meta_groupperm" VALUES(109,'5f6df3501d26444496fc8cf91e662034',0,1,'2019-11-16 10:00:41.801321','2019-11-16 10:00:41.801352',0,0,9,17);
INSERT INTO "oneid_meta_groupperm" VALUES(110,'9241ff3d34b84ff5bcfe4bd79ade1508',0,1,'2019-11-16 10:00:41.804174','2019-11-16 10:00:41.804279',0,0,10,17);
INSERT INTO "oneid_meta_groupperm" VALUES(111,'c4d569061e154e5d8465b6562f52f7d2',0,1,'2019-11-16 10:00:57.237740','2019-11-16 10:00:57.237768',0,0,1,18);
INSERT INTO "oneid_meta_groupperm" VALUES(112,'fca581bf3c8e422a8f94e7ab8cf40a13',0,1,'2019-11-16 10:00:57.240583','2019-11-16 10:00:57.240616',0,0,2,18);
INSERT INTO "oneid_meta_groupperm" VALUES(113,'a7136cfa7bee40d3a9f7bfef8a3047b3',0,1,'2019-11-16 10:00:57.243733','2019-11-16 10:00:57.243765',0,0,3,18);
INSERT INTO "oneid_meta_groupperm" VALUES(114,'6ca49441d3b443adae066a2a144b8241',0,1,'2019-11-16 10:00:57.246572','2019-11-16 10:00:57.246607',0,0,4,18);
INSERT INTO "oneid_meta_groupperm" VALUES(115,'c8080824db8f4520887acc5f7a42e4bc',0,1,'2019-11-16 10:00:57.250754','2019-11-16 10:00:57.250817',0,0,5,18);
INSERT INTO "oneid_meta_groupperm" VALUES(116,'75976bab966e48da8f9bed7f58da57f3',0,1,'2019-11-16 10:00:57.254854','2019-11-16 10:00:57.254888',0,0,6,18);
INSERT INTO "oneid_meta_groupperm" VALUES(117,'bd96207513424239b1fbbd0a612b03d7',0,1,'2019-11-16 10:00:57.258056','2019-11-16 10:00:57.258088',0,0,7,18);
INSERT INTO "oneid_meta_groupperm" VALUES(118,'70f58fe0bc604cfb923d4ed09d042723',0,1,'2019-11-16 10:00:57.260853','2019-11-16 10:00:57.260885',0,0,8,18);
INSERT INTO "oneid_meta_groupperm" VALUES(119,'cb2cf5368bb2415fb4f862e53f942e82',0,1,'2019-11-16 10:00:57.263967','2019-11-16 10:00:57.263998',0,0,9,18);
INSERT INTO "oneid_meta_groupperm" VALUES(120,'db31a92bdd04493e8d11137f2adf846f',0,1,'2019-11-16 10:00:57.266418','2019-11-16 10:00:57.266459',0,0,10,18);
INSERT INTO "oneid_meta_groupperm" VALUES(121,'ce1913e628684a9f9fc4a7e353b26cc4',0,1,'2019-11-16 10:01:13.592415','2019-11-16 10:01:13.592455',0,0,1,19);
INSERT INTO "oneid_meta_groupperm" VALUES(122,'5a2b621409bf4769a0b5aeb3592f2a6b',0,1,'2019-11-16 10:01:13.596176','2019-11-16 10:01:13.596209',0,0,2,19);
INSERT INTO "oneid_meta_groupperm" VALUES(123,'6d65dc5eff804fdbbe22d12f8d678bdc',0,1,'2019-11-16 10:01:13.598845','2019-11-16 10:01:13.598874',0,0,3,19);
INSERT INTO "oneid_meta_groupperm" VALUES(124,'def4ba72c7e94022aa6031c9cf3f0c3d',0,1,'2019-11-16 10:01:13.601217','2019-11-16 10:01:13.601244',0,0,4,19);
INSERT INTO "oneid_meta_groupperm" VALUES(125,'cfb127941ad444e690d270c1fd99a35b',0,1,'2019-11-16 10:01:13.604300','2019-11-16 10:01:13.604338',0,0,5,19);
INSERT INTO "oneid_meta_groupperm" VALUES(126,'024b5355f0ed4756b43c09d0068a3dd2',0,1,'2019-11-16 10:01:13.607958','2019-11-16 10:01:13.607993',0,0,6,19);
INSERT INTO "oneid_meta_groupperm" VALUES(127,'4288dff20bda40379fde0f1e6c9e849f',0,1,'2019-11-16 10:01:13.611618','2019-11-16 10:01:13.611652',0,0,7,19);
INSERT INTO "oneid_meta_groupperm" VALUES(128,'be4f78d70f7d4cc2bffcc29dba00f873',0,1,'2019-11-16 10:01:13.615098','2019-11-16 10:01:13.615130',0,0,8,19);
INSERT INTO "oneid_meta_groupperm" VALUES(129,'a1ab9d55c1694566a3bc2e3e9ec9e327',0,1,'2019-11-16 10:01:13.617913','2019-11-16 10:01:13.617946',0,0,9,19);
INSERT INTO "oneid_meta_groupperm" VALUES(130,'779b899fd84e4a9198bd4c24e8181e01',0,1,'2019-11-16 10:01:13.620992','2019-11-16 10:01:13.621024',0,0,10,19);
INSERT INTO "oneid_meta_groupperm" VALUES(131,'2044fa15e24b4f3aaed6f247815890fb',0,1,'2019-11-16 10:01:32.321244','2019-11-16 10:01:32.321276',0,0,1,20);
INSERT INTO "oneid_meta_groupperm" VALUES(132,'547b28976a35417a994c23987af4d2e0',0,1,'2019-11-16 10:01:32.325100','2019-11-16 10:01:32.325163',0,0,2,20);
INSERT INTO "oneid_meta_groupperm" VALUES(133,'0f72712169634681972e5c29de09a822',0,1,'2019-11-16 10:01:32.328691','2019-11-16 10:01:32.328722',0,0,3,20);
INSERT INTO "oneid_meta_groupperm" VALUES(134,'64aa81a4944e48d99329314bf421b577',0,1,'2019-11-16 10:01:32.330976','2019-11-16 10:01:32.331001',0,0,4,20);
INSERT INTO "oneid_meta_groupperm" VALUES(135,'45b811788d884cabb658237b45c76d5f',0,1,'2019-11-16 10:01:32.333612','2019-11-16 10:01:32.333647',0,0,5,20);
INSERT INTO "oneid_meta_groupperm" VALUES(136,'2f95b9c348954b528835691c89ef8600',0,1,'2019-11-16 10:01:32.337003','2019-11-16 10:01:32.337041',0,0,6,20);
INSERT INTO "oneid_meta_groupperm" VALUES(137,'358d00d521c747a3a9b19c692e9779bd',0,1,'2019-11-16 10:01:32.340562','2019-11-16 10:01:32.340596',0,0,7,20);
INSERT INTO "oneid_meta_groupperm" VALUES(138,'bc2313d751184d0f83915e2895b9c166',0,1,'2019-11-16 10:01:32.344323','2019-11-16 10:01:32.344354',0,0,8,20);
INSERT INTO "oneid_meta_groupperm" VALUES(139,'05c3ae2223cf4e749863a3ae9a00a20d',0,1,'2019-11-16 10:01:32.346905','2019-11-16 10:01:32.346933',0,0,9,20);
INSERT INTO "oneid_meta_groupperm" VALUES(140,'3df35dc89919456fb286f0ad32700d88',0,1,'2019-11-16 10:01:32.349339','2019-11-16 10:01:32.349370',0,0,10,20);
INSERT INTO "oneid_meta_groupperm" VALUES(141,'b25869764e4d4c348b947c95998241e5',0,1,'2019-11-16 10:01:46.866937','2019-11-16 10:01:46.866968',0,0,1,21);
INSERT INTO "oneid_meta_groupperm" VALUES(142,'565a23c9d64b4edd84fdb43ff9ea100c',0,1,'2019-11-16 10:01:46.869336','2019-11-16 10:01:46.869365',0,0,2,21);
INSERT INTO "oneid_meta_groupperm" VALUES(143,'547d52469c734682a019e483d3289b36',0,1,'2019-11-16 10:01:46.871525','2019-11-16 10:01:46.871551',0,0,3,21);
INSERT INTO "oneid_meta_groupperm" VALUES(144,'78915abf77ab4a53a9bca081e1858d25',0,1,'2019-11-16 10:01:46.874193','2019-11-16 10:01:46.874242',0,0,4,21);
INSERT INTO "oneid_meta_groupperm" VALUES(145,'e3836f81be3e4399a3e8ad697619a89a',0,1,'2019-11-16 10:01:46.877225','2019-11-16 10:01:46.877263',0,0,5,21);
INSERT INTO "oneid_meta_groupperm" VALUES(146,'3ccc82c6f3c441489f97dc794e47354c',0,1,'2019-11-16 10:01:46.881009','2019-11-16 10:01:46.881041',0,0,6,21);
INSERT INTO "oneid_meta_groupperm" VALUES(147,'d73f0c4ef8bd4aaf87e5f25087959600',0,1,'2019-11-16 10:01:46.885095','2019-11-16 10:01:46.885167',0,0,7,21);
INSERT INTO "oneid_meta_groupperm" VALUES(148,'392d57c40cde420c9a1d865108db57f7',0,1,'2019-11-16 10:01:46.887619','2019-11-16 10:01:46.887647',0,0,8,21);
INSERT INTO "oneid_meta_groupperm" VALUES(149,'be706eba05674f83affd07b71f9ae166',0,1,'2019-11-16 10:01:46.889998','2019-11-16 10:01:46.890024',0,0,9,21);
INSERT INTO "oneid_meta_groupperm" VALUES(150,'512fc319ebda4688be0879194476858c',0,1,'2019-11-16 10:01:46.892729','2019-11-16 10:01:46.892764',0,0,10,21);
INSERT INTO "oneid_meta_groupperm" VALUES(151,'6cd45752a80740519dd2916ece28911d',0,1,'2019-11-16 10:01:58.598677','2019-11-16 10:01:58.598710',0,0,1,22);
INSERT INTO "oneid_meta_groupperm" VALUES(152,'1c8c1603cc9d4c3ba0f518357b94977b',0,1,'2019-11-16 10:01:58.602264','2019-11-16 10:01:58.602300',0,0,2,22);
INSERT INTO "oneid_meta_groupperm" VALUES(153,'ae86f35b473a429784463a8d5d2bc956',0,1,'2019-11-16 10:01:58.605453','2019-11-16 10:01:58.605487',0,0,3,22);
INSERT INTO "oneid_meta_groupperm" VALUES(154,'6a609499169f478a9f7cb972d293259e',0,1,'2019-11-16 10:01:58.609327','2019-11-16 10:01:58.609377',0,0,4,22);
INSERT INTO "oneid_meta_groupperm" VALUES(155,'4ad499c7b3db438cac0ff853ea331dca',0,1,'2019-11-16 10:01:58.612567','2019-11-16 10:01:58.612603',0,0,5,22);
INSERT INTO "oneid_meta_groupperm" VALUES(156,'ff4923a34a814b07b4ca518df0265aec',0,1,'2019-11-16 10:01:58.616675','2019-11-16 10:01:58.616710',0,0,6,22);
INSERT INTO "oneid_meta_groupperm" VALUES(157,'71a01800126a40c8a78cede28b73fe13',0,1,'2019-11-16 10:01:58.620690','2019-11-16 10:01:58.620784',0,0,7,22);
INSERT INTO "oneid_meta_groupperm" VALUES(158,'9a50203a86b44b36b9514f78c1306008',0,1,'2019-11-16 10:01:58.623997','2019-11-16 10:01:58.624028',0,0,8,22);
INSERT INTO "oneid_meta_groupperm" VALUES(159,'8f908ffe45d14fb7b5b7e8cd1cb008df',0,1,'2019-11-16 10:01:58.626449','2019-11-16 10:01:58.626475',0,0,9,22);
INSERT INTO "oneid_meta_groupperm" VALUES(160,'7a8661ecc2974ccbab3b6b81de7910be',0,1,'2019-11-16 10:01:58.629542','2019-11-16 10:01:58.629623',0,0,10,22);
INSERT INTO "oneid_meta_groupperm" VALUES(161,'4fcbe0b80eed4eafb8d3b29357f167e3',0,1,'2019-11-16 10:02:09.006948','2019-11-16 10:02:09.007015',0,0,1,23);
INSERT INTO "oneid_meta_groupperm" VALUES(162,'9c5ba40426c94a49944bae09d6b6c801',0,1,'2019-11-16 10:02:09.010870','2019-11-16 10:02:09.010918',0,0,2,23);
INSERT INTO "oneid_meta_groupperm" VALUES(163,'09d915e476cf470ab62479f47bb18b04',0,1,'2019-11-16 10:02:09.013678','2019-11-16 10:02:09.013708',0,0,3,23);
INSERT INTO "oneid_meta_groupperm" VALUES(164,'2a025500aa5e4edfa541467ce081df11',0,1,'2019-11-16 10:02:09.016544','2019-11-16 10:02:09.016574',0,0,4,23);
INSERT INTO "oneid_meta_groupperm" VALUES(165,'9b6012b4f0d14ef6812f3618a12cbd2e',0,1,'2019-11-16 10:02:09.019116','2019-11-16 10:02:09.019145',0,0,5,23);
INSERT INTO "oneid_meta_groupperm" VALUES(166,'dd6219f30db14ad1a43e749c85e539bf',0,1,'2019-11-16 10:02:09.021905','2019-11-16 10:02:09.021948',0,0,6,23);
INSERT INTO "oneid_meta_groupperm" VALUES(167,'2b9032ef6db540748a3ac845d22bf0bd',0,1,'2019-11-16 10:02:09.025596','2019-11-16 10:02:09.025642',0,0,7,23);
INSERT INTO "oneid_meta_groupperm" VALUES(168,'3cb3b7d684fc400bb917c11d9fac0970',0,1,'2019-11-16 10:02:09.029274','2019-11-16 10:02:09.029305',0,0,8,23);
INSERT INTO "oneid_meta_groupperm" VALUES(169,'eaf537198fdc487fa03327b53472a057',0,1,'2019-11-16 10:02:09.031946','2019-11-16 10:02:09.031975',0,0,9,23);
INSERT INTO "oneid_meta_groupperm" VALUES(170,'7e0239a1e6eb4ec781df4d991e1fa06d',0,1,'2019-11-16 10:02:09.034259','2019-11-16 10:02:09.034285',0,0,10,23);
INSERT INTO "oneid_meta_groupperm" VALUES(171,'099401a990394f5d959db69883f5b239',0,1,'2019-11-16 10:02:16.333815','2019-11-16 10:02:16.333851',0,0,1,24);
INSERT INTO "oneid_meta_groupperm" VALUES(172,'19e03fb05cc848ccbc71dd14b6dd2c3c',0,1,'2019-11-16 10:02:16.337429','2019-11-16 10:02:16.337461',0,0,2,24);
INSERT INTO "oneid_meta_groupperm" VALUES(173,'6132c383d1f642c09845e3800ae276a8',0,1,'2019-11-16 10:02:16.340787','2019-11-16 10:02:16.340854',0,0,3,24);
INSERT INTO "oneid_meta_groupperm" VALUES(174,'54aff2def09548d7b17b0efb87008b58',0,1,'2019-11-16 10:02:16.343923','2019-11-16 10:02:16.343954',0,0,4,24);
INSERT INTO "oneid_meta_groupperm" VALUES(175,'6fb3930e3fa14e8a914fbb68ce26440a',0,1,'2019-11-16 10:02:16.346662','2019-11-16 10:02:16.346694',0,0,5,24);
INSERT INTO "oneid_meta_groupperm" VALUES(176,'6a83ae99d8364369a2df435d7b6a8c36',0,1,'2019-11-16 10:02:16.349581','2019-11-16 10:02:16.349614',0,0,6,24);
INSERT INTO "oneid_meta_groupperm" VALUES(177,'cd87f30212ab446f88e956de1988ece4',0,1,'2019-11-16 10:02:16.353274','2019-11-16 10:02:16.353311',0,0,7,24);
INSERT INTO "oneid_meta_groupperm" VALUES(178,'184f2e4da5884a95a333a45db7eafcfa',0,1,'2019-11-16 10:02:16.356907','2019-11-16 10:02:16.356938',0,0,8,24);
INSERT INTO "oneid_meta_groupperm" VALUES(179,'44c9bcc3b53546538fc2073b175d47f6',0,1,'2019-11-16 10:02:16.359952','2019-11-16 10:02:16.359981',0,0,9,24);
INSERT INTO "oneid_meta_groupperm" VALUES(180,'d36361f80959444b8726df22d679440d',0,1,'2019-11-16 10:02:16.363128','2019-11-16 10:02:16.363158',0,0,10,24);
INSERT INTO "oneid_meta_groupperm" VALUES(181,'37c9c66e06f9496fa15875af6ef7be80',0,1,'2019-11-16 10:02:23.262454','2019-11-16 10:02:23.262488',0,0,1,25);
INSERT INTO "oneid_meta_groupperm" VALUES(182,'bec57725822b4a0199e59a9dfb626d8b',0,1,'2019-11-16 10:02:23.265727','2019-11-16 10:02:23.265763',0,0,2,25);
INSERT INTO "oneid_meta_groupperm" VALUES(183,'908c431a0e6847f5918aa4f2cb035577',0,1,'2019-11-16 10:02:23.268958','2019-11-16 10:02:23.268992',0,0,3,25);
INSERT INTO "oneid_meta_groupperm" VALUES(184,'ecfab07fa1c342ed9abb14e22ccd1b0b',0,1,'2019-11-16 10:02:23.272248','2019-11-16 10:02:23.272284',0,0,4,25);
INSERT INTO "oneid_meta_groupperm" VALUES(185,'a261dd6678914412bbd93b223c5951b3',0,1,'2019-11-16 10:02:23.275235','2019-11-16 10:02:23.275267',0,0,5,25);
INSERT INTO "oneid_meta_groupperm" VALUES(186,'bc854cf18d274e96a180fe859065194d',0,1,'2019-11-16 10:02:23.278301','2019-11-16 10:02:23.278336',0,0,6,25);
INSERT INTO "oneid_meta_groupperm" VALUES(187,'90bb7f3c392b457d9256524a708c2cc5',0,1,'2019-11-16 10:02:23.281630','2019-11-16 10:02:23.281662',0,0,7,25);
INSERT INTO "oneid_meta_groupperm" VALUES(188,'56657ca75eb1493196f6f4c0047c0f14',0,1,'2019-11-16 10:02:23.284370','2019-11-16 10:02:23.284402',0,0,8,25);
INSERT INTO "oneid_meta_groupperm" VALUES(189,'7ead0624dde34313beaebe0f58770766',0,1,'2019-11-16 10:02:23.287165','2019-11-16 10:02:23.287199',0,0,9,25);
INSERT INTO "oneid_meta_groupperm" VALUES(190,'3712cbbf9db64bd4b15f23f8761d02d4',0,1,'2019-11-16 10:02:23.290260','2019-11-16 10:02:23.290305',0,0,10,25);
INSERT INTO "oneid_meta_groupperm" VALUES(191,'d64fca0856eb44059e6b176c820fcc1f',0,1,'2019-11-16 10:02:32.389306','2019-11-16 10:02:32.389340',0,0,1,26);
INSERT INTO "oneid_meta_groupperm" VALUES(192,'76b917ee8b05471783ff7a165f7932ff',0,1,'2019-11-16 10:02:32.392386','2019-11-16 10:02:32.392418',0,0,2,26);
INSERT INTO "oneid_meta_groupperm" VALUES(193,'be80a9a1296e4efd969e60c4428390cd',0,1,'2019-11-16 10:02:32.395233','2019-11-16 10:02:32.395271',0,0,3,26);
INSERT INTO "oneid_meta_groupperm" VALUES(194,'a6a23b626f7b451e8f0ea3b887bb8a35',0,1,'2019-11-16 10:02:32.398253','2019-11-16 10:02:32.398287',0,0,4,26);
INSERT INTO "oneid_meta_groupperm" VALUES(195,'da2eedb6fc9b4a6484b0366aa8e5d438',0,1,'2019-11-16 10:02:32.401133','2019-11-16 10:02:32.401205',0,0,5,26);
INSERT INTO "oneid_meta_groupperm" VALUES(196,'750393dd203e43c7949f3c10cf8f1ba5',0,1,'2019-11-16 10:02:32.404324','2019-11-16 10:02:32.404361',0,0,6,26);
INSERT INTO "oneid_meta_groupperm" VALUES(197,'de643d89e8674b1e9f2d5f248b418dfe',0,1,'2019-11-16 10:02:32.408209','2019-11-16 10:02:32.408293',0,0,7,26);
INSERT INTO "oneid_meta_groupperm" VALUES(198,'078a67c53cf74330b5655471e00a4170',0,1,'2019-11-16 10:02:32.411585','2019-11-16 10:02:32.411619',0,0,8,26);
INSERT INTO "oneid_meta_groupperm" VALUES(199,'47e13e3bf7244b21a11970db740600f6',0,1,'2019-11-16 10:02:32.414761','2019-11-16 10:02:32.414792',0,0,9,26);
INSERT INTO "oneid_meta_groupperm" VALUES(200,'9dcfe5a4ca8b4864a6c925011e81a8e4',0,1,'2019-11-16 10:02:32.417927','2019-11-16 10:02:32.417959',0,0,10,26);
INSERT INTO "oneid_meta_groupperm" VALUES(201,'cd389cde66174a32b208ee9421a73855',0,1,'2019-11-16 10:04:05.938641','2019-11-16 10:04:05.938764',0,0,1,27);
INSERT INTO "oneid_meta_groupperm" VALUES(202,'e94070d1135146448fbf6aaec17479a1',0,1,'2019-11-16 10:04:05.942001','2019-11-16 10:04:05.942032',0,0,2,27);
INSERT INTO "oneid_meta_groupperm" VALUES(203,'4b04207360194005a5f09d8d892bfffb',0,1,'2019-11-16 10:04:05.944740','2019-11-16 10:04:05.944773',0,0,3,27);
INSERT INTO "oneid_meta_groupperm" VALUES(204,'70b50fea3a4e4f958516266f58dd81c4',0,1,'2019-11-16 10:04:05.947732','2019-11-16 10:04:05.947764',0,0,4,27);
INSERT INTO "oneid_meta_groupperm" VALUES(205,'4f3607738dbf4b0da9a4c82fbd0f8e22',0,1,'2019-11-16 10:04:05.951297','2019-11-16 10:04:05.951383',0,0,5,27);
INSERT INTO "oneid_meta_groupperm" VALUES(206,'ca0f3437b4ad40b4af03ca331da978c1',0,1,'2019-11-16 10:04:05.955084','2019-11-16 10:04:05.955120',0,0,6,27);
INSERT INTO "oneid_meta_groupperm" VALUES(207,'b582f4f3cfa34193b3ff2ce607503778',0,1,'2019-11-16 10:04:05.959011','2019-11-16 10:04:05.959041',0,0,7,27);
INSERT INTO "oneid_meta_groupperm" VALUES(208,'b3ea8c3a7828492a9ce385f1503d6d7d',0,1,'2019-11-16 10:04:05.961869','2019-11-16 10:04:05.961901',0,0,8,27);
INSERT INTO "oneid_meta_groupperm" VALUES(209,'45f67cdfae4847468d9c78ea86fce60c',0,1,'2019-11-16 10:04:05.964965','2019-11-16 10:04:05.964998',0,0,9,27);
INSERT INTO "oneid_meta_groupperm" VALUES(210,'d283e625acc549439972dc0cfedb308c',0,1,'2019-11-16 10:04:05.968009','2019-11-16 10:04:05.968040',0,0,10,27);
INSERT INTO "oneid_meta_groupperm" VALUES(211,'2930b78a1f5843e8be526573a5feda2e',0,1,'2019-11-16 10:04:17.141247','2019-11-16 10:04:17.141282',0,0,1,28);
INSERT INTO "oneid_meta_groupperm" VALUES(212,'58107c6c04734161b999dc7b21f13ff0',0,1,'2019-11-16 10:04:17.145694','2019-11-16 10:04:17.145727',0,0,2,28);
INSERT INTO "oneid_meta_groupperm" VALUES(213,'5094ba9700144c72bd2d8b169ebf02b9',0,1,'2019-11-16 10:04:17.148751','2019-11-16 10:04:17.148780',0,0,3,28);
INSERT INTO "oneid_meta_groupperm" VALUES(214,'c87456b09b4449149de29f5a88749608',0,1,'2019-11-16 10:04:17.151087','2019-11-16 10:04:17.151118',0,0,4,28);
INSERT INTO "oneid_meta_groupperm" VALUES(215,'8fb402c1bd474e81a6ad18fa6bd063cb',0,1,'2019-11-16 10:04:17.153935','2019-11-16 10:04:17.153971',0,0,5,28);
INSERT INTO "oneid_meta_groupperm" VALUES(216,'eb08699bf7194180bc49b7b23281a8ec',0,1,'2019-11-16 10:04:17.157552','2019-11-16 10:04:17.157586',0,0,6,28);
INSERT INTO "oneid_meta_groupperm" VALUES(217,'c8b52cb95e7c457e8187c870018bbcc8',0,1,'2019-11-16 10:04:17.161297','2019-11-16 10:04:17.161395',0,0,7,28);
INSERT INTO "oneid_meta_groupperm" VALUES(218,'fa929c77c1d84760941b4951b9a60999',0,1,'2019-11-16 10:04:17.164458','2019-11-16 10:04:17.164488',0,0,8,28);
INSERT INTO "oneid_meta_groupperm" VALUES(219,'22637890f3db4bb69ec49645d7305988',0,1,'2019-11-16 10:04:17.167244','2019-11-16 10:04:17.167277',0,0,9,28);
INSERT INTO "oneid_meta_groupperm" VALUES(220,'e85bfee21f65445ebf9283fae5f4d098',0,1,'2019-11-16 10:04:17.170380','2019-11-16 10:04:17.170411',0,0,10,28);
INSERT INTO "oneid_meta_groupperm" VALUES(221,'3e199f9cf4e34279840d604bc3f507d5',0,1,'2019-11-16 10:04:35.919011','2019-11-16 10:04:35.919085',0,0,1,29);
INSERT INTO "oneid_meta_groupperm" VALUES(222,'d6b9d915bcc44aed9b295d0014c0535d',0,1,'2019-11-16 10:04:35.922513','2019-11-16 10:04:35.922550',0,0,2,29);
INSERT INTO "oneid_meta_groupperm" VALUES(223,'b88cc3b86e3749df949bd5c984e025ad',0,1,'2019-11-16 10:04:35.925326','2019-11-16 10:04:35.925360',0,0,3,29);
INSERT INTO "oneid_meta_groupperm" VALUES(224,'1bc5bf4f07de4e6b9a72b437af12ecbc',0,1,'2019-11-16 10:04:35.928577','2019-11-16 10:04:35.928608',0,0,4,29);
INSERT INTO "oneid_meta_groupperm" VALUES(225,'d4becf92871f4028bb61f8d3eb5c4d92',0,1,'2019-11-16 10:04:35.931346','2019-11-16 10:04:35.931375',0,0,5,29);
INSERT INTO "oneid_meta_groupperm" VALUES(226,'7c73d697625a4c98aea50c683406172f',0,1,'2019-11-16 10:04:35.934838','2019-11-16 10:04:35.934875',0,0,6,29);
INSERT INTO "oneid_meta_groupperm" VALUES(227,'570e677108624102958f819368ce1cb3',0,1,'2019-11-16 10:04:35.938947','2019-11-16 10:04:35.939005',0,0,7,29);
INSERT INTO "oneid_meta_groupperm" VALUES(228,'92cb4bb8bae64a549a4b1f870d245171',0,1,'2019-11-16 10:04:35.942648','2019-11-16 10:04:35.942683',0,0,8,29);
INSERT INTO "oneid_meta_groupperm" VALUES(229,'e47478e88d4a46c8962d752e6a8b61e5',0,1,'2019-11-16 10:04:35.945655','2019-11-16 10:04:35.945764',0,0,9,29);
INSERT INTO "oneid_meta_groupperm" VALUES(230,'953823bda64c41608d4847bc763e5258',0,1,'2019-11-16 10:04:35.949175','2019-11-16 10:04:35.949209',0,0,10,29);
INSERT INTO "oneid_meta_groupperm" VALUES(231,'a5a07a3464e94ad9a2ceefaee9c64652',0,1,'2019-11-16 10:05:00.126366','2019-11-16 10:05:00.126396',0,0,1,30);
INSERT INTO "oneid_meta_groupperm" VALUES(232,'3c8149263a74480b8eda2b089386076c',0,1,'2019-11-16 10:05:00.129847','2019-11-16 10:05:00.129882',0,0,2,30);
INSERT INTO "oneid_meta_groupperm" VALUES(233,'05ec485ebd5e457aabd3366c6eb2d845',0,1,'2019-11-16 10:05:00.133940','2019-11-16 10:05:00.133974',0,0,3,30);
INSERT INTO "oneid_meta_groupperm" VALUES(234,'3f6567f0acde494cb0f0c32fbb727a70',0,1,'2019-11-16 10:05:00.137012','2019-11-16 10:05:00.137047',0,0,4,30);
INSERT INTO "oneid_meta_groupperm" VALUES(235,'d5e41e9a1271478c826f447ad6fc85b2',0,1,'2019-11-16 10:05:00.139861','2019-11-16 10:05:00.139893',0,0,5,30);
INSERT INTO "oneid_meta_groupperm" VALUES(236,'b063c3bf4c20403091bc609c46f4b847',0,1,'2019-11-16 10:05:00.143099','2019-11-16 10:05:00.143140',0,0,6,30);
INSERT INTO "oneid_meta_groupperm" VALUES(237,'832550a182694cb1a265fa43bb4a026b',0,1,'2019-11-16 10:05:00.147154','2019-11-16 10:05:00.147232',0,0,7,30);
INSERT INTO "oneid_meta_groupperm" VALUES(238,'0c71200de98243fb8978feae30b70e5a',0,1,'2019-11-16 10:05:00.150858','2019-11-16 10:05:00.150889',0,0,8,30);
INSERT INTO "oneid_meta_groupperm" VALUES(239,'8a3c77869d18480a8d798d6ff613e5e5',0,1,'2019-11-16 10:05:00.154213','2019-11-16 10:05:00.154246',0,0,9,30);
INSERT INTO "oneid_meta_groupperm" VALUES(240,'6d54199ccea84e51885d87b9302d649e',0,1,'2019-11-16 10:05:00.157196','2019-11-16 10:05:00.157226',0,0,10,30);
INSERT INTO "oneid_meta_groupperm" VALUES(241,'24c705d514a7438f8cfa936189260fb6',0,1,'2019-11-16 10:05:20.301063','2019-11-16 10:05:20.301115',0,0,1,31);
INSERT INTO "oneid_meta_groupperm" VALUES(242,'e6863cb9542a4bba9ec46be75f1e059c',0,1,'2019-11-16 10:05:20.304654','2019-11-16 10:05:20.304701',0,0,2,31);
INSERT INTO "oneid_meta_groupperm" VALUES(243,'f3bcb3e9d020464889fd0057c4a59d74',0,1,'2019-11-16 10:05:20.308640','2019-11-16 10:05:20.308672',0,0,3,31);
INSERT INTO "oneid_meta_groupperm" VALUES(244,'62da7c6445da424386797ae64accce7b',0,1,'2019-11-16 10:05:20.311142','2019-11-16 10:05:20.311169',0,0,4,31);
INSERT INTO "oneid_meta_groupperm" VALUES(245,'85e402dee4704344b55bc76d191eb5fa',0,1,'2019-11-16 10:05:20.313546','2019-11-16 10:05:20.313572',0,0,5,31);
INSERT INTO "oneid_meta_groupperm" VALUES(246,'b93492c8587545f4b9c1a511e54e52e8',0,1,'2019-11-16 10:05:20.315943','2019-11-16 10:05:20.316069',0,0,6,31);
INSERT INTO "oneid_meta_groupperm" VALUES(247,'f42d069cfe8c403e892f0b8962f5d592',0,1,'2019-11-16 10:05:20.319574','2019-11-16 10:05:20.319605',0,0,7,31);
INSERT INTO "oneid_meta_groupperm" VALUES(248,'9edd7c89541b4a8fa081ab90a697750a',0,1,'2019-11-16 10:05:20.322834','2019-11-16 10:05:20.322870',0,0,8,31);
INSERT INTO "oneid_meta_groupperm" VALUES(249,'da650120835a419e94da2e83c81a36d3',0,1,'2019-11-16 10:05:20.328036','2019-11-16 10:05:20.328096',0,0,9,31);
INSERT INTO "oneid_meta_groupperm" VALUES(250,'19f87fd052d04d1e82f1c2e0eee95273',0,1,'2019-11-16 10:05:20.331345','2019-11-16 10:05:20.331405',0,0,10,31);
INSERT INTO "oneid_meta_groupperm" VALUES(251,'1935ffaf5d534d00a7d1bf0fb1f3ecce',0,1,'2019-11-16 10:05:28.242049','2019-11-16 10:05:28.242079',0,0,1,32);
INSERT INTO "oneid_meta_groupperm" VALUES(252,'affb14d9a42742ceb62e1455c835a531',0,1,'2019-11-16 10:05:28.245687','2019-11-16 10:05:28.245754',0,0,2,32);
INSERT INTO "oneid_meta_groupperm" VALUES(253,'fafd7dd8126d4b4dbd98def789f139a5',0,1,'2019-11-16 10:05:28.248506','2019-11-16 10:05:28.248536',0,0,3,32);
INSERT INTO "oneid_meta_groupperm" VALUES(254,'5ac8eb4264bf4dc1b8b3289e21f5c4f6',0,1,'2019-11-16 10:05:28.250993','2019-11-16 10:05:28.251020',0,0,4,32);
INSERT INTO "oneid_meta_groupperm" VALUES(255,'eb53e080597e423c88b653df893a4ccf',0,1,'2019-11-16 10:05:28.253638','2019-11-16 10:05:28.253673',0,0,5,32);
INSERT INTO "oneid_meta_groupperm" VALUES(256,'e3731e1e02a94fb1927fa036ce36d222',0,1,'2019-11-16 10:05:28.257311','2019-11-16 10:05:28.257346',0,0,6,32);
INSERT INTO "oneid_meta_groupperm" VALUES(257,'c3f33970f0294cf8af0da98f3cc31add',0,1,'2019-11-16 10:05:28.260995','2019-11-16 10:05:28.261080',0,0,7,32);
INSERT INTO "oneid_meta_groupperm" VALUES(258,'db9a403f32064d8fbe6094064894083c',0,1,'2019-11-16 10:05:28.264773','2019-11-16 10:05:28.264804',0,0,8,32);
INSERT INTO "oneid_meta_groupperm" VALUES(259,'bf435ff9e4ea4140a0d97ce47ec52e18',0,1,'2019-11-16 10:05:28.267199','2019-11-16 10:05:28.267226',0,0,9,32);
INSERT INTO "oneid_meta_groupperm" VALUES(260,'fc8c85a72f0146a1b69ae4b9a3c42c58',0,1,'2019-11-16 10:05:28.269576','2019-11-16 10:05:28.269609',0,0,10,32);
INSERT INTO "oneid_meta_groupperm" VALUES(261,'9b1f6d926e144f429271cad9039ab24b',0,1,'2019-11-16 10:05:36.498815','2019-11-16 10:05:36.498859',0,0,1,33);
INSERT INTO "oneid_meta_groupperm" VALUES(262,'934ac7bef909454eacc1d986b3659a60',0,1,'2019-11-16 10:05:36.502337','2019-11-16 10:05:36.502372',0,0,2,33);
INSERT INTO "oneid_meta_groupperm" VALUES(263,'2e2f668791e34bbfa76f9adaf495cb87',0,1,'2019-11-16 10:05:36.506216','2019-11-16 10:05:36.506247',0,0,3,33);
INSERT INTO "oneid_meta_groupperm" VALUES(264,'4b6621ca446040cfb562c82b6dd37001',0,1,'2019-11-16 10:05:36.508533','2019-11-16 10:05:36.508559',0,0,4,33);
INSERT INTO "oneid_meta_groupperm" VALUES(265,'f2fbaabb1312455880dc1d725f08256f',0,1,'2019-11-16 10:05:36.511268','2019-11-16 10:05:36.511301',0,0,5,33);
INSERT INTO "oneid_meta_groupperm" VALUES(266,'d1d027ad9ea1479e8beddda2a4c008f8',0,1,'2019-11-16 10:05:36.514887','2019-11-16 10:05:36.514929',0,0,6,33);
INSERT INTO "oneid_meta_groupperm" VALUES(267,'888fc7e74ec34064a272942cacc45d60',0,1,'2019-11-16 10:05:36.519447','2019-11-16 10:05:36.519521',0,0,7,33);
INSERT INTO "oneid_meta_groupperm" VALUES(268,'5717c2c1415444a5b9819dacb82fc9f0',0,1,'2019-11-16 10:05:36.522392','2019-11-16 10:05:36.522453',0,0,8,33);
INSERT INTO "oneid_meta_groupperm" VALUES(269,'d970e8d56f2347c28d5d99f16c64d9c8',0,1,'2019-11-16 10:05:36.525016','2019-11-16 10:05:36.525044',0,0,9,33);
INSERT INTO "oneid_meta_groupperm" VALUES(270,'60db1c9b2d074330b8683724204e6228',0,1,'2019-11-16 10:05:36.527767','2019-11-16 10:05:36.527797',0,0,10,33);
INSERT INTO "oneid_meta_groupperm" VALUES(271,'8cd2285e9efb4dd6a4095f6dade6eaad',0,1,'2019-11-16 10:05:47.426240','2019-11-16 10:05:47.426274',0,0,1,34);
INSERT INTO "oneid_meta_groupperm" VALUES(272,'e3288bd35e464b3caf96000920257ec6',0,1,'2019-11-16 10:05:47.428946','2019-11-16 10:05:47.428979',0,0,2,34);
INSERT INTO "oneid_meta_groupperm" VALUES(273,'dafe1f2c53d0471f9c07adae5abd4b52',0,1,'2019-11-16 10:05:47.431605','2019-11-16 10:05:47.431636',0,0,3,34);
INSERT INTO "oneid_meta_groupperm" VALUES(274,'6d7d9c2c97e54eb9a4f92384e1829c14',0,1,'2019-11-16 10:05:47.435557','2019-11-16 10:05:47.435590',0,0,4,34);
INSERT INTO "oneid_meta_groupperm" VALUES(275,'4e9719ed5b48465bb61a0367d40acd4c',0,1,'2019-11-16 10:05:47.438862','2019-11-16 10:05:47.438896',0,0,5,34);
INSERT INTO "oneid_meta_groupperm" VALUES(276,'c90b445ca6ed41f0a9cf763bf4ea626a',0,1,'2019-11-16 10:05:47.442193','2019-11-16 10:05:47.442230',0,0,6,34);
INSERT INTO "oneid_meta_groupperm" VALUES(277,'2ad9964837754e149722ceee73714a4d',0,1,'2019-11-16 10:05:47.445434','2019-11-16 10:05:47.445473',0,0,7,34);
INSERT INTO "oneid_meta_groupperm" VALUES(278,'3d105880a0234ce0a8ea512af72f1f0c',0,1,'2019-11-16 10:05:47.448975','2019-11-16 10:05:47.449007',0,0,8,34);
INSERT INTO "oneid_meta_groupperm" VALUES(279,'e9dd688673f44ddf9ff2143a676af720',0,1,'2019-11-16 10:05:47.451823','2019-11-16 10:05:47.451858',0,0,9,34);
INSERT INTO "oneid_meta_groupperm" VALUES(280,'30122545c75c4d6c9e54280efad3bbf5',0,1,'2019-11-16 10:05:47.456516','2019-11-16 10:05:47.456549',0,0,10,34);
INSERT INTO "oneid_meta_groupperm" VALUES(281,'b8a9127f18d24ca3abd0730de1a4f1d7',0,1,'2019-11-16 10:06:01.140627','2019-11-16 10:06:01.140677',0,0,1,35);
INSERT INTO "oneid_meta_groupperm" VALUES(282,'6c3382b06b62471f9e61975bd129b24d',0,1,'2019-11-16 10:06:01.144479','2019-11-16 10:06:01.144509',0,0,2,35);
INSERT INTO "oneid_meta_groupperm" VALUES(283,'b24eb9ba94c24363aca0621832b2e65d',0,1,'2019-11-16 10:06:01.147010','2019-11-16 10:06:01.147039',0,0,3,35);
INSERT INTO "oneid_meta_groupperm" VALUES(284,'1ccafeabd953421fb03c691f84594d88',0,1,'2019-11-16 10:06:01.149923','2019-11-16 10:06:01.149955',0,0,4,35);
INSERT INTO "oneid_meta_groupperm" VALUES(285,'eea37342eb914adebf2086292501763d',0,1,'2019-11-16 10:06:01.152874','2019-11-16 10:06:01.152909',0,0,5,35);
INSERT INTO "oneid_meta_groupperm" VALUES(286,'4f7d902c358446479d9005122dc6011d',0,1,'2019-11-16 10:06:01.156985','2019-11-16 10:06:01.157017',0,0,6,35);
INSERT INTO "oneid_meta_groupperm" VALUES(287,'6ad10bf4e4014c0f897944809542f4d4',0,1,'2019-11-16 10:06:01.160714','2019-11-16 10:06:01.160745',0,0,7,35);
INSERT INTO "oneid_meta_groupperm" VALUES(288,'7b2616bb7f8f46888363b972780299ce',0,1,'2019-11-16 10:06:01.163426','2019-11-16 10:06:01.163487',0,0,8,35);
INSERT INTO "oneid_meta_groupperm" VALUES(289,'693bf2ac16014ff798cccbb5824e3460',0,1,'2019-11-16 10:06:01.166311','2019-11-16 10:06:01.166373',0,0,9,35);
INSERT INTO "oneid_meta_groupperm" VALUES(290,'e99f473ee79f4d81944a5e4002a8ccaa',0,1,'2019-11-16 10:06:01.168750','2019-11-16 10:06:01.168777',0,0,10,35);
INSERT INTO "oneid_meta_groupperm" VALUES(291,'345885bb8bf74f938b0bb3d7159b013a',0,1,'2019-11-16 10:06:09.125566','2019-11-16 10:06:09.125624',0,0,1,36);
INSERT INTO "oneid_meta_groupperm" VALUES(292,'f97fcda3a64d44f5b45e2b11b0ac97c4',0,1,'2019-11-16 10:06:09.129426','2019-11-16 10:06:09.129462',0,0,2,36);
INSERT INTO "oneid_meta_groupperm" VALUES(293,'15bdb88ba7054e658ab6beae8f7f9b98',0,1,'2019-11-16 10:06:09.133342','2019-11-16 10:06:09.133373',0,0,3,36);
INSERT INTO "oneid_meta_groupperm" VALUES(294,'3146119338534d5c92ae727271c78ba6',0,1,'2019-11-16 10:06:09.136441','2019-11-16 10:06:09.136478',0,0,4,36);
INSERT INTO "oneid_meta_groupperm" VALUES(295,'a7173c834d8e431b8c95b4005732dbc7',0,1,'2019-11-16 10:06:09.139429','2019-11-16 10:06:09.139464',0,0,5,36);
INSERT INTO "oneid_meta_groupperm" VALUES(296,'caffe564f6824c5bbec745522e311d61',0,1,'2019-11-16 10:06:09.143174','2019-11-16 10:06:09.143222',0,0,6,36);
INSERT INTO "oneid_meta_groupperm" VALUES(297,'a58e82cf18f44740b7bbb5b4f63ac9fb',0,1,'2019-11-16 10:06:09.146915','2019-11-16 10:06:09.146948',0,0,7,36);
INSERT INTO "oneid_meta_groupperm" VALUES(298,'25dace70a1fa45d1a34a67e8f2898b88',0,1,'2019-11-16 10:06:09.150171','2019-11-16 10:06:09.150204',0,0,8,36);
INSERT INTO "oneid_meta_groupperm" VALUES(299,'6a031d79b7d64ed5993a5f6641dbce09',0,1,'2019-11-16 10:06:09.153103','2019-11-16 10:06:09.153135',0,0,9,36);
INSERT INTO "oneid_meta_groupperm" VALUES(300,'426040c6d3454103b24b99411ea42d2b',0,1,'2019-11-16 10:06:09.156193','2019-11-16 10:06:09.156224',0,0,10,36);
INSERT INTO "oneid_meta_groupperm" VALUES(301,'e8c7dd7554814d8382e512fccbfa74bd',0,1,'2019-11-16 10:06:16.587655','2019-11-16 10:06:16.587735',0,0,1,37);
INSERT INTO "oneid_meta_groupperm" VALUES(302,'ce55d4d762264f358f70adc8930abb42',0,1,'2019-11-16 10:06:16.591528','2019-11-16 10:06:16.591565',0,0,2,37);
INSERT INTO "oneid_meta_groupperm" VALUES(303,'a0546772d33d4fefb5d3ef03c1d4cb27',0,1,'2019-11-16 10:06:16.594900','2019-11-16 10:06:16.594934',0,0,3,37);
INSERT INTO "oneid_meta_groupperm" VALUES(304,'51fb8ba066bb46aeb245e03741ee3b29',0,1,'2019-11-16 10:06:16.597472','2019-11-16 10:06:16.597502',0,0,4,37);
INSERT INTO "oneid_meta_groupperm" VALUES(305,'6438857cf60e4155b17789f42abd5607',0,1,'2019-11-16 10:06:16.601936','2019-11-16 10:06:16.601970',0,0,5,37);
INSERT INTO "oneid_meta_groupperm" VALUES(306,'f621e9d70b1d4059b7d8293bb97214aa',0,1,'2019-11-16 10:06:16.605274','2019-11-16 10:06:16.605334',0,0,6,37);
INSERT INTO "oneid_meta_groupperm" VALUES(307,'cc27e6886019461295af4004831c680f',0,1,'2019-11-16 10:06:16.608172','2019-11-16 10:06:16.608205',0,0,7,37);
INSERT INTO "oneid_meta_groupperm" VALUES(308,'afd44a3e39e64ad4a27a71bbe3183eea',0,1,'2019-11-16 10:06:16.611453','2019-11-16 10:06:16.611484',0,0,8,37);
INSERT INTO "oneid_meta_groupperm" VALUES(309,'1869a26277f04837960cd97cf4f73d71',0,1,'2019-11-16 10:06:16.613976','2019-11-16 10:06:16.614003',0,0,9,37);
INSERT INTO "oneid_meta_groupperm" VALUES(310,'621fecd71eea42b0b3dc02f3db5a4b5d',0,1,'2019-11-16 10:06:16.617363','2019-11-16 10:06:16.617394',0,0,10,37);
INSERT INTO "oneid_meta_groupperm" VALUES(311,'fbe785aa21184eb8acf634dc90411818',0,1,'2019-11-16 10:06:24.141982','2019-11-16 10:06:24.142016',0,0,1,38);
INSERT INTO "oneid_meta_groupperm" VALUES(312,'53941ecdfb5346f6ac6f4d4667c29676',0,1,'2019-11-16 10:06:24.145842','2019-11-16 10:06:24.145879',0,0,2,38);
INSERT INTO "oneid_meta_groupperm" VALUES(313,'779a08b225ed46b683e60997ce754082',0,1,'2019-11-16 10:06:24.148962','2019-11-16 10:06:24.148997',0,0,3,38);
INSERT INTO "oneid_meta_groupperm" VALUES(314,'c840cb001ad44ae7b9d89322ba6fa092',0,1,'2019-11-16 10:06:24.151935','2019-11-16 10:06:24.151969',0,0,4,38);
INSERT INTO "oneid_meta_groupperm" VALUES(315,'672f6bdcd5e64dcfb541b77126a72f4d',0,1,'2019-11-16 10:06:24.154534','2019-11-16 10:06:24.154565',0,0,5,38);
INSERT INTO "oneid_meta_groupperm" VALUES(316,'6c5be2dd0bbc4ceabbb4493eb5e808d3',0,1,'2019-11-16 10:06:24.157888','2019-11-16 10:06:24.157932',0,0,6,38);
INSERT INTO "oneid_meta_groupperm" VALUES(317,'946ba398e26445ee9f11c48afc214c2b',0,1,'2019-11-16 10:06:24.161844','2019-11-16 10:06:24.161890',0,0,7,38);
INSERT INTO "oneid_meta_groupperm" VALUES(318,'f122e86dec3c41d5b9f9b736216348ef',0,1,'2019-11-16 10:06:24.165734','2019-11-16 10:06:24.165767',0,0,8,38);
INSERT INTO "oneid_meta_groupperm" VALUES(319,'dedfea3be8da4fe4ac92e8633b2505fc',0,1,'2019-11-16 10:06:24.168682','2019-11-16 10:06:24.168713',0,0,9,38);
INSERT INTO "oneid_meta_groupperm" VALUES(320,'944baff3e9304e1f88b31efc51b01639',0,1,'2019-11-16 10:06:24.170880','2019-11-16 10:06:24.170905',0,0,10,38);
INSERT INTO "oneid_meta_groupperm" VALUES(321,'44aaa1c1fff440adbca7d2e65abf58e9',0,1,'2019-11-16 10:06:33.203405','2019-11-16 10:06:33.203440',0,0,1,39);
INSERT INTO "oneid_meta_groupperm" VALUES(322,'148fc099cd0e46d6932119f3562e2431',0,1,'2019-11-16 10:06:33.206430','2019-11-16 10:06:33.206466',0,0,2,39);
INSERT INTO "oneid_meta_groupperm" VALUES(323,'5c512207c1334e3b85a9deb69c6b01be',0,1,'2019-11-16 10:06:33.209796','2019-11-16 10:06:33.209831',0,0,3,39);
INSERT INTO "oneid_meta_groupperm" VALUES(324,'983288365d544362bcf10f3ac0ca8203',0,1,'2019-11-16 10:06:33.214159','2019-11-16 10:06:33.214235',0,0,4,39);
INSERT INTO "oneid_meta_groupperm" VALUES(325,'f000213c00a946c0af30c70e990fc9eb',0,1,'2019-11-16 10:06:33.217506','2019-11-16 10:06:33.217536',0,0,5,39);
INSERT INTO "oneid_meta_groupperm" VALUES(326,'f4a3f552e6ac45afb5050834b31c7910',0,1,'2019-11-16 10:06:33.220269','2019-11-16 10:06:33.220303',0,0,6,39);
INSERT INTO "oneid_meta_groupperm" VALUES(327,'81aff3d4b80a4ba39abb0ba35198ef29',0,1,'2019-11-16 10:06:33.223685','2019-11-16 10:06:33.223717',0,0,7,39);
INSERT INTO "oneid_meta_groupperm" VALUES(328,'3f7d1b4dbab54d56999575e9e7634d1b',0,1,'2019-11-16 10:06:33.226887','2019-11-16 10:06:33.226917',0,0,8,39);
INSERT INTO "oneid_meta_groupperm" VALUES(329,'87b2c7c49aa14fac99625ddf5cf25ea5',0,1,'2019-11-16 10:06:33.229488','2019-11-16 10:06:33.229528',0,0,9,39);
INSERT INTO "oneid_meta_groupperm" VALUES(330,'9c005257f24a4bf2b176ad76152238e1',0,1,'2019-11-16 10:06:33.232008','2019-11-16 10:06:33.232035',0,0,10,39);
INSERT INTO "oneid_meta_groupperm" VALUES(331,'1c1a6524bcbd42a8a783d6d435f77dab',0,1,'2019-11-16 10:06:46.144320','2019-11-16 10:06:46.144353',0,0,1,40);
INSERT INTO "oneid_meta_groupperm" VALUES(332,'fa72f71af10c4376b81bd1dc50e08af1',0,1,'2019-11-16 10:06:46.147993','2019-11-16 10:06:46.148030',0,0,2,40);
INSERT INTO "oneid_meta_groupperm" VALUES(333,'bb44a20d5a8641cb9c3cc9e2f048f1d4',0,1,'2019-11-16 10:06:46.151041','2019-11-16 10:06:46.151076',0,0,3,40);
INSERT INTO "oneid_meta_groupperm" VALUES(334,'c4bfcb4c7aa045608d3cf3f060196a18',0,1,'2019-11-16 10:06:46.154695','2019-11-16 10:06:46.154729',0,0,4,40);
INSERT INTO "oneid_meta_groupperm" VALUES(335,'fdd307a93d3e45bbb2f5d00ef8127c89',0,1,'2019-11-16 10:06:46.158934','2019-11-16 10:06:46.158965',0,0,5,40);
INSERT INTO "oneid_meta_groupperm" VALUES(336,'45db6054b55f470ba43d7e98cb219c71',0,1,'2019-11-16 10:06:46.163067','2019-11-16 10:06:46.163101',0,0,6,40);
INSERT INTO "oneid_meta_groupperm" VALUES(337,'d820ec96ebc5474ea9b0139fd21dcbca',0,1,'2019-11-16 10:06:46.166480','2019-11-16 10:06:46.166567',0,0,7,40);
INSERT INTO "oneid_meta_groupperm" VALUES(338,'0b5bbc4e564248f69d871f8e55b17f6b',0,1,'2019-11-16 10:06:46.169809','2019-11-16 10:06:46.169840',0,0,8,40);
INSERT INTO "oneid_meta_groupperm" VALUES(339,'877a4dfec1ac490a93e044c32d88f46e',0,1,'2019-11-16 10:06:46.172176','2019-11-16 10:06:46.172203',0,0,9,40);
INSERT INTO "oneid_meta_groupperm" VALUES(340,'e7f493eaceec43c8a3c7b5e5fcc6ad99',0,1,'2019-11-16 10:06:46.174419','2019-11-16 10:06:46.174471',0,0,10,40);
INSERT INTO "oneid_meta_groupperm" VALUES(341,'5435e3e4377546e7891fcf62dd5c71c3',0,1,'2019-11-16 10:06:57.853054','2019-11-16 10:06:57.853089',0,0,1,41);
INSERT INTO "oneid_meta_groupperm" VALUES(342,'2fa8154e505d42ca9a03a93585084434',0,1,'2019-11-16 10:06:57.856224','2019-11-16 10:06:57.856257',0,0,2,41);
INSERT INTO "oneid_meta_groupperm" VALUES(343,'22a46b12e94d40e8bdaeeb7e6ad49018',0,1,'2019-11-16 10:06:57.859125','2019-11-16 10:06:57.859159',0,0,3,41);
INSERT INTO "oneid_meta_groupperm" VALUES(344,'b32493d2c97c4320afc4888ccb0d113e',0,1,'2019-11-16 10:06:57.862974','2019-11-16 10:06:57.863053',0,0,4,41);
INSERT INTO "oneid_meta_groupperm" VALUES(345,'cc99eff1da5e4b579a13876ddd5fd207',0,1,'2019-11-16 10:06:57.866188','2019-11-16 10:06:57.866248',0,0,5,41);
INSERT INTO "oneid_meta_groupperm" VALUES(346,'66b8422f9e934a8faa0661fbd9472815',0,1,'2019-11-16 10:06:57.870375','2019-11-16 10:06:57.870410',0,0,6,41);
INSERT INTO "oneid_meta_groupperm" VALUES(347,'d55aa0f4d6df4129869ffb07eeebeeda',0,1,'2019-11-16 10:06:57.873650','2019-11-16 10:06:57.873683',0,0,7,41);
INSERT INTO "oneid_meta_groupperm" VALUES(348,'ee3b44b36c4c4d00b265c5b2dabd52f1',0,1,'2019-11-16 10:06:57.876078','2019-11-16 10:06:57.876106',0,0,8,41);
INSERT INTO "oneid_meta_groupperm" VALUES(349,'2844b765484f46d19677677c8951326d',0,1,'2019-11-16 10:06:57.878303','2019-11-16 10:06:57.878344',0,0,9,41);
INSERT INTO "oneid_meta_groupperm" VALUES(350,'17a293dd54fc4ef6880144088f3d91b0',0,1,'2019-11-16 10:06:57.881769','2019-11-16 10:06:57.881799',0,0,10,41);
INSERT INTO "oneid_meta_groupperm" VALUES(351,'414a4c2eb1bd435a9d8a5307473d812c',0,1,'2019-11-16 10:07:07.316068','2019-11-16 10:07:07.316145',0,0,1,42);
INSERT INTO "oneid_meta_groupperm" VALUES(352,'d3f290050738412da77da759db175843',0,1,'2019-11-16 10:07:07.320109','2019-11-16 10:07:07.320143',0,0,2,42);
INSERT INTO "oneid_meta_groupperm" VALUES(353,'7daf3bbe729a4cba89afbd603092e8a5',0,1,'2019-11-16 10:07:07.322864','2019-11-16 10:07:07.322896',0,0,3,42);
INSERT INTO "oneid_meta_groupperm" VALUES(354,'bb2eaf7410414704a25e32ed03ea94cc',0,1,'2019-11-16 10:07:07.325546','2019-11-16 10:07:07.325579',0,0,4,42);
INSERT INTO "oneid_meta_groupperm" VALUES(355,'5d05f569b07946caa169246131d85011',0,1,'2019-11-16 10:07:07.328638','2019-11-16 10:07:07.328671',0,0,5,42);
INSERT INTO "oneid_meta_groupperm" VALUES(356,'784f070341d0449981acdc445e152df7',0,1,'2019-11-16 10:07:07.332140','2019-11-16 10:07:07.332173',0,0,6,42);
INSERT INTO "oneid_meta_groupperm" VALUES(357,'49501ca4b69942e785a461752e908934',0,1,'2019-11-16 10:07:07.335011','2019-11-16 10:07:07.335045',0,0,7,42);
INSERT INTO "oneid_meta_groupperm" VALUES(358,'757306aeecea473b9e5d7359c6a41864',0,1,'2019-11-16 10:07:07.338865','2019-11-16 10:07:07.338900',0,0,8,42);
INSERT INTO "oneid_meta_groupperm" VALUES(359,'ca62fd717cd6457f9e41c05144242e4b',0,1,'2019-11-16 10:07:07.342803','2019-11-16 10:07:07.342843',0,0,9,42);
INSERT INTO "oneid_meta_groupperm" VALUES(360,'ef49c209f3bc4618a8ec740f67740276',0,1,'2019-11-16 10:07:07.346535','2019-11-16 10:07:07.346598',0,0,10,42);
INSERT INTO "oneid_meta_groupperm" VALUES(361,'607bea2ca5e7418b8ab37bfd24f8dd48',0,1,'2019-11-16 10:07:27.413638','2019-11-16 10:07:27.413669',0,0,1,43);
INSERT INTO "oneid_meta_groupperm" VALUES(362,'f5404ca7a8ad4c5c99f3efd3df585197',0,1,'2019-11-16 10:07:27.417711','2019-11-16 10:07:27.417781',0,0,2,43);
INSERT INTO "oneid_meta_groupperm" VALUES(363,'936f20d6fcfa42e68f58090e30af57a1',0,1,'2019-11-16 10:07:27.420749','2019-11-16 10:07:27.420780',0,0,3,43);
INSERT INTO "oneid_meta_groupperm" VALUES(364,'18f951d3bad14f82b130bee4a8e1963d',0,1,'2019-11-16 10:07:27.423427','2019-11-16 10:07:27.423455',0,0,4,43);
INSERT INTO "oneid_meta_groupperm" VALUES(365,'9c978dd1684f45c49bba7be0f9990b6e',0,1,'2019-11-16 10:07:27.426307','2019-11-16 10:07:27.426340',0,0,5,43);
INSERT INTO "oneid_meta_groupperm" VALUES(366,'4f4e9fdb0d724c2ca8801694d0e6e4dd',0,1,'2019-11-16 10:07:27.429147','2019-11-16 10:07:27.429181',0,0,6,43);
INSERT INTO "oneid_meta_groupperm" VALUES(367,'87a4552427a243f0850054566fb37988',0,1,'2019-11-16 10:07:27.433458','2019-11-16 10:07:27.433530',0,0,7,43);
INSERT INTO "oneid_meta_groupperm" VALUES(368,'4ac10fa366604e48aa344300789fa673',0,1,'2019-11-16 10:07:27.437338','2019-11-16 10:07:27.437381',0,0,8,43);
INSERT INTO "oneid_meta_groupperm" VALUES(369,'8327a84af5b2447ca80398d685617314',0,1,'2019-11-16 10:07:27.440984','2019-11-16 10:07:27.441019',0,0,9,43);
INSERT INTO "oneid_meta_groupperm" VALUES(370,'3da3d0e0e4414c7cb173ddde296b4bcd',0,1,'2019-11-16 10:07:27.444011','2019-11-16 10:07:27.444045',0,0,10,43);
INSERT INTO "oneid_meta_groupperm" VALUES(371,'5c45db0b01aa4bd187f018d3b05cfad7',0,1,'2019-11-16 10:07:27.476781','2019-11-16 10:07:27.476827',0,0,1,44);
INSERT INTO "oneid_meta_groupperm" VALUES(372,'31b01fb5a4574c44a4ae998051b6bc4f',0,1,'2019-11-16 10:07:27.480127','2019-11-16 10:07:27.480157',0,0,2,44);
INSERT INTO "oneid_meta_groupperm" VALUES(373,'8dc8fdfa2f804054819d4c04332c0d1c',0,1,'2019-11-16 10:07:27.482761','2019-11-16 10:07:27.482787',0,0,3,44);
INSERT INTO "oneid_meta_groupperm" VALUES(374,'11eb21e97534481aa912c5524caac6e1',0,1,'2019-11-16 10:07:27.485366','2019-11-16 10:07:27.485392',0,0,4,44);
INSERT INTO "oneid_meta_groupperm" VALUES(375,'4989d925c6754a4385ca2baabbf06d36',0,1,'2019-11-16 10:07:27.487743','2019-11-16 10:07:27.487769',0,0,5,44);
INSERT INTO "oneid_meta_groupperm" VALUES(376,'dd4ab201017642ba82e3a3d04d507527',0,1,'2019-11-16 10:07:27.490537','2019-11-16 10:07:27.490568',0,0,6,44);
INSERT INTO "oneid_meta_groupperm" VALUES(377,'ea920b32572a40029d51271d1dd2f6b9',0,1,'2019-11-16 10:07:27.494126','2019-11-16 10:07:27.494157',0,0,7,44);
INSERT INTO "oneid_meta_groupperm" VALUES(378,'8f7b914214924f75b4f8d90a5234f350',0,1,'2019-11-16 10:07:27.496666','2019-11-16 10:07:27.496691',0,0,8,44);
INSERT INTO "oneid_meta_groupperm" VALUES(379,'d90a11f9fcbb44fab9253dcacbce3696',0,1,'2019-11-16 10:07:27.499226','2019-11-16 10:07:27.499254',0,0,9,44);
INSERT INTO "oneid_meta_groupperm" VALUES(380,'51787f00686f47feaeee2b379532b4d2',0,1,'2019-11-16 10:07:27.501824','2019-11-16 10:07:27.501851',0,0,10,44);
INSERT INTO "oneid_meta_groupperm" VALUES(381,'7aa13075a9114959b332b695d657c862',0,1,'2019-11-16 10:07:38.587211','2019-11-16 10:07:38.587250',0,0,1,45);
INSERT INTO "oneid_meta_groupperm" VALUES(382,'cf7759923bfa4dd0aab4d88f797c2b0f',0,1,'2019-11-16 10:07:38.591101','2019-11-16 10:07:38.591155',0,0,2,45);
INSERT INTO "oneid_meta_groupperm" VALUES(383,'2fcf6259b83a4229a7d70a1e5cbd0856',0,1,'2019-11-16 10:07:38.594326','2019-11-16 10:07:38.594357',0,0,3,45);
INSERT INTO "oneid_meta_groupperm" VALUES(384,'cd49367cb1ac4d2590e2a0b1e022c978',0,1,'2019-11-16 10:07:38.596748','2019-11-16 10:07:38.596775',0,0,4,45);
INSERT INTO "oneid_meta_groupperm" VALUES(385,'6f32815a098f40bb8599f1dda46e6f1a',0,1,'2019-11-16 10:07:38.599104','2019-11-16 10:07:38.599135',0,0,5,45);
INSERT INTO "oneid_meta_groupperm" VALUES(386,'d9b718b3c8b34865a873bdcab9116690',0,1,'2019-11-16 10:07:38.602215','2019-11-16 10:07:38.602252',0,0,6,45);
INSERT INTO "oneid_meta_groupperm" VALUES(387,'eab510ebd04146f2979a93df935cb84c',0,1,'2019-11-16 10:07:38.606087','2019-11-16 10:07:38.606121',0,0,7,45);
INSERT INTO "oneid_meta_groupperm" VALUES(388,'2e6e9243c80943dfa37f459b1e561e95',0,1,'2019-11-16 10:07:38.609609','2019-11-16 10:07:38.609759',0,0,8,45);
INSERT INTO "oneid_meta_groupperm" VALUES(389,'cf77c509d923441b99e84d5919763579',0,1,'2019-11-16 10:07:38.613156','2019-11-16 10:07:38.613186',0,0,9,45);
INSERT INTO "oneid_meta_groupperm" VALUES(390,'a39f3ea583244d22a3f1b2b03867da30',0,1,'2019-11-16 10:07:38.615595','2019-11-16 10:07:38.615625',0,0,10,45);
INSERT INTO "oneid_meta_groupperm" VALUES(391,'14c246adc5d144f2bc5c02809b36eab6',0,1,'2019-11-16 10:07:38.646557','2019-11-16 10:07:38.646608',0,0,1,46);
INSERT INTO "oneid_meta_groupperm" VALUES(392,'d72f0a15345a414bbac486c68ad5925a',0,1,'2019-11-16 10:07:38.648833','2019-11-16 10:07:38.648858',0,0,2,46);
INSERT INTO "oneid_meta_groupperm" VALUES(393,'d8a7ed936c804d22a422dde90de1c3e3',0,1,'2019-11-16 10:07:38.652535','2019-11-16 10:07:38.652568',0,0,3,46);
INSERT INTO "oneid_meta_groupperm" VALUES(394,'641343843ab047b1b8b3040c751d13ac',0,1,'2019-11-16 10:07:38.654981','2019-11-16 10:07:38.655006',0,0,4,46);
INSERT INTO "oneid_meta_groupperm" VALUES(395,'6167d1074e0d4ac0b32f4c99bce37cfa',0,1,'2019-11-16 10:07:38.657261','2019-11-16 10:07:38.657285',0,0,5,46);
INSERT INTO "oneid_meta_groupperm" VALUES(396,'062040c563f34659bd9864bc4130ef96',0,1,'2019-11-16 10:07:38.659491','2019-11-16 10:07:38.659514',0,0,6,46);
INSERT INTO "oneid_meta_groupperm" VALUES(397,'a148dfd8949e450cb807470ff4f91b83',0,1,'2019-11-16 10:07:38.661816','2019-11-16 10:07:38.661841',0,0,7,46);
INSERT INTO "oneid_meta_groupperm" VALUES(398,'8660aa5c0cc242b28d760fc0f4e09fa1',0,1,'2019-11-16 10:07:38.664151','2019-11-16 10:07:38.664177',0,0,8,46);
INSERT INTO "oneid_meta_groupperm" VALUES(399,'8b13cabe62a64f0584fd4be3ddeae97d',0,1,'2019-11-16 10:07:38.667399','2019-11-16 10:07:38.667446',0,0,9,46);
INSERT INTO "oneid_meta_groupperm" VALUES(400,'b8ba844ab7db410e98347d55f6cd2ebf',0,1,'2019-11-16 10:07:38.670425','2019-11-16 10:07:38.670453',0,0,10,46);
INSERT INTO "oneid_meta_groupperm" VALUES(401,'147e980c84e94943ae4a701a518c7b3d',0,1,'2019-11-16 10:09:20.464074','2019-11-16 10:09:20.464112',0,0,1,47);
INSERT INTO "oneid_meta_groupperm" VALUES(402,'3dd6124fc3ca402d9359d2c50059d809',0,1,'2019-11-16 10:09:20.468621','2019-11-16 10:09:20.468709',0,0,2,47);
INSERT INTO "oneid_meta_groupperm" VALUES(403,'2e0fe69688b845cea04d269cd12fe743',0,1,'2019-11-16 10:09:20.471378','2019-11-16 10:09:20.471406',0,0,3,47);
INSERT INTO "oneid_meta_groupperm" VALUES(404,'7ca6396bfeda4abb9746ff59e4446233',0,1,'2019-11-16 10:09:20.474249','2019-11-16 10:09:20.474281',0,0,4,47);
INSERT INTO "oneid_meta_groupperm" VALUES(405,'f9e49f116a3c43a9ad64ca33a685ea9e',0,1,'2019-11-16 10:09:20.477338','2019-11-16 10:09:20.477370',0,0,5,47);
INSERT INTO "oneid_meta_groupperm" VALUES(406,'493cc102dec74424880fc78379927c9a',0,1,'2019-11-16 10:09:20.481428','2019-11-16 10:09:20.481462',0,0,6,47);
INSERT INTO "oneid_meta_groupperm" VALUES(407,'f7648c08e7384b6dba374fb212335537',0,1,'2019-11-16 10:09:20.484438','2019-11-16 10:09:20.484468',0,0,7,47);
INSERT INTO "oneid_meta_groupperm" VALUES(408,'9dfcd71ae65c4a92a5343c13d2c09674',0,1,'2019-11-16 10:09:20.487762','2019-11-16 10:09:20.487793',0,0,8,47);
INSERT INTO "oneid_meta_groupperm" VALUES(409,'2a3933be1f4046d78e5f10e1af77a03f',0,1,'2019-11-16 10:09:20.491251','2019-11-16 10:09:20.491286',0,0,9,47);
INSERT INTO "oneid_meta_groupperm" VALUES(410,'06d87e6fcd27435db5ba9e50edd298e0',0,1,'2019-11-16 10:09:20.494186','2019-11-16 10:09:20.494217',0,0,10,47);
INSERT INTO "oneid_meta_groupperm" VALUES(411,'63e4ee7331bb4b3a9f026534e31d4244',0,1,'2019-11-16 10:09:43.443760','2019-11-16 10:09:43.443792',0,0,1,48);
INSERT INTO "oneid_meta_groupperm" VALUES(412,'83d42eae4a2e4d67a762e1583d99e04e',0,1,'2019-11-16 10:09:43.447743','2019-11-16 10:09:43.447774',0,0,2,48);
INSERT INTO "oneid_meta_groupperm" VALUES(413,'813db1a0437f4b9b831bc4bfbc62e7b3',0,1,'2019-11-16 10:09:43.450186','2019-11-16 10:09:43.450215',0,0,3,48);
INSERT INTO "oneid_meta_groupperm" VALUES(414,'52dd96803e0443a3a1c68a2b712a11df',0,1,'2019-11-16 10:09:43.452746','2019-11-16 10:09:43.452774',0,0,4,48);
INSERT INTO "oneid_meta_groupperm" VALUES(415,'58a529c5ceb64dd88f0815d9adc80d17',0,1,'2019-11-16 10:09:43.455025','2019-11-16 10:09:43.455050',0,0,5,48);
INSERT INTO "oneid_meta_groupperm" VALUES(416,'8084880012c547768a6ea457ccbab0bd',0,1,'2019-11-16 10:09:43.458209','2019-11-16 10:09:43.458246',0,0,6,48);
INSERT INTO "oneid_meta_groupperm" VALUES(417,'1afe7f507d8c404591c52841d9c88c68',0,1,'2019-11-16 10:09:43.462038','2019-11-16 10:09:43.462072',0,0,7,48);
INSERT INTO "oneid_meta_groupperm" VALUES(418,'baf553cb28524543be5d838c23dfa64f',0,1,'2019-11-16 10:09:43.465867','2019-11-16 10:09:43.465897',0,0,8,48);
INSERT INTO "oneid_meta_groupperm" VALUES(419,'40cafa71e28b4bddb1a09c8210f314ff',0,1,'2019-11-16 10:09:43.468330','2019-11-16 10:09:43.468357',0,0,9,48);
INSERT INTO "oneid_meta_groupperm" VALUES(420,'1bdb5d8ce93e41c09022ae226018447b',0,1,'2019-11-16 10:09:43.470597','2019-11-16 10:09:43.470622',0,0,10,48);
INSERT INTO "oneid_meta_groupperm" VALUES(421,'c6651194a51546ed8ae04e1825c8bff8',0,1,'2019-11-16 10:09:48.271322','2019-11-16 10:09:48.271367',0,0,1,49);
INSERT INTO "oneid_meta_groupperm" VALUES(422,'70a76dc5d697412584a4e942ceb0cce6',0,1,'2019-11-16 10:09:48.274583','2019-11-16 10:09:48.274621',0,0,2,49);
INSERT INTO "oneid_meta_groupperm" VALUES(423,'38bcd8a3af124d7ca7b5aa1fde1d303d',0,1,'2019-11-16 10:09:48.277325','2019-11-16 10:09:48.277357',0,0,3,49);
INSERT INTO "oneid_meta_groupperm" VALUES(424,'08c4f2d4a94f4fc3b3c83f82f965b15d',0,1,'2019-11-16 10:09:48.280341','2019-11-16 10:09:48.280375',0,0,4,49);
INSERT INTO "oneid_meta_groupperm" VALUES(425,'f10cc984fe0a4d5e9897e65ae82d0956',0,1,'2019-11-16 10:09:48.283385','2019-11-16 10:09:48.283482',0,0,5,49);
INSERT INTO "oneid_meta_groupperm" VALUES(426,'de7e227c9ee746528002f3f239588629',0,1,'2019-11-16 10:09:48.287794','2019-11-16 10:09:48.287827',0,0,6,49);
INSERT INTO "oneid_meta_groupperm" VALUES(427,'3737c9ee9d8f4da894e7359469a15de4',0,1,'2019-11-16 10:09:48.291159','2019-11-16 10:09:48.291193',0,0,7,49);
INSERT INTO "oneid_meta_groupperm" VALUES(428,'5ec22da7efa4498cba7ac67b3839741e',0,1,'2019-11-16 10:09:48.293875','2019-11-16 10:09:48.293907',0,0,8,49);
INSERT INTO "oneid_meta_groupperm" VALUES(429,'13e1cae8e28f4d6db09e5952d709abba',0,1,'2019-11-16 10:09:48.296708','2019-11-16 10:09:48.296753',0,0,9,49);
INSERT INTO "oneid_meta_groupperm" VALUES(430,'5bec02271ed644478cb51fa52be5889a',0,1,'2019-11-16 10:09:48.299617','2019-11-16 10:09:48.299647',0,0,10,49);
INSERT INTO "oneid_meta_groupperm" VALUES(431,'8caeb1cab0b947db973cb1b222aa5793',0,1,'2019-11-16 10:10:32.522960','2019-11-16 10:10:32.522989',0,0,1,50);
INSERT INTO "oneid_meta_groupperm" VALUES(432,'f6352373caca43688e81b4056deb4b09',0,1,'2019-11-16 10:10:32.526129','2019-11-16 10:10:32.526164',0,0,2,50);
INSERT INTO "oneid_meta_groupperm" VALUES(433,'276101b1f3c8416f92eb29227014e52f',0,1,'2019-11-16 10:10:32.528928','2019-11-16 10:10:32.528961',0,0,3,50);
INSERT INTO "oneid_meta_groupperm" VALUES(434,'b44222830c114b78a0b749c4fbcbb479',0,1,'2019-11-16 10:10:32.531821','2019-11-16 10:10:32.531854',0,0,4,50);
INSERT INTO "oneid_meta_groupperm" VALUES(435,'b36b3939fd2644f19d5ca08a95d0fa6c',0,1,'2019-11-16 10:10:32.535989','2019-11-16 10:10:32.536023',0,0,5,50);
INSERT INTO "oneid_meta_groupperm" VALUES(436,'5ed3a9524ffe4a81abca8e1bf25e1810',0,1,'2019-11-16 10:10:32.539860','2019-11-16 10:10:32.539896',0,0,6,50);
INSERT INTO "oneid_meta_groupperm" VALUES(437,'45e258583ca04be4a4f8bb2e72b6a745',0,1,'2019-11-16 10:10:32.542752','2019-11-16 10:10:32.542787',0,0,7,50);
INSERT INTO "oneid_meta_groupperm" VALUES(438,'4dd126c0bc884463902b01d0d8d44180',0,1,'2019-11-16 10:10:32.545923','2019-11-16 10:10:32.545953',0,0,8,50);
INSERT INTO "oneid_meta_groupperm" VALUES(439,'20f603a0141d4265ad2bb17bf30d4ed6',0,1,'2019-11-16 10:10:32.549206','2019-11-16 10:10:32.549252',0,0,9,50);
INSERT INTO "oneid_meta_groupperm" VALUES(440,'9a326e1073e34fadba5c4b4105879aff',0,1,'2019-11-16 10:10:32.552005','2019-11-16 10:10:32.552036',0,0,10,50);
INSERT INTO "oneid_meta_groupperm" VALUES(441,'d26f54ec314b4beeb62ffcb190abf7f0',0,1,'2019-11-16 10:10:42.779921','2019-11-16 10:10:42.779951',0,0,1,51);
INSERT INTO "oneid_meta_groupperm" VALUES(442,'0d08feb5bb8940f79d89a5ba1baab287',0,1,'2019-11-16 10:10:42.782393','2019-11-16 10:10:42.782454',0,0,2,51);
INSERT INTO "oneid_meta_groupperm" VALUES(443,'a784e0c021fb4beda8a3183759586548',0,1,'2019-11-16 10:10:42.786575','2019-11-16 10:10:42.786611',0,0,3,51);
INSERT INTO "oneid_meta_groupperm" VALUES(444,'818c3cbb0d024f119a953ef130eb57f6',0,1,'2019-11-16 10:10:42.790396','2019-11-16 10:10:42.790432',0,0,4,51);
INSERT INTO "oneid_meta_groupperm" VALUES(445,'d65e2d62d3e44f12b6634488bf650675',0,1,'2019-11-16 10:10:42.793744','2019-11-16 10:10:42.793777',0,0,5,51);
INSERT INTO "oneid_meta_groupperm" VALUES(446,'479409c194f041858cf836f093008a66',0,1,'2019-11-16 10:10:42.797452','2019-11-16 10:10:42.797514',0,0,6,51);
INSERT INTO "oneid_meta_groupperm" VALUES(447,'caadf485c3b943c8943f85923684790d',0,1,'2019-11-16 10:10:42.800531','2019-11-16 10:10:42.800572',0,0,7,51);
INSERT INTO "oneid_meta_groupperm" VALUES(448,'4b973a64270f4c81be6ec964e2beaa9b',0,1,'2019-11-16 10:10:42.803417','2019-11-16 10:10:42.803447',0,0,8,51);
INSERT INTO "oneid_meta_groupperm" VALUES(449,'99724640f7544a87a7452060b4266280',0,1,'2019-11-16 10:10:42.805660','2019-11-16 10:10:42.805687',0,0,9,51);
INSERT INTO "oneid_meta_groupperm" VALUES(450,'ea0923e0153c4eff9734969708c9c746',0,1,'2019-11-16 10:10:42.809466','2019-11-16 10:10:42.809548',0,0,10,51);
INSERT INTO "oneid_meta_groupperm" VALUES(451,'eb2b4e25b3dd4754ac3f24638aeea71f',0,1,'2019-11-16 10:10:50.932237','2019-11-16 10:10:50.932307',0,0,1,52);
INSERT INTO "oneid_meta_groupperm" VALUES(452,'6ef879774bbb44fd890b3e0e71d3e111',0,1,'2019-11-16 10:10:50.935280','2019-11-16 10:10:50.935310',0,0,2,52);
INSERT INTO "oneid_meta_groupperm" VALUES(453,'e3acf327af094e1081315ac23d2c33e7',0,1,'2019-11-16 10:10:50.937541','2019-11-16 10:10:50.937568',0,0,3,52);
INSERT INTO "oneid_meta_groupperm" VALUES(454,'8db3112206e94c76a898c6aef07345d6',0,1,'2019-11-16 10:10:50.940615','2019-11-16 10:10:50.940648',0,0,4,52);
INSERT INTO "oneid_meta_groupperm" VALUES(455,'3120b3bdc8434a7ca11f21a4f4e7acdb',0,1,'2019-11-16 10:10:50.943509','2019-11-16 10:10:50.943541',0,0,5,52);
INSERT INTO "oneid_meta_groupperm" VALUES(456,'820d3ccda7974cd2a9df1cacec116507',0,1,'2019-11-16 10:10:50.947130','2019-11-16 10:10:50.947165',0,0,6,52);
INSERT INTO "oneid_meta_groupperm" VALUES(457,'6fe50cab9b2e4d3f91c52fce57066cc2',0,1,'2019-11-16 10:10:50.950541','2019-11-16 10:10:50.950571',0,0,7,52);
INSERT INTO "oneid_meta_groupperm" VALUES(458,'e10c3bc8c4934ec68d6edbf6c3201dff',0,1,'2019-11-16 10:10:50.953348','2019-11-16 10:10:50.953418',0,0,8,52);
INSERT INTO "oneid_meta_groupperm" VALUES(459,'9ced004f1b3b4dd6bd2be8c4f23a6752',0,1,'2019-11-16 10:10:50.956708','2019-11-16 10:10:50.956741',0,0,9,52);
INSERT INTO "oneid_meta_groupperm" VALUES(460,'f5e0b6dcb4f44deebabb1b0f94582644',0,1,'2019-11-16 10:10:50.959619','2019-11-16 10:10:50.959678',0,0,10,52);
INSERT INTO "oneid_meta_groupperm" VALUES(461,'b6641238c038491e92e90c752fd2395e',0,1,'2019-11-16 10:11:16.133301','2019-11-16 10:11:16.133332',0,0,1,53);
INSERT INTO "oneid_meta_groupperm" VALUES(462,'581ad2c01f1b48e089f2b081dccd42d8',0,1,'2019-11-16 10:11:16.135166','2019-11-16 10:11:16.135193',0,0,2,53);
INSERT INTO "oneid_meta_groupperm" VALUES(463,'014a8d7842da4bf09972571c44737a2c',0,1,'2019-11-16 10:11:16.136617','2019-11-16 10:11:16.136640',0,0,3,53);
INSERT INTO "oneid_meta_groupperm" VALUES(464,'6db38eb99f404ae4823d3286649a55db',0,1,'2019-11-16 10:11:16.138245','2019-11-16 10:11:16.138277',0,0,4,53);
INSERT INTO "oneid_meta_groupperm" VALUES(465,'435980783f27460187ba84c05f6c0a15',0,1,'2019-11-16 10:11:16.140247','2019-11-16 10:11:16.140284',0,0,5,53);
INSERT INTO "oneid_meta_groupperm" VALUES(466,'5ec8209ce95f4794ad1fbeea0bcd417f',0,1,'2019-11-16 10:11:16.142389','2019-11-16 10:11:16.142421',0,0,6,53);
INSERT INTO "oneid_meta_groupperm" VALUES(467,'014403e5c04947ad808613abc50f83a3',0,1,'2019-11-16 10:11:16.145023','2019-11-16 10:11:16.145063',0,0,7,53);
INSERT INTO "oneid_meta_groupperm" VALUES(468,'2ff7c1ade1cd469696ccf8d0e6d51b0a',0,1,'2019-11-16 10:11:16.147725','2019-11-16 10:11:16.147772',0,0,8,53);
INSERT INTO "oneid_meta_groupperm" VALUES(469,'87f8b9e4f6ec4a67afd10151bcaba353',0,1,'2019-11-16 10:11:16.149538','2019-11-16 10:11:16.149563',0,0,9,53);
INSERT INTO "oneid_meta_groupperm" VALUES(470,'a541a50723d54598b90974c7d2b37d3e',0,1,'2019-11-16 10:11:16.151752','2019-11-16 10:11:16.151779',0,0,10,53);
INSERT INTO "oneid_meta_groupperm" VALUES(471,'040a4593d44542699caae8c531053a4b',0,1,'2019-11-16 10:11:16.153645','2019-11-16 10:11:16.153672',0,0,11,53);
INSERT INTO "oneid_meta_groupperm" VALUES(472,'5a4788293e534b56afba30184f22447d',0,1,'2019-11-16 10:11:32.641624','2019-11-16 10:11:32.641654',0,0,1,54);
INSERT INTO "oneid_meta_groupperm" VALUES(473,'76fc0191332a4b5eaf8ad9b36b63f7c0',0,1,'2019-11-16 10:11:32.643484','2019-11-16 10:11:32.643512',0,0,2,54);
INSERT INTO "oneid_meta_groupperm" VALUES(474,'2877bed56afd407aa2ef897dd0526e64',0,1,'2019-11-16 10:11:32.645172','2019-11-16 10:11:32.645198',0,0,3,54);
INSERT INTO "oneid_meta_groupperm" VALUES(475,'6b6a3b533a16460e87422601d2ab2cee',0,1,'2019-11-16 10:11:32.646683','2019-11-16 10:11:32.646707',0,0,4,54);
INSERT INTO "oneid_meta_groupperm" VALUES(476,'1f4a2e2b2ff7472fbffa914b230d064d',0,1,'2019-11-16 10:11:32.648362','2019-11-16 10:11:32.648418',0,0,5,54);
INSERT INTO "oneid_meta_groupperm" VALUES(477,'0f386049c9a94cc08a39ce68c382af0a',0,1,'2019-11-16 10:11:32.650392','2019-11-16 10:11:32.650420',0,0,6,54);
INSERT INTO "oneid_meta_groupperm" VALUES(478,'2da61ea6fb3d491398cfea8a15aa33d8',0,1,'2019-11-16 10:11:32.651876','2019-11-16 10:11:32.651900',0,0,7,54);
INSERT INTO "oneid_meta_groupperm" VALUES(479,'fc6e89800fee4de7bc8b7f3ab2e02db7',0,1,'2019-11-16 10:11:32.653612','2019-11-16 10:11:32.653645',0,0,8,54);
INSERT INTO "oneid_meta_groupperm" VALUES(480,'45eb28607bf84c2fbf068e1967a5e45c',0,1,'2019-11-16 10:11:32.656359','2019-11-16 10:11:32.656389',0,0,9,54);
INSERT INTO "oneid_meta_groupperm" VALUES(481,'e6257887f14947c294ef358e307d03b8',0,1,'2019-11-16 10:11:32.658036','2019-11-16 10:11:32.658060',0,0,10,54);
INSERT INTO "oneid_meta_groupperm" VALUES(482,'00bca992effc43b18282721d1a53f499',0,1,'2019-11-16 10:11:32.659859','2019-11-16 10:11:32.659884',0,0,11,54);
INSERT INTO "oneid_meta_groupperm" VALUES(483,'37776f0bb24f493fb34ce4193cd2d8ea',0,1,'2019-11-16 10:11:32.661481','2019-11-16 10:11:32.661506',0,0,12,54);
INSERT INTO "oneid_meta_groupperm" VALUES(484,'e82a264ef13d46058fb3a94e62236bcb',0,1,'2019-11-16 10:11:37.999637','2019-11-16 10:11:37.999659',0,0,1,55);
INSERT INTO "oneid_meta_groupperm" VALUES(485,'6d03628034aa4e0fa0727fa2139088d5',0,1,'2019-11-16 10:11:38.001204','2019-11-16 10:11:38.001228',0,0,2,55);
INSERT INTO "oneid_meta_groupperm" VALUES(486,'16d588b0e2d44a77ba562a0f59b858d8',0,1,'2019-11-16 10:11:38.002626','2019-11-16 10:11:38.002648',0,0,3,55);
INSERT INTO "oneid_meta_groupperm" VALUES(487,'41426f8fe6ab4017900424ac91aa2359',0,1,'2019-11-16 10:11:38.004537','2019-11-16 10:11:38.004563',0,0,4,55);
INSERT INTO "oneid_meta_groupperm" VALUES(488,'7fd5896973ef4629b92d208df99367b5',0,1,'2019-11-16 10:11:38.006525','2019-11-16 10:11:38.006570',0,0,5,55);
INSERT INTO "oneid_meta_groupperm" VALUES(489,'6d27d310a4434f508513605da1b6eae2',0,1,'2019-11-16 10:11:38.009164','2019-11-16 10:11:38.009194',0,0,6,55);
INSERT INTO "oneid_meta_groupperm" VALUES(490,'afa964ea49464dad83945d886632e4a4',0,1,'2019-11-16 10:11:38.010871','2019-11-16 10:11:38.010895',0,0,7,55);
INSERT INTO "oneid_meta_groupperm" VALUES(491,'0f78b368cd9f4f68bcb9d5a2e0bd6999',0,1,'2019-11-16 10:11:38.012317','2019-11-16 10:11:38.012340',0,0,8,55);
INSERT INTO "oneid_meta_groupperm" VALUES(492,'15ca17fa8888439d8bf1c3e81588eaf9',0,1,'2019-11-16 10:11:38.013704','2019-11-16 10:11:38.013727',0,0,9,55);
INSERT INTO "oneid_meta_groupperm" VALUES(493,'9a20ff210f1c4fc7b419cdac05c6daca',0,1,'2019-11-16 10:11:38.015411','2019-11-16 10:11:38.015438',0,0,10,55);
INSERT INTO "oneid_meta_groupperm" VALUES(494,'fa17195e65c145be80f24ca969e10a2d',0,1,'2019-11-16 10:11:38.016964','2019-11-16 10:11:38.016987',0,0,11,55);
INSERT INTO "oneid_meta_groupperm" VALUES(495,'ddf8082c640d4bc79763eae4816bfeec',0,1,'2019-11-16 10:11:38.018366','2019-11-16 10:11:38.018388',0,0,12,55);
INSERT INTO "oneid_meta_groupperm" VALUES(496,'046d77d63202462cbdb76d2a6eb5c514',0,1,'2019-11-16 10:11:38.019738','2019-11-16 10:11:38.019761',0,0,13,55);
INSERT INTO "oneid_meta_groupperm" VALUES(497,'d9f1a73d2b4949cda25195d21d3ef6d7',0,1,'2019-11-16 10:11:43.666576','2019-11-16 10:11:43.666606',0,0,1,56);
INSERT INTO "oneid_meta_groupperm" VALUES(498,'b341fc9a901d41bd9ea83dc86e350364',0,1,'2019-11-16 10:11:43.668325','2019-11-16 10:11:43.668349',0,0,2,56);
INSERT INTO "oneid_meta_groupperm" VALUES(499,'94e8cac8fbad453191eed5a54bcc4493',0,1,'2019-11-16 10:11:43.669709','2019-11-16 10:11:43.669731',0,0,3,56);
INSERT INTO "oneid_meta_groupperm" VALUES(500,'3b2d0b79f8ae47b9978d6d51adb192dc',0,1,'2019-11-16 10:11:43.671122','2019-11-16 10:11:43.671144',0,0,4,56);
INSERT INTO "oneid_meta_groupperm" VALUES(501,'092080543409482aa9d78ee3098b5ed5',0,1,'2019-11-16 10:11:43.672530','2019-11-16 10:11:43.672553',0,0,5,56);
INSERT INTO "oneid_meta_groupperm" VALUES(502,'d2d683abcac4466a824985483ae1b4e1',0,1,'2019-11-16 10:11:43.674379','2019-11-16 10:11:43.674405',0,0,6,56);
INSERT INTO "oneid_meta_groupperm" VALUES(503,'6bdc6818e4ef4d10826a4703441e95e7',0,1,'2019-11-16 10:11:43.675973','2019-11-16 10:11:43.675996',0,0,7,56);
INSERT INTO "oneid_meta_groupperm" VALUES(504,'07816fa956f84b3ea3e85e2fba7714ff',0,1,'2019-11-16 10:11:43.677389','2019-11-16 10:11:43.677411',0,0,8,56);
INSERT INTO "oneid_meta_groupperm" VALUES(505,'cb117a84bdd44948a00202365278b76b',0,1,'2019-11-16 10:11:43.679535','2019-11-16 10:11:43.679568',0,0,9,56);
INSERT INTO "oneid_meta_groupperm" VALUES(506,'071ff814f3a7476c8589869324a5e7de',0,1,'2019-11-16 10:11:43.682037','2019-11-16 10:11:43.682067',0,0,10,56);
INSERT INTO "oneid_meta_groupperm" VALUES(507,'6ee2e33e94314b93b9ab81b3906ced74',0,1,'2019-11-16 10:11:43.683706','2019-11-16 10:11:43.683732',0,0,11,56);
INSERT INTO "oneid_meta_groupperm" VALUES(508,'d70a628f9d974c72bd29608f9378d91f',0,1,'2019-11-16 10:11:43.685434','2019-11-16 10:11:43.685461',0,0,12,56);
INSERT INTO "oneid_meta_groupperm" VALUES(509,'bfeafe08386c470e8c2efd9848e82117',0,1,'2019-11-16 10:11:43.687045','2019-11-16 10:11:43.687069',0,0,13,56);
INSERT INTO "oneid_meta_groupperm" VALUES(510,'52c838a29ccc46b2912688119982939e',0,1,'2019-11-16 10:11:43.688448','2019-11-16 10:11:43.688471',0,0,14,56);
INSERT INTO "oneid_meta_groupperm" VALUES(511,'1d86a13fb37645e9a306d42cf5da5ccd',0,1,'2019-11-16 10:11:51.630585','2019-11-16 10:11:51.630612',0,0,1,57);
INSERT INTO "oneid_meta_groupperm" VALUES(512,'420cedc386774e3fb032989b37de77d2',0,1,'2019-11-16 10:11:51.632261','2019-11-16 10:11:51.632284',0,0,2,57);
INSERT INTO "oneid_meta_groupperm" VALUES(513,'e60d3f689d62443e884431ad76366565',0,1,'2019-11-16 10:11:51.633712','2019-11-16 10:11:51.633734',0,0,3,57);
INSERT INTO "oneid_meta_groupperm" VALUES(514,'2853f7aac49e43f18cfb075aa3447322',0,1,'2019-11-16 10:11:51.635348','2019-11-16 10:11:51.635375',0,0,4,57);
INSERT INTO "oneid_meta_groupperm" VALUES(515,'121cbc348fb7474dba68b7db1764697c',0,1,'2019-11-16 10:11:51.637497','2019-11-16 10:11:51.637532',0,0,5,57);
INSERT INTO "oneid_meta_groupperm" VALUES(516,'408418f62de0453581f160b797b5f832',0,1,'2019-11-16 10:11:51.640010','2019-11-16 10:11:51.640041',0,0,6,57);
INSERT INTO "oneid_meta_groupperm" VALUES(517,'6c7bea42b0384170bda417286270b958',0,1,'2019-11-16 10:11:51.641622','2019-11-16 10:11:51.641645',0,0,7,57);
INSERT INTO "oneid_meta_groupperm" VALUES(518,'b42f662577bb4b71aeee40576914d2fb',0,1,'2019-11-16 10:11:51.643055','2019-11-16 10:11:51.643077',0,0,8,57);
INSERT INTO "oneid_meta_groupperm" VALUES(519,'b1ba1331eea1414093881570f5d1052a',0,1,'2019-11-16 10:11:51.644492','2019-11-16 10:11:51.644515',0,0,9,57);
INSERT INTO "oneid_meta_groupperm" VALUES(520,'51d4e9228768452f857b9f8e16f63326',0,1,'2019-11-16 10:11:51.645907','2019-11-16 10:11:51.645929',0,0,10,57);
INSERT INTO "oneid_meta_groupperm" VALUES(521,'c5d7de2036c2473895057c427872fbec',0,1,'2019-11-16 10:11:51.647320','2019-11-16 10:11:51.647343',0,0,11,57);
INSERT INTO "oneid_meta_groupperm" VALUES(522,'57c9d48994ac4e07b198cd78bd56eab6',0,1,'2019-11-16 10:11:51.648781','2019-11-16 10:11:51.648803',0,0,12,57);
INSERT INTO "oneid_meta_groupperm" VALUES(523,'36d4d45f7c2943bea7dc351aea0e2d8a',0,1,'2019-11-16 10:11:51.650491','2019-11-16 10:11:51.650517',0,0,13,57);
INSERT INTO "oneid_meta_groupperm" VALUES(524,'b94980cd5f144dd1b9dca4c9d630958f',0,1,'2019-11-16 10:11:51.652478','2019-11-16 10:11:51.652510',0,0,14,57);
INSERT INTO "oneid_meta_groupperm" VALUES(525,'e6867da72d984b09adce6a24ddb19fdb',0,1,'2019-11-16 10:11:51.654724','2019-11-16 10:11:51.654796',0,0,15,57);
INSERT INTO "oneid_meta_groupperm" VALUES(526,'c4783809cf0044f8ba6eaad10daea818',0,1,'2019-11-16 10:24:30.392590','2019-11-16 10:24:30.392616',0,0,1,58);
INSERT INTO "oneid_meta_groupperm" VALUES(527,'8c2aa334befb4e8f992db40b2f704fba',0,1,'2019-11-16 10:24:30.395226','2019-11-16 10:24:30.395252',0,0,2,58);
INSERT INTO "oneid_meta_groupperm" VALUES(528,'83869e7d835a4c70b5012225c69243af',0,1,'2019-11-16 10:24:30.397597','2019-11-16 10:24:30.397623',0,0,3,58);
INSERT INTO "oneid_meta_groupperm" VALUES(529,'2977c4839a9e43b5a740e3ac09aac005',0,1,'2019-11-16 10:24:30.400284','2019-11-16 10:24:30.400320',0,0,4,58);
INSERT INTO "oneid_meta_groupperm" VALUES(530,'5062be9278fb477481c9be9e58d15918',0,1,'2019-11-16 10:24:30.403988','2019-11-16 10:24:30.404018',0,0,5,58);
INSERT INTO "oneid_meta_groupperm" VALUES(531,'ec1b5f45c3494fbaa0e7b5a784a45c0c',0,1,'2019-11-16 10:24:30.406352','2019-11-16 10:24:30.406375',0,0,6,58);
INSERT INTO "oneid_meta_groupperm" VALUES(532,'4b806cba60b2468f885c288f7dcd2a39',0,1,'2019-11-16 10:24:30.408687','2019-11-16 10:24:30.408712',0,0,7,58);
INSERT INTO "oneid_meta_groupperm" VALUES(533,'476777ced4e74907aebad5e826a546fb',0,1,'2019-11-16 10:24:30.411084','2019-11-16 10:24:30.411108',0,0,8,58);
INSERT INTO "oneid_meta_groupperm" VALUES(534,'4f4263b9633e434c881263438ec54596',0,1,'2019-11-16 10:24:30.413490','2019-11-16 10:24:30.413518',0,0,9,58);
INSERT INTO "oneid_meta_groupperm" VALUES(535,'409fb434e08541b3a3d0633196de6f68',0,1,'2019-11-16 10:24:30.415859','2019-11-16 10:24:30.415905',0,0,10,58);
INSERT INTO "oneid_meta_groupperm" VALUES(536,'ed7625081001445591c749dc1542f50a',0,1,'2019-11-16 10:24:30.419402','2019-11-16 10:24:30.419436',0,0,11,58);
INSERT INTO "oneid_meta_groupperm" VALUES(537,'57d0ccb196b34adeb065ee4f3a92af6e',0,1,'2019-11-16 10:24:30.422513','2019-11-16 10:24:30.422542',0,0,12,58);
INSERT INTO "oneid_meta_groupperm" VALUES(538,'64bea414a14f4618abe3acdf8763d5f6',0,1,'2019-11-16 10:24:30.424976','2019-11-16 10:24:30.425002',0,0,13,58);
INSERT INTO "oneid_meta_groupperm" VALUES(539,'ebb5aa5681304607b5a52286b163cc09',0,1,'2019-11-16 10:24:30.427377','2019-11-16 10:24:30.427404',0,0,14,58);
INSERT INTO "oneid_meta_groupperm" VALUES(540,'b2fd60a28c6c45d8ac195bd3cd0c3a74',0,1,'2019-11-16 10:24:30.429639','2019-11-16 10:24:30.429664',0,0,15,58);
INSERT INTO "oneid_meta_groupperm" VALUES(541,'173161e50b3a42b19ca13e28fa433276',0,1,'2019-11-16 10:24:30.457705','2019-11-16 10:24:30.457731',0,0,1,59);
INSERT INTO "oneid_meta_groupperm" VALUES(542,'fc00dd1d73d345709a640d7bd9051754',0,1,'2019-11-16 10:24:30.459968','2019-11-16 10:24:30.459992',0,0,2,59);
INSERT INTO "oneid_meta_groupperm" VALUES(543,'ed6038aa543945868ba82c2722f28442',0,1,'2019-11-16 10:24:30.462203','2019-11-16 10:24:30.462226',0,0,3,59);
INSERT INTO "oneid_meta_groupperm" VALUES(544,'c7da581e973348c58b571afa0accd17a',0,1,'2019-11-16 10:24:30.464730','2019-11-16 10:24:30.464755',0,0,4,59);
INSERT INTO "oneid_meta_groupperm" VALUES(545,'e0f5abfb1ad84378a9c138f26c0dd335',0,1,'2019-11-16 10:24:30.467506','2019-11-16 10:24:30.467539',0,0,5,59);
INSERT INTO "oneid_meta_groupperm" VALUES(546,'beece03d874349ecbc34868c04e11a06',0,1,'2019-11-16 10:24:30.471165','2019-11-16 10:24:30.471195',0,0,6,59);
INSERT INTO "oneid_meta_groupperm" VALUES(547,'779bbeaaaa914cc9a4f827a0210f9edb',0,1,'2019-11-16 10:24:30.473620','2019-11-16 10:24:30.473648',0,0,7,59);
INSERT INTO "oneid_meta_groupperm" VALUES(548,'522269c9fdae4f3892b75bc712849c43',0,1,'2019-11-16 10:24:30.475979','2019-11-16 10:24:30.476003',0,0,8,59);
INSERT INTO "oneid_meta_groupperm" VALUES(549,'6d76af054e134cd6be101fbc24a64d5d',0,1,'2019-11-16 10:24:30.478286','2019-11-16 10:24:30.478309',0,0,9,59);
INSERT INTO "oneid_meta_groupperm" VALUES(550,'460e8a48cfd748d19212651a9f602aa6',0,1,'2019-11-16 10:24:30.480824','2019-11-16 10:24:30.480852',0,0,10,59);
INSERT INTO "oneid_meta_groupperm" VALUES(551,'93f9a2f388344c548bcb996f265340d1',0,1,'2019-11-16 10:24:30.483602','2019-11-16 10:24:30.483635',0,0,11,59);
INSERT INTO "oneid_meta_groupperm" VALUES(552,'d7713da15bbc4122a06ee24326550e0c',0,1,'2019-11-16 10:24:30.487150','2019-11-16 10:24:30.487182',0,0,12,59);
INSERT INTO "oneid_meta_groupperm" VALUES(553,'b7d9c386ce4c4f33bd07f4d78290aa7f',0,1,'2019-11-16 10:24:30.489633','2019-11-16 10:24:30.489659',0,0,13,59);
INSERT INTO "oneid_meta_groupperm" VALUES(554,'6d8ff677bb7e4174983afdfe6260a86c',0,1,'2019-11-16 10:24:30.492090','2019-11-16 10:24:30.492114',0,0,14,59);
INSERT INTO "oneid_meta_groupperm" VALUES(555,'2191b7a953c84190aa5e28d28e331287',0,1,'2019-11-16 10:24:30.494333','2019-11-16 10:24:30.494357',0,0,15,59);
INSERT INTO "oneid_meta_groupperm" VALUES(556,'dbb6ba77bc5d4441a4e51ba3bb2e53e2',0,1,'2019-11-16 10:36:53.318567','2019-11-16 10:36:53.318607',0,0,1,60);
INSERT INTO "oneid_meta_groupperm" VALUES(557,'fa8b5c249cc641f1b754361b8ec6d4a6',0,1,'2019-11-16 10:36:53.320811','2019-11-16 10:36:53.320845',0,0,2,60);
INSERT INTO "oneid_meta_groupperm" VALUES(558,'c8fdb3f86c214b5fa92b19fbc7475803',0,1,'2019-11-16 10:36:53.322678','2019-11-16 10:36:53.322712',0,0,3,60);
INSERT INTO "oneid_meta_groupperm" VALUES(559,'99c9cfb93e26480899eaac065284a83e',0,1,'2019-11-16 10:36:53.324854','2019-11-16 10:36:53.324888',0,0,4,60);
INSERT INTO "oneid_meta_groupperm" VALUES(560,'9f06ddb27fa0479aa29056fd2596c86d',0,1,'2019-11-16 10:36:53.326801','2019-11-16 10:36:53.326857',0,0,5,60);
INSERT INTO "oneid_meta_groupperm" VALUES(561,'1934a6084ed94cc2ae5ceec83156ad3f',0,1,'2019-11-16 10:36:53.328488','2019-11-16 10:36:53.328516',0,0,6,60);
INSERT INTO "oneid_meta_groupperm" VALUES(562,'139da51eb54b424fbf7b456fc94aeb21',0,1,'2019-11-16 10:36:53.330069','2019-11-16 10:36:53.330094',0,0,7,60);
INSERT INTO "oneid_meta_groupperm" VALUES(563,'b208f616e1334a89aca97d575bf88222',0,1,'2019-11-16 10:36:53.331584','2019-11-16 10:36:53.331608',0,0,8,60);
INSERT INTO "oneid_meta_groupperm" VALUES(564,'4e26f7230407457297a60d785f6b4388',0,1,'2019-11-16 10:36:53.333035','2019-11-16 10:36:53.333074',0,0,9,60);
INSERT INTO "oneid_meta_groupperm" VALUES(565,'a5f688a4d3304b9abf69884e5366addd',0,1,'2019-11-16 10:36:53.334752','2019-11-16 10:36:53.334780',0,0,10,60);
INSERT INTO "oneid_meta_groupperm" VALUES(566,'d6ab2b48bcb04aceaa4b9ae548a1b681',0,1,'2019-11-16 10:36:53.336275','2019-11-16 10:36:53.336301',0,0,11,60);
INSERT INTO "oneid_meta_groupperm" VALUES(567,'f891709f58a34addb6ddc0e4c4c8253f',0,1,'2019-11-16 10:36:53.337970','2019-11-16 10:36:53.337999',0,0,12,60);
INSERT INTO "oneid_meta_groupperm" VALUES(568,'5b1903b7f0174b0d85d9a94dde5b6cdb',0,1,'2019-11-16 10:36:53.339983','2019-11-16 10:36:53.340043',0,0,13,60);
INSERT INTO "oneid_meta_groupperm" VALUES(569,'e4a317e9779a412ea6ae951f0c4375b7',0,1,'2019-11-16 10:36:53.342170','2019-11-16 10:36:53.342203',0,0,14,60);
INSERT INTO "oneid_meta_groupperm" VALUES(570,'a1bc98b0caf143e8a95f09ccee80143e',0,1,'2019-11-16 10:36:53.343909','2019-11-16 10:36:53.343938',0,0,15,60);
INSERT INTO "oneid_meta_groupperm" VALUES(571,'782cf2c37c9d475c870791d2a9ed42b6',0,1,'2019-11-16 10:36:53.345634','2019-11-16 10:36:53.345662',0,0,16,60);
INSERT INTO "oneid_meta_groupperm" VALUES(572,'8a092c2f850243938d66c2fe4c081c8b',0,1,'2019-11-16 10:36:59.333096','2019-11-16 10:36:59.333156',0,0,1,61);
INSERT INTO "oneid_meta_groupperm" VALUES(573,'08806789db0c4795b576cf5bae4e2050',0,1,'2019-11-16 10:36:59.335042','2019-11-16 10:36:59.335070',0,0,2,61);
INSERT INTO "oneid_meta_groupperm" VALUES(574,'0b35a8e92c1a48fc9a274f91f9977315',0,1,'2019-11-16 10:36:59.336547','2019-11-16 10:36:59.336570',0,0,3,61);
INSERT INTO "oneid_meta_groupperm" VALUES(575,'63dae8fdd5004cd5bf5c4df057988337',0,1,'2019-11-16 10:36:59.337995','2019-11-16 10:36:59.338017',0,0,4,61);
INSERT INTO "oneid_meta_groupperm" VALUES(576,'e89d3cfd20cc4ef1bacecfe0f5db76b6',0,1,'2019-11-16 10:36:59.339462','2019-11-16 10:36:59.339484',0,0,5,61);
INSERT INTO "oneid_meta_groupperm" VALUES(577,'8ad07987d8d64947a4e98388d8bd2378',0,1,'2019-11-16 10:36:59.340903','2019-11-16 10:36:59.340925',0,0,6,61);
INSERT INTO "oneid_meta_groupperm" VALUES(578,'3bf391451fdf4b0198ab8f1d00fc676d',0,1,'2019-11-16 10:36:59.342471','2019-11-16 10:36:59.342493',0,0,7,61);
INSERT INTO "oneid_meta_groupperm" VALUES(579,'45f0c15fadc2401b96092fb5fd8ebd58',0,1,'2019-11-16 10:36:59.344036','2019-11-16 10:36:59.344063',0,0,8,61);
INSERT INTO "oneid_meta_groupperm" VALUES(580,'f72954f9ad714ea6bdab1ab4b79adc68',0,1,'2019-11-16 10:36:59.346539','2019-11-16 10:36:59.346571',0,0,9,61);
INSERT INTO "oneid_meta_groupperm" VALUES(581,'af53009157804217afee365f1fb3a9fb',0,1,'2019-11-16 10:36:59.348378','2019-11-16 10:36:59.348404',0,0,10,61);
INSERT INTO "oneid_meta_groupperm" VALUES(582,'290ade213afd4ce9889993e0a8512862',0,1,'2019-11-16 10:36:59.349882','2019-11-16 10:36:59.349905',0,0,11,61);
INSERT INTO "oneid_meta_groupperm" VALUES(583,'f0bd66bc936c497eb6231ecc735e21a8',0,1,'2019-11-16 10:36:59.351281','2019-11-16 10:36:59.351304',0,0,12,61);
INSERT INTO "oneid_meta_groupperm" VALUES(584,'9326a4e459d544b697b635f90e04bf66',0,1,'2019-11-16 10:36:59.352747','2019-11-16 10:36:59.352769',0,0,13,61);
INSERT INTO "oneid_meta_groupperm" VALUES(585,'f3bf14c26b894c3ab6c9b68a6c6bda10',0,1,'2019-11-16 10:36:59.354172','2019-11-16 10:36:59.354195',0,0,14,61);
INSERT INTO "oneid_meta_groupperm" VALUES(586,'d52a34448c6e4865bbe2a5a60feccbe1',0,1,'2019-11-16 10:36:59.355565','2019-11-16 10:36:59.355587',0,0,15,61);
INSERT INTO "oneid_meta_groupperm" VALUES(587,'b84975050d414b2e9d703d330cd44dbd',0,1,'2019-11-16 10:36:59.357074','2019-11-16 10:36:59.357096',0,0,16,61);
INSERT INTO "oneid_meta_groupperm" VALUES(588,'33990d1e41bf4388a0fe45519adf778e',0,1,'2019-11-16 10:36:59.358464','2019-11-16 10:36:59.358487',0,0,17,61);
INSERT INTO "oneid_meta_groupperm" VALUES(589,'aea374c895de414c881b2d646654ab55',0,1,'2019-11-16 10:37:06.208758','2019-11-16 10:37:06.208785',0,0,1,62);
INSERT INTO "oneid_meta_groupperm" VALUES(590,'e6f33ccb714a486aac5de231ea11b4d7',0,1,'2019-11-16 10:37:06.210385','2019-11-16 10:37:06.210408',0,0,2,62);
INSERT INTO "oneid_meta_groupperm" VALUES(591,'30d4cd882dd04e5991019826e651e9c3',0,1,'2019-11-16 10:37:06.211814','2019-11-16 10:37:06.211836',0,0,3,62);
INSERT INTO "oneid_meta_groupperm" VALUES(592,'03ef5badb2b94d828d779a25d4fc6f4f',0,1,'2019-11-16 10:37:06.213237','2019-11-16 10:37:06.213259',0,0,4,62);
INSERT INTO "oneid_meta_groupperm" VALUES(593,'5b08e61610ba438caec0f4e98a1f2d98',0,1,'2019-11-16 10:37:06.214657','2019-11-16 10:37:06.214680',0,0,5,62);
INSERT INTO "oneid_meta_groupperm" VALUES(594,'21c4bf2c35464bb39ff041c906a6852b',0,1,'2019-11-16 10:37:06.216671','2019-11-16 10:37:06.216719',0,0,6,62);
INSERT INTO "oneid_meta_groupperm" VALUES(595,'8da9921ae5ce473e86749762b94760d1',0,1,'2019-11-16 10:37:06.219219','2019-11-16 10:37:06.219299',0,0,7,62);
INSERT INTO "oneid_meta_groupperm" VALUES(596,'20abbff559054438be73af62a218d81d',0,1,'2019-11-16 10:37:06.221190','2019-11-16 10:37:06.221217',0,0,8,62);
INSERT INTO "oneid_meta_groupperm" VALUES(597,'743affc8b3ad48bd818f8659e7713783',0,1,'2019-11-16 10:37:06.222631','2019-11-16 10:37:06.222654',0,0,9,62);
INSERT INTO "oneid_meta_groupperm" VALUES(598,'7f05d9ea319549f79bd27356a8d2707c',0,1,'2019-11-16 10:37:06.224012','2019-11-16 10:37:06.224034',0,0,10,62);
INSERT INTO "oneid_meta_groupperm" VALUES(599,'af4356ab9bfc4d9c9eb6f0d84bc2e7b6',0,1,'2019-11-16 10:37:06.225391','2019-11-16 10:37:06.225413',0,0,11,62);
INSERT INTO "oneid_meta_groupperm" VALUES(600,'6548c71ad1ce4bdf815a4fc1bdbda9c0',0,1,'2019-11-16 10:37:06.226768','2019-11-16 10:37:06.226790',0,0,12,62);
INSERT INTO "oneid_meta_groupperm" VALUES(601,'f6450d7f3c6a4f128fe0859f1f1ac325',0,1,'2019-11-16 10:37:06.228453','2019-11-16 10:37:06.228478',0,0,13,62);
INSERT INTO "oneid_meta_groupperm" VALUES(602,'ac655382caf945f6b0a4f265fb28f39b',0,1,'2019-11-16 10:37:06.230075','2019-11-16 10:37:06.230099',0,0,14,62);
INSERT INTO "oneid_meta_groupperm" VALUES(603,'cb633d604ee84f059dd94f259df6f2f4',0,1,'2019-11-16 10:37:06.231470','2019-11-16 10:37:06.231492',0,0,15,62);
INSERT INTO "oneid_meta_groupperm" VALUES(604,'6b88089d25b94ac68aa60fcef51a655b',0,1,'2019-11-16 10:37:06.233489','2019-11-16 10:37:06.233536',0,0,16,62);
INSERT INTO "oneid_meta_groupperm" VALUES(605,'0907d5f7a3814b868f08a4e167f8b745',0,1,'2019-11-16 10:37:06.235714','2019-11-16 10:37:06.235759',0,0,17,62);
INSERT INTO "oneid_meta_groupperm" VALUES(606,'6ffb21e2fc9d40048d8a55758f6466e6',0,1,'2019-11-16 10:37:06.238008','2019-11-16 10:37:06.238039',0,0,18,62);
INSERT INTO "oneid_meta_groupperm" VALUES(607,'d58d656fadea4c2a9978dd0069cbdf23',0,1,'2019-11-16 10:37:13.331495','2019-11-16 10:37:13.331519',0,0,1,63);
INSERT INTO "oneid_meta_groupperm" VALUES(608,'4d44827a337e4ba591e28a1c25260966',0,1,'2019-11-16 10:37:13.333128','2019-11-16 10:37:13.333151',0,0,2,63);
INSERT INTO "oneid_meta_groupperm" VALUES(609,'eba83bc414cd4052a9d1afd822e2aa0b',0,1,'2019-11-16 10:37:13.334553','2019-11-16 10:37:13.334574',0,0,3,63);
INSERT INTO "oneid_meta_groupperm" VALUES(610,'42091562dea6430fa9ecc5d5c09f9919',0,1,'2019-11-16 10:37:13.336172','2019-11-16 10:37:13.336199',0,0,4,63);
INSERT INTO "oneid_meta_groupperm" VALUES(611,'43787ffa881742088a62401031575a65',0,1,'2019-11-16 10:37:13.338762','2019-11-16 10:37:13.338794',0,0,5,63);
INSERT INTO "oneid_meta_groupperm" VALUES(612,'f66b9f99037147839718fa2f55a740f9',0,1,'2019-11-16 10:37:13.340812','2019-11-16 10:37:13.340840',0,0,6,63);
INSERT INTO "oneid_meta_groupperm" VALUES(613,'29da8c4f293e476cb3432fbbd2e39f89',0,1,'2019-11-16 10:37:13.342490','2019-11-16 10:37:13.342514',0,0,7,63);
INSERT INTO "oneid_meta_groupperm" VALUES(614,'454d53ef2daa449e89db2f603fc646bc',0,1,'2019-11-16 10:37:13.343938','2019-11-16 10:37:13.343960',0,0,8,63);
INSERT INTO "oneid_meta_groupperm" VALUES(615,'2d7fb31e70f84fb0ac5dfe39c8b96ffb',0,1,'2019-11-16 10:37:13.345320','2019-11-16 10:37:13.345342',0,0,9,63);
INSERT INTO "oneid_meta_groupperm" VALUES(616,'977ffd507c2944779b31afc779407724',0,1,'2019-11-16 10:37:13.346723','2019-11-16 10:37:13.346748',0,0,10,63);
INSERT INTO "oneid_meta_groupperm" VALUES(617,'b3fc4bc886a34ac4b4581d0fd4ac1060',0,1,'2019-11-16 10:37:13.348834','2019-11-16 10:37:13.348860',0,0,11,63);
INSERT INTO "oneid_meta_groupperm" VALUES(618,'b989c4a070144b60b09a34283557979f',0,1,'2019-11-16 10:37:13.350435','2019-11-16 10:37:13.350459',0,0,12,63);
INSERT INTO "oneid_meta_groupperm" VALUES(619,'236a1463d2cf48c090330c990d3e0391',0,1,'2019-11-16 10:37:13.351987','2019-11-16 10:37:13.352011',0,0,13,63);
INSERT INTO "oneid_meta_groupperm" VALUES(620,'fc4b312d5e3c44b1913e02b337708b28',0,1,'2019-11-16 10:37:13.353815','2019-11-16 10:37:13.353847',0,0,14,63);
INSERT INTO "oneid_meta_groupperm" VALUES(621,'4f2ab24f5a954b2682ac9d614e03bb25',0,1,'2019-11-16 10:37:13.356330','2019-11-16 10:37:13.356361',0,0,15,63);
INSERT INTO "oneid_meta_groupperm" VALUES(622,'50db5eb7e3734a48a5f5b2ae2a64b566',0,1,'2019-11-16 10:37:13.357937','2019-11-16 10:37:13.357961',0,0,16,63);
INSERT INTO "oneid_meta_groupperm" VALUES(623,'a97fa6e364014a458783209ce3f68058',0,1,'2019-11-16 10:37:13.359795','2019-11-16 10:37:13.359822',0,0,17,63);
INSERT INTO "oneid_meta_groupperm" VALUES(624,'d8056d63d4bd4ac0895cb570d0aaed1d',0,1,'2019-11-16 10:37:13.361384','2019-11-16 10:37:13.361408',0,0,18,63);
INSERT INTO "oneid_meta_groupperm" VALUES(625,'b2e36eb3364b44d0aafb8b4b8203bdaf',0,1,'2019-11-16 10:37:13.362775','2019-11-16 10:37:13.362797',0,0,19,63);
INSERT INTO "oneid_meta_groupperm" VALUES(626,'f9b16ef4711c491f9cd6519c72e33091',0,1,'2019-11-16 10:37:18.762764','2019-11-16 10:37:18.762792',0,0,1,64);
INSERT INTO "oneid_meta_groupperm" VALUES(627,'c13d9bbccd1b4f5383d478e05c0a49e2',0,1,'2019-11-16 10:37:18.764602','2019-11-16 10:37:18.764628',0,0,2,64);
INSERT INTO "oneid_meta_groupperm" VALUES(628,'9ccade811b294f8ca9ac00fb23909857',0,1,'2019-11-16 10:37:18.766056','2019-11-16 10:37:18.766079',0,0,3,64);
INSERT INTO "oneid_meta_groupperm" VALUES(629,'dec72dfe2e9b4500ac7b998579fd3506',0,1,'2019-11-16 10:37:18.767476','2019-11-16 10:37:18.767498',0,0,4,64);
INSERT INTO "oneid_meta_groupperm" VALUES(630,'44ed91da65e24bc8addb8fc457be2142',0,1,'2019-11-16 10:37:18.768893','2019-11-16 10:37:18.768916',0,0,5,64);
INSERT INTO "oneid_meta_groupperm" VALUES(631,'986ab81873e6439c9c3fe76538e70875',0,1,'2019-11-16 10:37:18.770315','2019-11-16 10:37:18.770337',0,0,6,64);
INSERT INTO "oneid_meta_groupperm" VALUES(632,'33e0a6a9fa014c9c9fcd8dc5ad949896',0,1,'2019-11-16 10:37:18.771783','2019-11-16 10:37:18.771806',0,0,7,64);
INSERT INTO "oneid_meta_groupperm" VALUES(633,'2a45328ee0f249ffaca29999e9fe3733',0,1,'2019-11-16 10:37:18.773228','2019-11-16 10:37:18.773252',0,0,8,64);
INSERT INTO "oneid_meta_groupperm" VALUES(634,'cbfc6f665f244cc5b462894d3a9c7290',0,1,'2019-11-16 10:37:18.774737','2019-11-16 10:37:18.774762',0,0,9,64);
INSERT INTO "oneid_meta_groupperm" VALUES(635,'50e7d2beb7624863a3e94119de8fc8cf',0,1,'2019-11-16 10:37:18.777014','2019-11-16 10:37:18.777046',0,0,10,64);
INSERT INTO "oneid_meta_groupperm" VALUES(636,'0d7ca6d420344458be59b550884c5e9f',0,1,'2019-11-16 10:37:18.779050','2019-11-16 10:37:18.779078',0,0,11,64);
INSERT INTO "oneid_meta_groupperm" VALUES(637,'f45a3024c6ee4706afb23130ffda15a8',0,1,'2019-11-16 10:37:18.780522','2019-11-16 10:37:18.780545',0,0,12,64);
INSERT INTO "oneid_meta_groupperm" VALUES(638,'8decb77210c743908423ac36fe451214',0,1,'2019-11-16 10:37:18.782006','2019-11-16 10:37:18.782033',0,0,13,64);
INSERT INTO "oneid_meta_groupperm" VALUES(639,'5684a22da255418db042042874215581',0,1,'2019-11-16 10:37:18.783746','2019-11-16 10:37:18.783772',0,0,14,64);
INSERT INTO "oneid_meta_groupperm" VALUES(640,'7f35b349170d4ee5b1924e59aa53ebaa',0,1,'2019-11-16 10:37:18.785233','2019-11-16 10:37:18.785256',0,0,15,64);
INSERT INTO "oneid_meta_groupperm" VALUES(641,'47aef2c315a9472b85f9ec9b9465985d',0,1,'2019-11-16 10:37:18.786627','2019-11-16 10:37:18.786649',0,0,16,64);
INSERT INTO "oneid_meta_groupperm" VALUES(642,'130b50725d7d46188d0282f4eb277f03',0,1,'2019-11-16 10:37:18.788169','2019-11-16 10:37:18.788191',0,0,17,64);
INSERT INTO "oneid_meta_groupperm" VALUES(643,'d717bbf566364404b3c43afed619d199',0,1,'2019-11-16 10:37:18.789557','2019-11-16 10:37:18.789580',0,0,18,64);
INSERT INTO "oneid_meta_groupperm" VALUES(644,'a8050ae8673c4bc3a003903ef3172d92',0,1,'2019-11-16 10:37:18.790970','2019-11-16 10:37:18.790993',0,0,19,64);
INSERT INTO "oneid_meta_groupperm" VALUES(645,'ec5adc0eafc140639cfd5217ff32f6d9',0,1,'2019-11-16 10:37:18.793161','2019-11-16 10:37:18.793200',0,0,20,64);
CREATE TABLE "oneid_meta_httpapp" ("id" integer NOT NULL PRIMARY KEY AUTOINCREMENT, "uuid" char(32) NOT NULL UNIQUE, "is_del" bool NOT NULL, "is_active" bool NOT NULL, "updated" datetime NULL, "created" datetime NULL, "app_id" integer NULL UNIQUE REFERENCES "oneid_meta_app" ("id") DEFERRABLE INITIALLY DEFERRED);
CREATE TABLE "oneid_meta_idpconfig" ("id" integer NOT NULL PRIMARY KEY AUTOINCREMENT, "uuid" char(32) NOT NULL UNIQUE, "is_del" bool NOT NULL, "is_active" bool NOT NULL, "updated" datetime NULL, "created" datetime NULL, "cert" varchar(2500) NOT NULL, "key" varchar(2500) NOT NULL, "site_id" integer NOT NULL UNIQUE REFERENCES "django_site" ("id") DEFERRABLE INITIALLY DEFERRED);
INSERT INTO "oneid_meta_idpconfig" VALUES(1,'d56f1fc835384f9ea59a7c184fbaaa73',0,1,'2019-12-20 08:46:43.040478','2019-12-20 08:46:43.039773','[''-----BEGIN CERTIFICATE-----\n'', ''MIIBwDCCASkCAgPoMA0GCSqGSIb3DQEBBQUAMCgxCzAJBgNVBAYTAkNOMRkwFwYD\n'', ''VQQDDBB1c2VyZGVpTWFjLmxvY2FsMB4XDTE5MTIyMDA4NDY0MloXDTI5MTIxNzA4\n'', ''NDY0MlowKDELMAkGA1UEBhMCQ04xGTAXBgNVBAMMEHVzZXJkZWlNYWMubG9jYWww\n'', ''gZ8wDQYJKoZIhvcNAQEBBQADgY0AMIGJAoGBALbjjE+1NDfJMjMbFNIma0QaiCMy\n'', ''H1h3V8M1OmkbHg3pOs2rcJDt77scPSFEtXhFnzf+tnpzRV04If9tVBx5yvqAdIZ9\n'', ''8xpajTVtkHm6sLWUB1NmthO6dlWirrvta7ThdTT2gK7Eelu+Ao8h+QPVf4Ym9u6F\n'', ''h0wd9cEY3jEzZYzLAgMBAAEwDQYJKoZIhvcNAQEFBQADgYEAoZE1I2nOSkvb2aEi\n'', ''NMpWnNG2lKWCYR6a5PLsEIeLLfI7mPh63BngeBrZ+bjALAhBZzDZT4GDR/tdCpIz\n'', ''gqgaZYJVWisz6t1hp0faM1q+SyY359juFsp8Yg6DdUv/+IQPyjEBFNWfz5DFjIiY\n'', ''3AknVXhsNC4/Xv29osB2pThVsZI=\n'', ''-----END CERTIFICATE-----\n'']','[''-----BEGIN PRIVATE KEY-----\n'', ''MIICdgIBADANBgkqhkiG9w0BAQEFAASCAmAwggJcAgEAAoGBALbjjE+1NDfJMjMb\n'', ''FNIma0QaiCMyH1h3V8M1OmkbHg3pOs2rcJDt77scPSFEtXhFnzf+tnpzRV04If9t\n'', ''VBx5yvqAdIZ98xpajTVtkHm6sLWUB1NmthO6dlWirrvta7ThdTT2gK7Eelu+Ao8h\n'', ''+QPVf4Ym9u6Fh0wd9cEY3jEzZYzLAgMBAAECgYEAjRUkHCjwy0gNzZbKjQLOJI9D\n'', ''DcOQorINpazeDk649IpCrn3eLC8gi/rQvWU/iDRNCukW44cgrzSqJVy1UfIyPZYX\n'', ''F98nUQ0U1jWks9c/cFgPDcsPeXbQ34Y51kdg9sVSaBlX5wz5w/wvjHb1SpEeBcfX\n'', ''IzXfV3/lvOZ3nfa8SCECQQDaoDRmJx2vv9zREWWBiNhqdYDk8egQ5AAbdVQWbI9X\n'', ''nH877R2h0YldgKQwIPIc9uTu1Vx8Or+tgGY+O/fFI0JlAkEA1idgI21bDWm8neZE\n'', ''/zsRR8rznNxaIq7sBpROdFbrfzogy/mrUgLPEMl+q5dy5BlGTnJ+ONgjMwopokhF\n'', ''Tu8HbwJAbsF0aj/swSlww5WNl+bsxFoM129ZwpzPFRoGZGnQ4HCO4JwKQ/00GuNd\n'', ''ymgWX+gQKJJ8jQ7yJgKDSYn1xrBLJQJAYuVyL0ocB1iyIxUo/dkQROBDmkfkVCoF\n'', ''k5A/nthZDrsQVEIrTMdBSpZSqflZtF67qhSTl7qwnqxtx6SqZSZbfwJAJJvUKCI3\n'', ''5eEe2ZteXJZMYr/4Mw1VXDxGib1c+WpDbwNgvQqsvLgTV767Ve4QbD5QAz6NmXs9\n'', ''QqedeR+UyZQpaw==\n'', ''-----END PRIVATE KEY-----\n'']',1);
CREATE TABLE "oneid_meta_invitation" ("id" integer NOT NULL PRIMARY KEY AUTOINCREMENT, "uuid" char(32) NOT NULL UNIQUE, "is_del" bool NOT NULL, "is_active" bool NOT NULL, "updated" datetime NULL, "created" datetime NULL, "duration" bigint NOT NULL, "is_accepted" bool NOT NULL, "invitee_id" integer NOT NULL REFERENCES "oneid_meta_user" ("id") DEFERRABLE INITIALLY DEFERRED, "inviter_id" integer NOT NULL REFERENCES "oneid_meta_user" ("id") DEFERRABLE INITIALLY DEFERRED);
INSERT INTO "oneid_meta_invitation" VALUES(1,'c95b02be297e4ae3be63c45498f4dd63',0,1,'2019-11-16 09:54:41.059641','2019-11-16 09:54:41.059670',0,0,4,1);
INSERT INTO "oneid_meta_invitation" VALUES(2,'46506ad66ad241a98a925fdfa88ad514',0,1,'2019-11-16 09:54:52.692893','2019-11-16 09:54:52.692938',86400000000,0,4,1);
INSERT INTO "oneid_meta_invitation" VALUES(3,'3437d3e635884436868beb2dd10777b9',0,1,'2019-11-16 09:55:28.117470','2019-11-16 09:55:28.117496',86400000000,0,5,1);
INSERT INTO "oneid_meta_invitation" VALUES(4,'411adc05e5c942ef8ddb4a8e167a0876',0,1,'2019-11-16 09:55:54.582277','2019-11-16 09:55:54.582304',86400000000,0,6,1);
INSERT INTO "oneid_meta_invitation" VALUES(5,'49bd759b88174c36975140ecf731e94f',0,1,'2019-11-16 09:56:45.971497','2019-11-16 09:56:45.971523',86400000000,0,7,1);
CREATE TABLE "oneid_meta_ldapapp" ("id" integer NOT NULL PRIMARY KEY AUTOINCREMENT, "uuid" char(32) NOT NULL UNIQUE, "is_del" bool NOT NULL, "is_active" bool NOT NULL, "updated" datetime NULL, "created" datetime NULL, "app_id" integer NULL UNIQUE REFERENCES "oneid_meta_app" ("id") DEFERRABLE INITIALLY DEFERRED);
INSERT INTO "oneid_meta_ldapapp" VALUES(1,'ee871b4d57aa45bfa1b14e14ab7d98f1',0,1,'2019-11-16 10:11:32.628107','2019-11-16 10:11:32.628129',6);
CREATE TABLE "oneid_meta_log" ("id" integer NOT NULL PRIMARY KEY AUTOINCREMENT, "uuid" char(32) NOT NULL UNIQUE, "created" datetime NULL, "subject" varchar(128) NOT NULL, "summary" varchar(512) NOT NULL, "access_id" integer NULL REFERENCES "oneid_meta_requestaccesslog" ("id") DEFERRABLE INITIALLY DEFERRED, "data_id" integer NULL REFERENCES "oneid_meta_requestdataclientlog" ("id") DEFERRABLE INITIALLY DEFERRED, "user_id" integer NULL REFERENCES "oneid_meta_user" ("id") DEFERRABLE INITIALLY DEFERRED);
INSERT INTO "oneid_meta_log" VALUES(1,'9dc88b2a1551403aac73afaa3eb77993','2019-11-16 12:20:47.009811','ucenter_login','(admin)登录',1,1,1);
INSERT INTO "oneid_meta_log" VALUES(2,'8eb5f1e1e30d4e65bc90a51bc8bec3ab','2019-11-16 09:25:46.659208','ucenter_login','(admin)登录',2,2,1);
INSERT INTO "oneid_meta_log" VALUES(3,'c6f731b0040b45aa8bbf1aa4435cd510','2019-11-16 09:29:00.599354','ucenter_login','Admin(admin)登录',3,3,1);
INSERT INTO "oneid_meta_log" VALUES(4,'e7e066c0d3d645b58e8694a379e090ef','2019-11-16 09:31:55.741421','config','Admin(admin)更新系统配置',4,4,1);
INSERT INTO "oneid_meta_log" VALUES(5,'408362fdc6334b448b84c9583a36738d','2019-11-16 09:32:03.238363','config','Admin(admin)更新系统配置',5,5,1);
INSERT INTO "oneid_meta_log" VALUES(6,'975ba167743b403a99465ff5828af548','2019-11-16 09:32:15.780406','ucenter_login','Admin(admin)登录',6,6,1);
INSERT INTO "oneid_meta_log" VALUES(7,'212ad02a0dcb45dda64a8205c7981e9f','2019-11-16 09:32:21.918792','config','Admin(admin)更新系统配置',7,7,1);
INSERT INTO "oneid_meta_log" VALUES(8,'a32cb03ac4c34d15bfd77b90daf569c2','2019-11-16 09:34:30.444566','ucenter_register','用户注册: (dept1)',8,8,2);
INSERT INTO "oneid_meta_log" VALUES(9,'2d79325aefd14d1bb4a0289653d15150','2019-11-16 09:34:30.452491','ucenter_reset_pwd','(dept1) 修改用户((dept1))密码',8,8,2);
INSERT INTO "oneid_meta_log" VALUES(10,'4403838c95a74acf9b48d673c8791042','2019-11-16 09:34:30.465275','group_member','(dept1)添加一批用户[(dept1)]至组(外部联系人)',9,9,2);
INSERT INTO "oneid_meta_log" VALUES(11,'34d58121739741ebbd30728c9d37e92b','2019-11-16 09:35:05.926343','ucenter_register','用户注册: (dept2)',10,10,3);
INSERT INTO "oneid_meta_log" VALUES(12,'74b7fd6eaf5542ffae15e91cbd33b475','2019-11-16 09:35:05.933576','ucenter_reset_pwd','(dept2) 修改用户((dept2))密码',10,10,3);
INSERT INTO "oneid_meta_log" VALUES(13,'03144bed7cbd40dd8643325577465680','2019-11-16 09:35:05.944600','group_member','(dept2)添加一批用户[(dept2)]至组(外部联系人)',11,11,3);
INSERT INTO "oneid_meta_log" VALUES(14,'dd8a84574cf549feae06964fee7400ca','2019-11-16 09:42:49.684649','ucenter_register','用户注册: (13899990001)',12,12,4);
INSERT INTO "oneid_meta_log" VALUES(15,'605cbe61164f4dbea18da9d6a51d5fbb','2019-11-16 09:42:49.693195','ucenter_reset_pwd','(13899990001) 修改用户((13899990001))密码',12,12,4);
INSERT INTO "oneid_meta_log" VALUES(16,'35a3fa8d051b4a209fcbf5e7fa9487af','2019-11-16 09:42:49.703924','group_member','(13899990001)添加一批用户[(13899990001)]至组(外部联系人)',13,13,4);
INSERT INTO "oneid_meta_log" VALUES(17,'22c428502dfb46fa8af67d05f96eee1d','2019-11-16 09:43:09.194982','ucenter_register','用户注册: (13899990002)',14,14,5);
INSERT INTO "oneid_meta_log" VALUES(18,'ef0accdab54445b38a0e3b5c3bfcdc00','2019-11-16 09:43:09.202535','ucenter_reset_pwd','(13899990002) 修改用户((13899990002))密码',14,14,5);
INSERT INTO "oneid_meta_log" VALUES(19,'161011d0724148f5bc67d4314c1f662b','2019-11-16 09:43:09.212959','group_member','(13899990002)添加一批用户[(13899990002)]至组(外部联系人)',15,15,5);
INSERT INTO "oneid_meta_log" VALUES(20,'d18c5765503b43e580dc257bb3e9aa5b','2019-11-16 09:43:27.924121','ucenter_register','用户注册: (13899990003)',16,16,6);
INSERT INTO "oneid_meta_log" VALUES(21,'dcb61d983a1e4e409d1848125d2148f3','2019-11-16 09:43:27.932239','ucenter_reset_pwd','(13899990003) 修改用户((13899990003))密码',16,16,6);
INSERT INTO "oneid_meta_log" VALUES(22,'0cfa83d144f3493ea85d167d48695099','2019-11-16 09:43:27.942966','group_member','(13899990003)添加一批用户[(13899990003)]至组(外部联系人)',17,17,6);
INSERT INTO "oneid_meta_log" VALUES(23,'2a6ab3f3429949ac9fd944e39012b556','2019-11-16 09:43:48.209993','ucenter_register','用户注册: (13899990004)',18,18,7);
INSERT INTO "oneid_meta_log" VALUES(24,'3f6f8cd178a64e968a60045d89600a5d','2019-11-16 09:43:48.218315','ucenter_reset_pwd','(13899990004) 修改用户((13899990004))密码',18,18,7);
INSERT INTO "oneid_meta_log" VALUES(25,'fcb4f5adec8244678e61fbc403f6b804','2019-11-16 09:43:48.228862','group_member','(13899990004)添加一批用户[(13899990004)]至组(外部联系人)',19,19,7);
INSERT INTO "oneid_meta_log" VALUES(26,'de3f772a8c3c4925b54b95ae76013f74','2019-11-16 09:44:07.631359','ucenter_register','用户注册: (13899990005)',20,20,8);
INSERT INTO "oneid_meta_log" VALUES(27,'7d391a4934204ecca623044c202c178b','2019-11-16 09:44:07.638600','ucenter_reset_pwd','(13899990005) 修改用户((13899990005))密码',20,20,8);
INSERT INTO "oneid_meta_log" VALUES(28,'3c58f891e96a461eb13005b403c042fc','2019-11-16 09:44:07.649944','group_member','(13899990005)添加一批用户[(13899990005)]至组(外部联系人)',21,21,8);
INSERT INTO "oneid_meta_log" VALUES(29,'26b166a6caa04086b2c06b0106af54ce','2019-11-16 09:44:40.685685','ucenter_register','用户注册: (13899990006)',22,22,9);
INSERT INTO "oneid_meta_log" VALUES(30,'e5c88c8d5d894905ba192be040652ba6','2019-11-16 09:44:40.693499','ucenter_reset_pwd','(13899990006) 修改用户((13899990006))密码',22,22,9);
INSERT INTO "oneid_meta_log" VALUES(31,'3f39b161d18c4cf98f413fd1fb371716','2019-11-16 09:44:40.703921','group_member','(13899990006)添加一批用户[(13899990006)]至组(外部联系人)',23,23,9);
INSERT INTO "oneid_meta_log" VALUES(32,'6bee5f68ac904d508c7bdd0fa0f0296d','2019-11-16 09:45:03.128122','ucenter_register','用户注册: (13899990007)',24,24,10);
INSERT INTO "oneid_meta_log" VALUES(33,'d6f43cac6ee142228243bc191d28e6bc','2019-11-16 09:45:03.136361','ucenter_reset_pwd','(13899990007) 修改用户((13899990007))密码',24,24,10);
INSERT INTO "oneid_meta_log" VALUES(34,'9226d4ccee164cadb3cb6b8b8830c8ac','2019-11-16 09:45:03.146221','group_member','(13899990007)添加一批用户[(13899990007)]至组(外部联系人)',25,25,10);
INSERT INTO "oneid_meta_log" VALUES(35,'a35a8d8e18a044ee84d8090bd39da2ad','2019-11-16 09:45:21.860622','ucenter_register','用户注册: (13899990008)',26,26,11);
INSERT INTO "oneid_meta_log" VALUES(36,'728de5de2004437aa24f191c072d6b04','2019-11-16 09:45:21.868549','ucenter_reset_pwd','(13899990008) 修改用户((13899990008))密码',26,26,11);
INSERT INTO "oneid_meta_log" VALUES(37,'4dd0df1c03924b5a95e90e14337513b1','2019-11-16 09:45:21.878374','group_member','(13899990008)添加一批用户[(13899990008)]至组(外部联系人)',27,27,11);
INSERT INTO "oneid_meta_log" VALUES(38,'e1fcb6759e8a4a54b9dbac38f87d4143','2019-11-16 09:45:38.600840','ucenter_register','用户注册: (13899990009)',28,28,12);
INSERT INTO "oneid_meta_log" VALUES(39,'2702b0857f244cbcb40d80dd22b41f32','2019-11-16 09:45:38.608367','ucenter_reset_pwd','(13899990009) 修改用户((13899990009))密码',28,28,12);
INSERT INTO "oneid_meta_log" VALUES(40,'691fb60c94014226ab705a385d7157aa','2019-11-16 09:45:38.618401','group_member','(13899990009)添加一批用户[(13899990009)]至组(外部联系人)',29,29,12);
INSERT INTO "oneid_meta_log" VALUES(41,'8d7f3b87932f46d8a0c6ad9a8fb54ad7','2019-11-16 09:45:45.718761','ucenter_login','Admin(admin)登录',30,30,1);
INSERT INTO "oneid_meta_log" VALUES(42,'78910b31d62546afb1928df5aefb5b88','2019-11-16 09:46:20.931219','dept_create','Admin(admin)创建部门(部门一)',31,31,1);
INSERT INTO "oneid_meta_log" VALUES(43,'e53df38707584175b25184c5a87d9606','2019-11-16 09:46:20.935321','dept_move','Admin(admin)将新部门(部门一)加入到部门(Dept: root(部门))下',31,31,1);
INSERT INTO "oneid_meta_log" VALUES(44,'f9d6908e518141c29b7d627bfe683768','2019-11-16 09:46:33.797120','dept_create','Admin(admin)创建部门(部门二)',32,32,1);
INSERT INTO "oneid_meta_log" VALUES(45,'ec00393b92574013adb222d5dbb6521d','2019-11-16 09:46:33.802698','dept_move','Admin(admin)将新部门(部门二)加入到部门(Dept: root(部门))下',32,32,1);
INSERT INTO "oneid_meta_log" VALUES(46,'91ab4bee8569480f97403d08bb7ac0f5','2019-11-16 09:46:46.170365','dept_update','Admin(admin)编辑部门(部门二)信息',33,33,1);
INSERT INTO "oneid_meta_log" VALUES(47,'bd539e1ba6b6405cac511e0218f8efd8','2019-11-16 09:46:46.192739','dept_move','Admin(admin)将部门(部门二)移到部门(部门)下',34,34,1);
INSERT INTO "oneid_meta_log" VALUES(48,'48308d8203b8487781996fcfef7940f5','2019-11-16 09:46:54.819717','dept_create','Admin(admin)创建部门(部门三)',35,35,1);
INSERT INTO "oneid_meta_log" VALUES(49,'42a3e589253f46b6b46bd592fc0861c7','2019-11-16 09:46:54.824297','dept_move','Admin(admin)将新部门(部门三)加入到部门(Dept: root(部门))下',35,35,1);
INSERT INTO "oneid_meta_log" VALUES(50,'0589ef14d9bd4189af959d250972f7a2','2019-11-16 09:47:06.246105','dept_update','Admin(admin)编辑部门(所有可见部门)信息',36,36,1);
INSERT INTO "oneid_meta_log" VALUES(51,'52f5b3b0beda4c9a8519cd033c93e1de','2019-11-16 09:47:06.267785','dept_move','Admin(admin)将部门(所有可见部门)移到部门(部门)下',37,37,1);
INSERT INTO "oneid_meta_log" VALUES(52,'be873fd66a744440b81c697e984aa311','2019-11-16 09:47:36.982985','dept_update','Admin(admin)编辑部门(部门（组内可见下属不可见）)信息',38,38,1);
INSERT INTO "oneid_meta_log" VALUES(53,'afdbf27d4285401b840db63f819e610c','2019-11-16 09:47:37.004466','dept_move','Admin(admin)将部门(部门（组内可见下属不可见）)移到部门(部门)下',39,39,1);
INSERT INTO "oneid_meta_log" VALUES(54,'e26af4dff1c547978803b9b224ea1253','2019-11-16 09:47:47.702971','dept_update','Admin(admin)编辑部门(部门（所有可见）)信息',40,40,1);
INSERT INTO "oneid_meta_log" VALUES(55,'7f0414ba0013492294b4cb03e325a5f6','2019-11-16 09:47:47.726479','dept_move','Admin(admin)将部门(部门（所有可见）)移到部门(部门)下',41,41,1);
INSERT INTO "oneid_meta_log" VALUES(56,'45a0c8f608214a2493fd81b05cbb03dc','2019-11-16 09:48:03.351589','dept_update','Admin(admin)编辑部门(部门一（所有可见）)信息',42,42,1);
INSERT INTO "oneid_meta_log" VALUES(57,'4d76c5637e1042e7abdb50792cd44fab','2019-11-16 09:48:03.374009','dept_move','Admin(admin)将部门(部门一（所有可见）)移到部门(部门)下',43,43,1);
INSERT INTO "oneid_meta_log" VALUES(58,'a942003dd171499b8bd4cbf46dbb5788','2019-11-16 09:48:10.857086','dept_update','Admin(admin)编辑部门(部门二（组内可见下属不可见）)信息',44,44,1);
INSERT INTO "oneid_meta_log" VALUES(59,'8d0ed70f16de48f194b8d6d8c03524ed','2019-11-16 09:48:10.879255','dept_move','Admin(admin)将部门(部门二（组内可见下属不可见）)移到部门(部门)下',45,45,1);
INSERT INTO "oneid_meta_log" VALUES(60,'2b0a86be691a4fc49b1f54e9994d0ac3','2019-11-16 09:48:33.999138','dept_update','Admin(admin)编辑部门(部门三（组内成员及下属分组可见）)信息',46,46,1);
INSERT INTO "oneid_meta_log" VALUES(61,'3bb86097ecef4767b8f861e375a0e1f2','2019-11-16 09:48:34.022036','dept_move','Admin(admin)将部门(部门三（组内成员及下属分组可见）)移到部门(部门)下',47,47,1);
INSERT INTO "oneid_meta_log" VALUES(62,'a7e1d1a1e20e4131b28673785e7b63d8','2019-11-16 09:48:52.425610','dept_create','Admin(admin)创建部门(部门四（所有人不可见）)',48,48,1);
INSERT INTO "oneid_meta_log" VALUES(63,'c4706bfc6bee409994749da94d0f8f70','2019-11-16 09:48:52.429615','dept_move','Admin(admin)将新部门(部门四（所有人不可见）)加入到部门(Dept: root(部门))下',48,48,1);
INSERT INTO "oneid_meta_log" VALUES(64,'79a3b8e03f464a9b9551a0c53c557cbe','2019-11-16 09:49:31.085671','dept_create','Admin(admin)创建部门(部门五（部分人可见）)',49,49,1);
INSERT INTO "oneid_meta_log" VALUES(65,'943111cb00b5448eaa457b6d018a0141','2019-11-16 09:49:31.090212','dept_move','Admin(admin)将新部门(部门五（部分人可见）)加入到部门(Dept: root(部门))下',49,49,1);
INSERT INTO "oneid_meta_log" VALUES(66,'36db49dfb53448a5a38b42faa7a85a4b','2019-11-16 09:50:21.324186','dept_create','Admin(admin)创建部门(部门一（一）)',50,50,1);
INSERT INTO "oneid_meta_log" VALUES(67,'7ed9a95b2d9949e68a5f4e0eb2ba97ca','2019-11-16 09:50:21.328834','dept_move','Admin(admin)将新部门(部门一（一）)加入到部门(Dept: bumenyi(部门一（所有可见）))下',50,50,1);
INSERT INTO "oneid_meta_log" VALUES(68,'5b474f600b5f4d0d9033d8a114d4c581','2019-11-16 09:50:49.469097','dept_create','Admin(admin)创建部门(部门一（二）)',51,51,1);
INSERT INTO "oneid_meta_log" VALUES(69,'6dc80b2827d64047ad356aee94e562c1','2019-11-16 09:50:49.474826','dept_move','Admin(admin)将新部门(部门一（二）)加入到部门(Dept: bumenyi(部门一（所有可见）))下',51,51,1);
INSERT INTO "oneid_meta_log" VALUES(70,'ecaff35c78b8404cbcb127e0fa63657d','2019-11-16 09:51:01.701746','dept_create','Admin(admin)创建部门(部门一（三）)',52,52,1);
INSERT INTO "oneid_meta_log" VALUES(71,'dcda0ebebc3547c2b4d4ea66275112b5','2019-11-16 09:51:01.706639','dept_move','Admin(admin)将新部门(部门一（三）)加入到部门(Dept: bumenyi(部门一（所有可见）))下',52,52,1);
INSERT INTO "oneid_meta_log" VALUES(72,'9660131449c24196bf94a2ff531fae87','2019-11-16 09:51:11.841407','dept_create','Admin(admin)创建部门(部门一（四）)',53,53,1);
INSERT INTO "oneid_meta_log" VALUES(73,'cf2747f8649042c39ee2a6df59ebc952','2019-11-16 09:51:11.846705','dept_move','Admin(admin)将新部门(部门一（四）)加入到部门(Dept: bumenyi(部门一（所有可见）))下',53,53,1);
INSERT INTO "oneid_meta_log" VALUES(74,'c87938a6ce144b03913632f90f94c2cf','2019-11-16 09:51:21.677812','dept_create','Admin(admin)创建部门(部门一（五）)',54,54,1);
INSERT INTO "oneid_meta_log" VALUES(75,'88d39fc59e64470ca7bd1fa1794f3435','2019-11-16 09:51:21.683283','dept_move','Admin(admin)将新部门(部门一（五）)加入到部门(Dept: bumenyi(部门一（所有可见）))下',54,54,1);
INSERT INTO "oneid_meta_log" VALUES(76,'56db3c993f0442bcb439b2d9d79957d3','2019-11-16 09:51:35.525751','dept_create','Admin(admin)创建部门(部门二（一）)',55,55,1);
INSERT INTO "oneid_meta_log" VALUES(77,'ed71a54c81a5430d9c0e6af03622e491','2019-11-16 09:51:35.530901','dept_move','Admin(admin)将新部门(部门二（一）)加入到部门(Dept: bumener(部门二（组内可见下属不可见）))下',55,55,1);
INSERT INTO "oneid_meta_log" VALUES(78,'c41c1f6625224b69b9aec10da99df252','2019-11-16 09:51:44.978040','dept_create','Admin(admin)创建部门(部门二（二）)',56,56,1);
INSERT INTO "oneid_meta_log" VALUES(79,'bf732b93e98a490196e3dd9d67c041c0','2019-11-16 09:51:44.983191','dept_move','Admin(admin)将新部门(部门二（二）)加入到部门(Dept: bumener(部门二（组内可见下属不可见）))下',56,56,1);
INSERT INTO "oneid_meta_log" VALUES(80,'8f1930f1ed2e4086b25c258d72c95813','2019-11-16 09:51:55.247972','dept_create','Admin(admin)创建部门(部门二（三）)',57,57,1);
INSERT INTO "oneid_meta_log" VALUES(81,'522f1a79449d4005a68b22a5858cba8e','2019-11-16 09:51:55.254497','dept_move','Admin(admin)将新部门(部门二（三）)加入到部门(Dept: bumener(部门二（组内可见下属不可见）))下',57,57,1);
INSERT INTO "oneid_meta_log" VALUES(82,'ed2e7fe4c13045f4a5ffed145bcca6b0','2019-11-16 09:52:07.263540','dept_create','Admin(admin)创建部门(部门二（四）)',58,58,1);
INSERT INTO "oneid_meta_log" VALUES(83,'84461cf382bd4f359abf9a63f46f2555','2019-11-16 09:52:07.268815','dept_move','Admin(admin)将新部门(部门二（四）)加入到部门(Dept: bumener(部门二（组内可见下属不可见）))下',58,58,1);
INSERT INTO "oneid_meta_log" VALUES(84,'3855f96a352849868c3010fb35d2d4d7','2019-11-16 09:52:19.840251','dept_create','Admin(admin)创建部门(部门二（五）)',59,59,1);
INSERT INTO "oneid_meta_log" VALUES(85,'3bdf92fd54c54fb1bc75013d6ae69add','2019-11-16 09:52:19.845271','dept_move','Admin(admin)将新部门(部门二（五）)加入到部门(Dept: bumener(部门二（组内可见下属不可见）))下',59,59,1);
INSERT INTO "oneid_meta_log" VALUES(86,'dcd75327087a43bcabf91f02561c0135','2019-11-16 09:52:57.787757','group_create','Admin(admin)创建组(角色一)',60,60,1);
INSERT INTO "oneid_meta_log" VALUES(87,'77efa995fd6741ca9f2e15cd28e75780','2019-11-16 09:52:57.795595','group_move','Admin(admin)将新组(角色一)加入到组(角色)下',60,60,1);
INSERT INTO "oneid_meta_log" VALUES(88,'3fc0e8a04a4e4bc2b999f9ac557865ea','2019-11-16 09:53:16.973586','group_create','Admin(admin)创建组(角色一（一）)',61,61,1);
INSERT INTO "oneid_meta_log" VALUES(89,'7972d44954b34f78be809845056fda0e','2019-11-16 09:53:16.981516','group_move','Admin(admin)将新组(角色一（一）)加入到组(角色一)下',61,61,1);
INSERT INTO "oneid_meta_log" VALUES(90,'1c6d2d8a2c5e4279936dfd7bb6b76796','2019-11-16 09:53:25.322210','group_create','Admin(admin)创建组(角色一（二）)',62,62,1);
INSERT INTO "oneid_meta_log" VALUES(91,'d6772f6feda44d25baab57eab6c2a5a7','2019-11-16 09:53:25.329122','group_move','Admin(admin)将新组(角色一（二）)加入到组(角色一)下',62,62,1);
INSERT INTO "oneid_meta_log" VALUES(92,'049086d7d689457fa4cbdc55a15e60da','2019-11-16 09:53:39.831457','group_create','Admin(admin)创建组(角色一（三）)',63,63,1);
INSERT INTO "oneid_meta_log" VALUES(93,'52b69bf81a1047208b211d70c10bd874','2019-11-16 09:53:39.838328','group_move','Admin(admin)将新组(角色一（三）)加入到组(角色一)下',63,63,1);
INSERT INTO "oneid_meta_log" VALUES(94,'355118792a99485eae001abd50890b84','2019-11-16 09:53:49.235440','group_create','Admin(admin)创建组(角色一（四）)',64,64,1);
INSERT INTO "oneid_meta_log" VALUES(95,'0f0574d04e294c3cbb415f83b55d2e20','2019-11-16 09:53:49.242593','group_move','Admin(admin)将新组(角色一（四）)加入到组(角色一)下',64,64,1);
INSERT INTO "oneid_meta_log" VALUES(96,'a47f205333cf432484a6814e47702aca','2019-11-16 09:53:57.056056','group_create','Admin(admin)创建组(角色一（五）)',65,65,1);
INSERT INTO "oneid_meta_log" VALUES(97,'6df7a9f1705247dcb7a1ad8d74cd7dc5','2019-11-16 09:53:57.063444','group_move','Admin(admin)将新组(角色一（五）)加入到组(角色一)下',65,65,1);
INSERT INTO "oneid_meta_log" VALUES(98,'f6f90df0ce2845d4a66ef3dc62da1cff','2019-11-16 09:54:06.068308','group_create','Admin(admin)创建组(角色二)',66,66,1);
INSERT INTO "oneid_meta_log" VALUES(99,'b3144626681e423d9354dccc6bd96037','2019-11-16 09:54:06.074715','group_move','Admin(admin)将新组(角色二)加入到组(角色)下',66,66,1);
INSERT INTO "oneid_meta_log" VALUES(100,'29dcfa5aa2f5443499d75d203be99142','2019-11-16 09:54:15.712177','group_create','Admin(admin)创建组(角色三)',67,67,1);
INSERT INTO "oneid_meta_log" VALUES(101,'d1bb3bb5fd8b4e9c86f02e33b16caf9e','2019-11-16 09:54:15.718310','group_move','Admin(admin)将新组(角色三)加入到组(角色)下',67,67,1);
INSERT INTO "oneid_meta_log" VALUES(102,'742708c25cc1490aab94363ee2657843','2019-11-16 09:54:23.395289','group_create','Admin(admin)创建组(角色四)',68,68,1);
INSERT INTO "oneid_meta_log" VALUES(103,'f864b2ff42d1494fa375c22bcb43793d','2019-11-16 09:54:23.401224','group_move','Admin(admin)将新组(角色四)加入到组(角色)下',68,68,1);
INSERT INTO "oneid_meta_log" VALUES(104,'b713aaf6dff0447fbbaaf50f48405f67','2019-11-16 09:54:35.908170','group_create','Admin(admin)创建组(角色五)',69,69,1);
INSERT INTO "oneid_meta_log" VALUES(105,'ce33be307c634873bca379046991a64f','2019-11-16 09:54:35.914177','group_move','Admin(admin)将新组(角色五)加入到组(角色)下',69,69,1);
INSERT INTO "oneid_meta_log" VALUES(106,'1c0f138e4ccd4406a4d5dad4b1e35ce8','2019-11-16 09:55:21.068021','ucenter_reset_pwd','(13899990001) 修改用户((13899990001))密码',70,70,4);
INSERT INTO "oneid_meta_log" VALUES(107,'bd5e276c3d1a4687a6ba1ef8e5280846','2019-11-16 09:55:21.071863','ucenter_activate','(13899990001)激活成功',71,71,4);
INSERT INTO "oneid_meta_log" VALUES(108,'1f3a6d5c276d48d4bb7baf69cce37e59','2019-11-16 09:55:51.485151','ucenter_reset_pwd','(13899990002) 修改用户((13899990002))密码',72,72,5);
INSERT INTO "oneid_meta_log" VALUES(109,'0bafd2b904ba482890d3511a0efc6ee3','2019-11-16 09:55:51.489064','ucenter_activate','(13899990002)激活成功',73,73,5);
INSERT INTO "oneid_meta_log" VALUES(110,'8dc6d6c3ce7b4c0bb8452bd6d99319c1','2019-11-16 09:56:39.752637','ucenter_reset_pwd','(13899990003) 修改用户((13899990003))密码',74,74,6);
INSERT INTO "oneid_meta_log" VALUES(111,'890240392ef74dc1bf57f5d23ae87a2c','2019-11-16 09:56:39.756860','ucenter_activate','(13899990003)激活成功',75,75,6);
INSERT INTO "oneid_meta_log" VALUES(112,'40fa519c07144627a06431c47a0cc3e8','2019-11-16 09:57:01.284633','ucenter_login','Admin(admin)登录',76,76,1);
INSERT INTO "oneid_meta_log" VALUES(113,'3ee1b60b880b4684850dbf2b653eecce','2019-11-16 09:58:16.360950','ucenter_login','(13899990001)登录',77,77,4);
INSERT INTO "oneid_meta_log" VALUES(114,'699849b3c1884d6da92dd30b36077340','2019-11-16 09:58:24.429486','ucenter_login','Admin(admin)登录',78,78,1);
INSERT INTO "oneid_meta_log" VALUES(115,'7d673c69fa0d4609af97c4c657f6e697','2019-11-16 09:58:36.674189','ucenter_login','(13899990002)登录',79,79,5);
INSERT INTO "oneid_meta_log" VALUES(116,'ef406cad026448a5b7b046c0008074af','2019-11-16 09:58:46.356211','ucenter_login','(13899990003)登录',80,80,6);
INSERT INTO "oneid_meta_log" VALUES(117,'ed847718796c43acbbe4c1d5e1a58dcc','2019-11-16 09:58:53.977084','ucenter_login','(13899990004)登录',81,81,7);
INSERT INTO "oneid_meta_log" VALUES(118,'097e0f779e314c508b1a6dbe2d7c6f90','2019-11-16 09:59:00.388262','ucenter_login','(13899990005)登录',82,82,8);
INSERT INTO "oneid_meta_log" VALUES(119,'1d216a6dce4c4e29b8e95f74c5ed86bf','2019-11-16 09:59:07.683093','ucenter_login','(13899990006)登录',83,83,9);
INSERT INTO "oneid_meta_log" VALUES(120,'8a4e4870680443b4b1562e227670aae7','2019-11-16 09:59:14.036148','ucenter_login','(13899990007)登录',84,84,10);
INSERT INTO "oneid_meta_log" VALUES(121,'0ea3e2b3062d4f57b5098445dd0ec8df','2019-11-16 09:59:20.473867','ucenter_login','(13899990008)登录',85,85,11);
INSERT INTO "oneid_meta_log" VALUES(122,'4fb72728bad44457b332e7af14ab553b','2019-11-16 09:59:34.320459','ucenter_login','(13899990009)登录',86,86,12);
INSERT INTO "oneid_meta_log" VALUES(123,'0b87e9a3f95b4e8e9555bd40930a4e5d','2019-11-16 09:59:39.773679','ucenter_login','Admin(admin)登录',87,87,1);
INSERT INTO "oneid_meta_log" VALUES(124,'fcb74b11339746bbb08458e13899d743','2019-11-16 10:00:41.808015','group_create','Admin(admin)创建组(角色二（一）)',88,88,1);
INSERT INTO "oneid_meta_log" VALUES(125,'5e1cad6d149a4db9954c7b4dc7d10835','2019-11-16 10:00:41.815956','group_move','Admin(admin)将新组(角色二（一）)加入到组(角色二)下',88,88,1);
INSERT INTO "oneid_meta_log" VALUES(126,'d0d3c684f75d43aca74655251790ec38','2019-11-16 10:00:57.270656','group_create','Admin(admin)创建组(角色二（二）)',89,89,1);
INSERT INTO "oneid_meta_log" VALUES(127,'2d8d1c193f5c43f7abb59de32c12a89d','2019-11-16 10:00:57.278962','group_move','Admin(admin)将新组(角色二（二）)加入到组(角色二)下',89,89,1);
INSERT INTO "oneid_meta_log" VALUES(128,'10cabeab10fc49b39153fa081e3f7065','2019-11-16 10:01:13.625092','group_create','Admin(admin)创建组(角色二（三）)',90,90,1);
INSERT INTO "oneid_meta_log" VALUES(129,'eac370f96dd146c2b82b3a6f75036c90','2019-11-16 10:01:13.632585','group_move','Admin(admin)将新组(角色二（三）)加入到组(角色二)下',90,90,1);
INSERT INTO "oneid_meta_log" VALUES(130,'fe2e7473f8c74b9d967ff59050d8135c','2019-11-16 10:01:32.354196','group_create','Admin(admin)创建组(角色二（四）)',91,91,1);
INSERT INTO "oneid_meta_log" VALUES(131,'64ede70306c242ceaf43fc208a02f9eb','2019-11-16 10:01:32.361627','group_move','Admin(admin)将新组(角色二（四）)加入到组(角色二)下',91,91,1);
INSERT INTO "oneid_meta_log" VALUES(132,'f08060d88c804bb996ad8b0f28b6f577','2019-11-16 10:01:46.897186','group_create','Admin(admin)创建组(角色二（五）)',92,92,1);
INSERT INTO "oneid_meta_log" VALUES(133,'74c891e57f6349ceb0215bbb3029a9ac','2019-11-16 10:01:46.904513','group_move','Admin(admin)将新组(角色二（五）)加入到组(角色二)下',92,92,1);
INSERT INTO "oneid_meta_log" VALUES(134,'6e9581287c2043fdb86d0371782052ad','2019-11-16 10:01:58.633496','group_create','Admin(admin)创建组(标签一)',93,93,1);
INSERT INTO "oneid_meta_log" VALUES(135,'8333fe11ca8f415897ed62a19b987f62','2019-11-16 10:01:58.641047','group_move','Admin(admin)将新组(标签一)加入到组(标签)下',93,93,1);
INSERT INTO "oneid_meta_log" VALUES(136,'2f3bf1eeb881484a8a158325bda71a2c','2019-11-16 10:02:09.037964','group_create','Admin(admin)创建组(标签二)',94,94,1);
INSERT INTO "oneid_meta_log" VALUES(137,'b7c775109e2d44e382be4ffcfab3d468','2019-11-16 10:02:09.045902','group_move','Admin(admin)将新组(标签二)加入到组(标签)下',94,94,1);
INSERT INTO "oneid_meta_log" VALUES(138,'b0a6821c97a149cab13a94fab6bb2cc9','2019-11-16 10:02:16.367179','group_create','Admin(admin)创建组(标签三)',95,95,1);
INSERT INTO "oneid_meta_log" VALUES(139,'cef86c77749a42f98c32f1fbe0acf7d9','2019-11-16 10:02:16.374742','group_move','Admin(admin)将新组(标签三)加入到组(标签)下',95,95,1);
INSERT INTO "oneid_meta_log" VALUES(140,'46c3e0e6a12445a8b0d0b88e31608cad','2019-11-16 10:02:23.294329','group_create','Admin(admin)创建组(标签四)',96,96,1);
INSERT INTO "oneid_meta_log" VALUES(141,'4209e4c7534145358a184b11133a1c94','2019-11-16 10:02:23.300394','group_move','Admin(admin)将新组(标签四)加入到组(标签)下',96,96,1);
INSERT INTO "oneid_meta_log" VALUES(142,'6c23bb959e8a47e089921672dd38542c','2019-11-16 10:02:32.423121','group_create','Admin(admin)创建组(标签五)',97,97,1);
INSERT INTO "oneid_meta_log" VALUES(143,'ae2d9b0d9ea74a1687db7737d46b3a6b','2019-11-16 10:02:32.431854','group_move','Admin(admin)将新组(标签五)加入到组(标签)下',97,97,1);
INSERT INTO "oneid_meta_log" VALUES(144,'a8a5fcea3e0b47b0a046715774860274','2019-11-16 10:03:28.540199','dept_create','Admin(admin)创建部门(部门三（一）)',98,98,1);
INSERT INTO "oneid_meta_log" VALUES(145,'12c825b062c049ca827e1ff41e58e8df','2019-11-16 10:03:28.546306','dept_move','Admin(admin)将新部门(部门三（一）)加入到部门(Dept: bumensan(部门三（组内成员及下属分组可见）))下',98,98,1);
INSERT INTO "oneid_meta_log" VALUES(146,'04a017fb3c0d49b89a9ace22a6057fe0','2019-11-16 10:03:39.696395','dept_create','Admin(admin)创建部门(部门四（一）)',99,99,1);
INSERT INTO "oneid_meta_log" VALUES(147,'c42bbacaac63475b9d9dd7712e2d0928','2019-11-16 10:03:39.702687','dept_move','Admin(admin)将新部门(部门四（一）)加入到部门(Dept: bumensisuoyourenbukejian(部门四（所有人不可见）))下',99,99,1);
INSERT INTO "oneid_meta_log" VALUES(148,'6e3aa53735e546c8ab3df5badd13f735','2019-11-16 10:03:52.546154','dept_create','Admin(admin)创建部门(部门五（一）)',100,100,1);
INSERT INTO "oneid_meta_log" VALUES(149,'d64479261eff442e80cc987e7254f653','2019-11-16 10:03:52.551578','dept_move','Admin(admin)将新部门(部门五（一）)加入到部门(Dept: bumenwubufenrenkejian(部门五（部分人可见）))下',100,100,1);
INSERT INTO "oneid_meta_log" VALUES(150,'86456e620f9d42289110c9bf6f9dedf1','2019-11-16 10:04:05.971899','group_create','Admin(admin)创建组(角色三（一）)',101,101,1);
INSERT INTO "oneid_meta_log" VALUES(151,'fa24cd0f02204478bcbfae0272d9a464','2019-11-16 10:04:05.980923','group_move','Admin(admin)将新组(角色三（一）)加入到组(角色三)下',101,101,1);
INSERT INTO "oneid_meta_log" VALUES(152,'e4b2a2b79067435d9d0a0560ac973cb5','2019-11-16 10:04:17.174341','group_create','Admin(admin)创建组(角色四（一）)',102,102,1);
INSERT INTO "oneid_meta_log" VALUES(153,'132e1a4f1bd34f229f19f0c6c0970aa4','2019-11-16 10:04:17.182165','group_move','Admin(admin)将新组(角色四（一）)加入到组(角色四)下',102,102,1);
INSERT INTO "oneid_meta_log" VALUES(154,'4dbaa22bc16041efb4d35a74d7fd0a4a','2019-11-16 10:04:35.953016','group_create','Admin(admin)创建组(角色五（一）)',103,103,1);
INSERT INTO "oneid_meta_log" VALUES(155,'85145b1c62384731803f1622408977f8','2019-11-16 10:04:35.961637','group_move','Admin(admin)将新组(角色五（一）)加入到组(角色五)下',103,103,1);
INSERT INTO "oneid_meta_log" VALUES(156,'943a54dd828a4b34938e09a17dc71d6b','2019-11-16 10:05:00.160511','group_create','Admin(admin)创建组(标签一（一）)',104,104,1);
INSERT INTO "oneid_meta_log" VALUES(157,'20ea826e05cf4cc0b23365d5281e0d88','2019-11-16 10:05:00.169360','group_move','Admin(admin)将新组(标签一（一）)加入到组(标签一)下',104,104,1);
INSERT INTO "oneid_meta_log" VALUES(158,'e54bddeef3be40008b5a82e7c3563db4','2019-11-16 10:05:20.335708','group_create','Admin(admin)创建组(标签一（二）)',105,105,1);
INSERT INTO "oneid_meta_log" VALUES(159,'c0873030e71d4012bc78f096a0559c38','2019-11-16 10:05:20.344770','group_move','Admin(admin)将新组(标签一（二）)加入到组(标签一)下',105,105,1);
INSERT INTO "oneid_meta_log" VALUES(160,'0f8cbe7674b547f4a567d1be7c7d7fdb','2019-11-16 10:05:28.274014','group_create','Admin(admin)创建组(标签一（三）)',106,106,1);
INSERT INTO "oneid_meta_log" VALUES(161,'4434f608219543b6b43c3d371b021891','2019-11-16 10:05:28.282005','group_move','Admin(admin)将新组(标签一（三）)加入到组(标签一)下',106,106,1);
INSERT INTO "oneid_meta_log" VALUES(162,'a37ef6506a19467daff6fb16c646060f','2019-11-16 10:05:36.531887','group_create','Admin(admin)创建组(标签一（四）)',107,107,1);
INSERT INTO "oneid_meta_log" VALUES(163,'37586771caf146169f5f526664a70134','2019-11-16 10:05:36.539598','group_move','Admin(admin)将新组(标签一（四）)加入到组(标签一)下',107,107,1);
INSERT INTO "oneid_meta_log" VALUES(164,'7529982c1d744080bf22d244e4f5d265','2019-11-16 10:05:47.461505','group_create','Admin(admin)创建组(标签一（五）)',108,108,1);
INSERT INTO "oneid_meta_log" VALUES(165,'9f775a2358c1416b92911847794b6cb3','2019-11-16 10:05:47.469156','group_move','Admin(admin)将新组(标签一（五）)加入到组(标签一)下',108,108,1);
INSERT INTO "oneid_meta_log" VALUES(166,'48c09d8cedbe4e92b1353729405e0e23','2019-11-16 10:06:01.172903','group_create','Admin(admin)创建组(标签二（一）)',109,109,1);
INSERT INTO "oneid_meta_log" VALUES(167,'c40e7ace17a34d4a93c76934fd9d24af','2019-11-16 10:06:01.180381','group_move','Admin(admin)将新组(标签二（一）)加入到组(标签二)下',109,109,1);
INSERT INTO "oneid_meta_log" VALUES(168,'66b3cc85ff8c46b9ae8e4e6a2114db05','2019-11-16 10:06:09.160100','group_create','Admin(admin)创建组(标签二（二）)',110,110,1);
INSERT INTO "oneid_meta_log" VALUES(169,'727433a4adcf4cf2b8eeb6c68a9f340e','2019-11-16 10:06:09.168539','group_move','Admin(admin)将新组(标签二（二）)加入到组(标签二)下',110,110,1);
INSERT INTO "oneid_meta_log" VALUES(170,'baa6ce59263f4215b78f9890b515a36a','2019-11-16 10:06:16.620987','group_create','Admin(admin)创建组(标签二（三）)',111,111,1);
INSERT INTO "oneid_meta_log" VALUES(171,'2ff9dbfc3ec64cb390a6210afdd7a8ef','2019-11-16 10:06:16.630193','group_move','Admin(admin)将新组(标签二（三）)加入到组(标签二)下',111,111,1);
INSERT INTO "oneid_meta_log" VALUES(172,'e42e9425476d450ebc3a1bf93bb4aec4','2019-11-16 10:06:24.174996','group_create','Admin(admin)创建组(标签二（四）)',112,112,1);
INSERT INTO "oneid_meta_log" VALUES(173,'b0a92cd1211d4975add99b79b4335f72','2019-11-16 10:06:24.184162','group_move','Admin(admin)将新组(标签二（四）)加入到组(标签二)下',112,112,1);
INSERT INTO "oneid_meta_log" VALUES(174,'1a3ffe1750e14887b034e2c9d3e8efd1','2019-11-16 10:06:33.235587','group_create','Admin(admin)创建组(标签二（五）)',113,113,1);
INSERT INTO "oneid_meta_log" VALUES(175,'e73b13114b24410db61f862627e0232b','2019-11-16 10:06:33.244190','group_move','Admin(admin)将新组(标签二（五）)加入到组(标签二)下',113,113,1);
INSERT INTO "oneid_meta_log" VALUES(176,'859aef3f5d454e86a458cb220fd32847','2019-11-16 10:06:46.178907','group_create','Admin(admin)创建组(标签三（一）)',114,114,1);
INSERT INTO "oneid_meta_log" VALUES(177,'b6c93c52e080443ab346393ce7219140','2019-11-16 10:06:46.188299','group_move','Admin(admin)将新组(标签三（一）)加入到组(标签三)下',114,114,1);
INSERT INTO "oneid_meta_log" VALUES(178,'03c6c4236c3c4aa9b1383358696af60b','2019-11-16 10:06:57.886074','group_create','Admin(admin)创建组(标签四（一）)',115,115,1);
INSERT INTO "oneid_meta_log" VALUES(179,'21cd2bfb638447999e2cc8a1521086a7','2019-11-16 10:06:57.896169','group_move','Admin(admin)将新组(标签四（一）)加入到组(标签四)下',115,115,1);
INSERT INTO "oneid_meta_log" VALUES(180,'bb2bbf8a5a4b41df89bec1445c38bd66','2019-11-16 10:07:07.350913','group_create','Admin(admin)创建组(标签五（一）)',116,116,1);
INSERT INTO "oneid_meta_log" VALUES(181,'06f090b78af64e4092360216efadab04','2019-11-16 10:07:07.358627','group_move','Admin(admin)将新组(标签五（一）)加入到组(标签五)下',116,116,1);
INSERT INTO "oneid_meta_log" VALUES(182,'05a545e9c3d54c9780a49ac1de9f0b03','2019-11-16 10:07:27.448628','group_create','Admin(admin)创建组(自定义分组一)',117,117,1);
INSERT INTO "oneid_meta_log" VALUES(183,'7936310294b2448696ce4669c4d15246','2019-11-16 10:07:27.456056','group_move','Admin(admin)将新组(自定义分组一)加入到组(内部联系人-角色)下',117,117,1);
INSERT INTO "oneid_meta_log" VALUES(184,'68be010363004da8a406586b74298d6f','2019-11-16 10:07:27.505119','group_create','Admin(admin)创建组(管理分组自定义分组一)',118,118,1);
INSERT INTO "oneid_meta_log" VALUES(185,'49ba2b3ece2c4ee2a93234a611b300d6','2019-11-16 10:07:27.513291','group_move','Admin(admin)将新组(管理分组自定义分组一)加入到组(子管理员组)下',118,118,1);
INSERT INTO "oneid_meta_log" VALUES(186,'e585a40f531541d586a67b955264acee','2019-11-16 10:07:27.529589','group_member','Admin(admin)添加一批用户[Admin(admin)]至组(管理分组自定义分组一)',118,118,1);
INSERT INTO "oneid_meta_log" VALUES(187,'8076e0ab75b741289ae789e3dbabd9d1','2019-11-16 10:07:38.619963','group_create','Admin(admin)创建组(自定义分组二)',119,119,1);
INSERT INTO "oneid_meta_log" VALUES(188,'595780cf294e447e998c491a87a4b9ec','2019-11-16 10:07:38.627638','group_move','Admin(admin)将新组(自定义分组二)加入到组(内部联系人-角色)下',119,119,1);
INSERT INTO "oneid_meta_log" VALUES(189,'4d1b839b965749ca82c0da169085625e','2019-11-16 10:07:38.673871','group_create','Admin(admin)创建组(管理分组自定义分组二)',120,120,1);
INSERT INTO "oneid_meta_log" VALUES(190,'3323f60bad9849c9a8e143f036623cbe','2019-11-16 10:07:38.680486','group_move','Admin(admin)将新组(管理分组自定义分组二)加入到组(子管理员组)下',120,120,1);
INSERT INTO "oneid_meta_log" VALUES(191,'02fafdc2eebc4666b2a7d888a1dc61ef','2019-11-16 10:07:38.689540','group_member','Admin(admin)添加一批用户[Admin(admin)]至组(管理分组自定义分组二)',120,120,1);
INSERT INTO "oneid_meta_log" VALUES(192,'f991297f5bc942a9ab29630a83775793','2019-11-16 10:08:40.415915','group_update','Admin(admin)编辑组(自定)信息',121,121,1);
INSERT INTO "oneid_meta_log" VALUES(193,'f0a1e1e112db458ebc22fd74508e7260','2019-11-16 10:08:55.858326','group_update','Admin(admin)编辑组(天蝎)信息',122,122,1);
INSERT INTO "oneid_meta_log" VALUES(194,'3e3f43d1914540d091679f6822b78885','2019-11-16 10:09:02.708510','group_update','Admin(admin)编辑组(蝴蝶)信息',123,123,1);
INSERT INTO "oneid_meta_log" VALUES(195,'7f40229d5c6546509b049db6952a359f','2019-11-16 10:09:20.498196','group_create','Admin(admin)创建组(天蝎一)',124,124,1);
INSERT INTO "oneid_meta_log" VALUES(196,'ed9eb6fbfe5c4def9ce4690947b9ec70','2019-11-16 10:09:20.504983','group_move','Admin(admin)将新组(天蝎一)加入到组(天蝎)下',124,124,1);
INSERT INTO "oneid_meta_log" VALUES(197,'1f509207448c44cba92d68e089c9679d','2019-11-16 10:09:43.474407','group_create','Admin(admin)创建组(天蝎二)',125,125,1);
INSERT INTO "oneid_meta_log" VALUES(198,'236291620a3e47a28f837ee856c1d062','2019-11-16 10:09:43.481239','group_move','Admin(admin)将新组(天蝎二)加入到组(天蝎)下',125,125,1);
INSERT INTO "oneid_meta_log" VALUES(199,'dd1123f0ca7f47aabb09cf05a8998a39','2019-11-16 10:09:48.303745','group_create','Admin(admin)创建组(天蝎三)',126,126,1);
INSERT INTO "oneid_meta_log" VALUES(200,'b11e8dcc1eec40e9a24346d2a6a991a2','2019-11-16 10:09:48.311035','group_move','Admin(admin)将新组(天蝎三)加入到组(天蝎)下',126,126,1);
INSERT INTO "oneid_meta_log" VALUES(201,'bef69204b1a348d08da6b940546ac6b0','2019-11-16 10:10:02.616327','group_update','Admin(admin)编辑组(天蝎一)信息',127,127,1);
INSERT INTO "oneid_meta_log" VALUES(202,'f638ea9dd9764e1d8b91960fd0256267','2019-11-16 10:10:02.651099','group_move','Admin(admin)将组(天蝎一)移到组(天蝎)下',128,128,1);
INSERT INTO "oneid_meta_log" VALUES(203,'be880fda63074adea3f4875273911668','2019-11-16 10:10:08.202621','group_update','Admin(admin)编辑组(天蝎二)信息',129,129,1);
INSERT INTO "oneid_meta_log" VALUES(204,'cbc4def8d24048b0947f93412ee9f2f8','2019-11-16 10:10:08.233966','group_move','Admin(admin)将组(天蝎二)移到组(天蝎)下',130,130,1);
INSERT INTO "oneid_meta_log" VALUES(205,'ea2138c75b8d4420880345df7ee8e489','2019-11-16 10:10:13.189566','group_update','Admin(admin)编辑组(天蝎三)信息',131,131,1);
INSERT INTO "oneid_meta_log" VALUES(206,'6ac6cf2b76c14161922ddad40d9a1859','2019-11-16 10:10:13.218636','group_move','Admin(admin)将组(天蝎三)移到组(天蝎)下',132,132,1);
INSERT INTO "oneid_meta_log" VALUES(207,'2bcc0615a8ad49b1817404e7a2421035','2019-11-16 10:10:32.555631','group_create','Admin(admin)创建组(蝴蝶一)',133,133,1);
INSERT INTO "oneid_meta_log" VALUES(208,'ad2a742959374fe8969a3b51d7d64e2c','2019-11-16 10:10:32.562625','group_move','Admin(admin)将新组(蝴蝶一)加入到组(蝴蝶)下',133,133,1);
INSERT INTO "oneid_meta_log" VALUES(209,'7d8a71c48c194400a2299574414af299','2019-11-16 10:10:42.813247','group_create','Admin(admin)创建组(蝴蝶二)',134,134,1);
INSERT INTO "oneid_meta_log" VALUES(210,'e7f565ac14804cff91d6146a1bb4cc98','2019-11-16 10:10:42.821367','group_move','Admin(admin)将新组(蝴蝶二)加入到组(蝴蝶)下',134,134,1);
INSERT INTO "oneid_meta_log" VALUES(211,'5989d736df9d48668b8a0f57b6923cbb','2019-11-16 10:10:50.962842','group_create','Admin(admin)创建组(蝴蝶五)',135,135,1);
INSERT INTO "oneid_meta_log" VALUES(212,'f687721a66594e889af97adc6ee1ff4f','2019-11-16 10:10:50.969559','group_move','Admin(admin)将新组(蝴蝶五)加入到组(蝴蝶)下',135,135,1);
INSERT INTO "oneid_meta_log" VALUES(213,'767313a82b8b46ce8318495c289e01ec','2019-11-16 10:11:16.115610','app_create','Admin(admin)创建应用(应用一)',136,136,1);
INSERT INTO "oneid_meta_log" VALUES(214,'c444f37bac74407bacbed1ea070c275f','2019-11-16 10:11:16.154482','group_create','Admin(admin)创建组(管理应用应用一)',137,137,1);
INSERT INTO "oneid_meta_log" VALUES(215,'a73661870ba1404d9be8be8d5c3a401c','2019-11-16 10:11:16.160768','group_move','Admin(admin)将新组(管理应用应用一)加入到组(子管理员组)下',137,137,1);
INSERT INTO "oneid_meta_log" VALUES(216,'842963089cd547e780d7f26f4713b8e7','2019-11-16 10:11:16.168336','group_member','Admin(admin)添加一批用户[Admin(admin)]至组(管理应用应用一)',137,137,1);
INSERT INTO "oneid_meta_log" VALUES(217,'30c230464a6f4b19a384d7ad520d7952','2019-11-16 10:11:32.629118','app_create','Admin(admin)创建应用(应用二)',138,138,1);
INSERT INTO "oneid_meta_log" VALUES(218,'4cde438b171b4960b98a7270eb23fc72','2019-11-16 10:11:32.662261','group_create','Admin(admin)创建组(管理应用应用二)',139,139,1);
INSERT INTO "oneid_meta_log" VALUES(219,'7bb0ea8b987047d5ab26c76c89bb1630','2019-11-16 10:11:32.667017','group_move','Admin(admin)将新组(管理应用应用二)加入到组(子管理员组)下',139,139,1);
INSERT INTO "oneid_meta_log" VALUES(220,'106433e55a3340c9926cf908594e3fb9','2019-11-16 10:11:32.674937','group_member','Admin(admin)添加一批用户[Admin(admin)]至组(管理应用应用二)',139,139,1);
INSERT INTO "oneid_meta_log" VALUES(221,'04134e3576fb4b4d8036920220bc1980','2019-11-16 10:11:37.903223','app_create','Admin(admin)创建应用(应用三)',140,140,1);
INSERT INTO "oneid_meta_log" VALUES(222,'d70b531aca6b459987d109e3c75d3cd0','2019-11-16 10:11:38.020496','group_create','Admin(admin)创建组(管理应用应用三)',141,141,1);
INSERT INTO "oneid_meta_log" VALUES(223,'f303a0cc2d1f4d11808089aa52f3d9de','2019-11-16 10:11:38.027729','group_move','Admin(admin)将新组(管理应用应用三)加入到组(子管理员组)下',141,141,1);
INSERT INTO "oneid_meta_log" VALUES(224,'4a6169ff35964627a4a15dcd3b66a2ee','2019-11-16 10:11:38.033268','group_member','Admin(admin)添加一批用户[Admin(admin)]至组(管理应用应用三)',141,141,1);
INSERT INTO "oneid_meta_log" VALUES(225,'f9cda36fad5c44a090886af591c06e47','2019-11-16 10:11:43.654677','app_create','Admin(admin)创建应用(应用四)',142,142,1);
INSERT INTO "oneid_meta_log" VALUES(226,'c1d3bdce3f3b4d01be8144354cb07f96','2019-11-16 10:11:43.689215','group_create','Admin(admin)创建组(管理应用应用四)',143,143,1);
INSERT INTO "oneid_meta_log" VALUES(227,'140e0731dcc6478c87075d6f13a10b28','2019-11-16 10:11:43.694044','group_move','Admin(admin)将新组(管理应用应用四)加入到组(子管理员组)下',143,143,1);
INSERT INTO "oneid_meta_log" VALUES(228,'6e61f7745cca41ee8af3a9594ba5b692','2019-11-16 10:11:43.702182','group_member','Admin(admin)添加一批用户[Admin(admin)]至组(管理应用应用四)',143,143,1);
INSERT INTO "oneid_meta_log" VALUES(229,'6394261c3b0a4b7084271716b34600ca','2019-11-16 10:11:51.617735','app_create','Admin(admin)创建应用(应用五)',144,144,1);
INSERT INTO "oneid_meta_log" VALUES(230,'287b6e930b6d414daac721695fc96351','2019-11-16 10:11:51.655748','group_create','Admin(admin)创建组(管理应用应用五)',145,145,1);
INSERT INTO "oneid_meta_log" VALUES(231,'38913aeffd944e5ab8fac5d64c4dbb98','2019-11-16 10:11:51.660863','group_move','Admin(admin)将新组(管理应用应用五)加入到组(子管理员组)下',145,145,1);
INSERT INTO "oneid_meta_log" VALUES(232,'91659924034e4ddb9df196e84ccf42e8','2019-11-16 10:11:51.666907','group_member','Admin(admin)添加一批用户[Admin(admin)]至组(管理应用应用五)',145,145,1);
INSERT INTO "oneid_meta_log" VALUES(233,'219622e8e3f947208db9504b11c4efdd','2019-11-16 10:13:50.997605','user_update','Admin(admin) 编辑用户(一号(13899990001))信息',146,146,1);
INSERT INTO "oneid_meta_log" VALUES(234,'3b98e25b011041a79296cea1e0482753','2019-11-16 10:13:51.034959','group_member','Admin(admin)添加用户(一号(13899990001))至一批组()',147,147,1);
INSERT INTO "oneid_meta_log" VALUES(235,'54d2bb6a644e47d99d7ec5d112cf2033','2019-11-16 10:13:51.036486','group_member','Admin(admin)将用户(一号(13899990001))从一批组[]删除',147,147,1);
INSERT INTO "oneid_meta_log" VALUES(236,'8449c182867d480bb64670897a1205ec','2019-11-16 10:13:51.044239','dept_member','Admin(admin)添加用户(f一号(13899990001))至一批部门[部门一（所有可见）]',148,148,1);
INSERT INTO "oneid_meta_log" VALUES(237,'da860ff2d93549d0b124dbc514f3df74','2019-11-16 10:13:51.045499','dept_member','Admin(admin)将用户(一号(13899990001))从一批部门()删除',148,148,1);
INSERT INTO "oneid_meta_log" VALUES(238,'bd4f6f5c12ce4c1480052035baf7ddb7','2019-11-16 10:14:05.385904','user_update','Admin(admin) 编辑用户(二号(13899990002))信息',149,149,1);
INSERT INTO "oneid_meta_log" VALUES(239,'333d06d949314ac7ace0e9e861339470','2019-11-16 10:14:05.425078','group_member','Admin(admin)添加用户(二号(13899990002))至一批组()',150,150,1);
INSERT INTO "oneid_meta_log" VALUES(240,'3031cbf544ae45299c1accad4b612862','2019-11-16 10:14:05.426353','group_member','Admin(admin)将用户(二号(13899990002))从一批组[]删除',150,150,1);
INSERT INTO "oneid_meta_log" VALUES(241,'338c3a6435b647139de7a786fb657b5f','2019-11-16 10:14:05.434062','dept_member','Admin(admin)添加用户(f二号(13899990002))至一批部门[部门二（组内可见下属不可见）]',151,151,1);
INSERT INTO "oneid_meta_log" VALUES(242,'c0cdfa645c80475fb837077c0ee585c8','2019-11-16 10:14:05.435168','dept_member','Admin(admin)将用户(二号(13899990002))从一批部门()删除',151,151,1);
INSERT INTO "oneid_meta_log" VALUES(243,'4fe445ad27814635821a88bd5053de1b','2019-11-16 10:14:18.267060','user_update','Admin(admin) 编辑用户(三号(13899990003))信息',152,152,1);
INSERT INTO "oneid_meta_log" VALUES(244,'684820c43c9c42f6a18e4f51cb34c5e5','2019-11-16 10:14:18.303016','group_member','Admin(admin)添加用户(三号(13899990003))至一批组()',153,153,1);
INSERT INTO "oneid_meta_log" VALUES(245,'101954d483a64a74a51ae997510af03d','2019-11-16 10:14:18.304918','group_member','Admin(admin)将用户(三号(13899990003))从一批组[]删除',153,153,1);
INSERT INTO "oneid_meta_log" VALUES(246,'845e387a43a64be2818abca1dcda0b85','2019-11-16 10:14:18.312500','dept_member','Admin(admin)添加用户(f三号(13899990003))至一批部门[部门三（组内成员及下属分组可见）]',154,154,1);
INSERT INTO "oneid_meta_log" VALUES(247,'71c55c13738143c0a38589837dbe1923','2019-11-16 10:14:18.313711','dept_member','Admin(admin)将用户(三号(13899990003))从一批部门()删除',154,154,1);
INSERT INTO "oneid_meta_log" VALUES(248,'31443606b5574ff9aaa87590a426d6de','2019-11-16 10:14:29.525595','user_update','Admin(admin) 编辑用户(四号(13899990004))信息',155,155,1);
INSERT INTO "oneid_meta_log" VALUES(249,'f6a97c52735a4874b19255007cdae328','2019-11-16 10:14:29.567058','group_member','Admin(admin)添加用户(四号(13899990004))至一批组()',156,156,1);
INSERT INTO "oneid_meta_log" VALUES(250,'0d18568feb104e258389a91834147cdd','2019-11-16 10:14:29.569022','group_member','Admin(admin)将用户(四号(13899990004))从一批组[]删除',156,156,1);
INSERT INTO "oneid_meta_log" VALUES(251,'1a241e1bcbdf450698c7b18a45c13767','2019-11-16 10:14:29.575495','dept_member','Admin(admin)添加用户(f四号(13899990004))至一批部门[部门四（所有人不可见）]',157,157,1);
INSERT INTO "oneid_meta_log" VALUES(252,'2ee283b09b1348ffa8fe25b5ed1168c4','2019-11-16 10:14:29.576809','dept_member','Admin(admin)将用户(四号(13899990004))从一批部门()删除',157,157,1);
INSERT INTO "oneid_meta_log" VALUES(253,'30085294cd404a969a2450cc02a5dbfa','2019-11-16 10:14:40.939036','user_update','Admin(admin) 编辑用户(五号(13899990005))信息',158,158,1);
INSERT INTO "oneid_meta_log" VALUES(254,'4c05a925203c40d284ab9c220f8b6a92','2019-11-16 10:14:40.979770','group_member','Admin(admin)添加用户(五号(13899990005))至一批组()',159,159,1);
INSERT INTO "oneid_meta_log" VALUES(255,'3927e54ecc4e429789e68b6d61a24309','2019-11-16 10:14:40.981321','group_member','Admin(admin)将用户(五号(13899990005))从一批组[]删除',159,159,1);
INSERT INTO "oneid_meta_log" VALUES(256,'72d3d00c68b940d0ab264963329dc55a','2019-11-16 10:14:40.987224','dept_member','Admin(admin)添加用户(f五号(13899990005))至一批部门[部门五（部分人可见）]',160,160,1);
INSERT INTO "oneid_meta_log" VALUES(257,'be587cdd30ba46b19ab28b04af1e3f2d','2019-11-16 10:14:40.988247','dept_member','Admin(admin)将用户(五号(13899990005))从一批部门()删除',160,160,1);
INSERT INTO "oneid_meta_log" VALUES(258,'ccd5c48434cf401f84b8a113299dfbb0','2019-11-16 10:23:07.545909','group_update','Admin(admin)编辑组(性别)信息',161,161,1);
INSERT INTO "oneid_meta_log" VALUES(259,'0a00b392bc1741ff972a865344ae8853','2019-11-16 10:23:41.287953','group_update','Admin(admin)编辑组(自定义分组一)信息',162,162,1);
INSERT INTO "oneid_meta_log" VALUES(260,'a1497e649560405393efa3c0c5f60251','2019-11-16 10:24:10.638196','group_update','Admin(admin)编辑组(亲戚)信息',163,163,1);
INSERT INTO "oneid_meta_log" VALUES(261,'0ad03e94390641d790b94f2a3063db6e','2019-11-16 10:24:16.621766','group_update','Admin(admin)编辑组(校友)信息',164,164,1);
INSERT INTO "oneid_meta_log" VALUES(262,'428847644e5c4ea98c089a229c1ef798','2019-11-16 10:24:30.433348','group_create','Admin(admin)创建组(老师)',165,165,1);
INSERT INTO "oneid_meta_log" VALUES(263,'9f7506284f004854915283e3e24e4a03','2019-11-16 10:24:30.439714','group_move','Admin(admin)将新组(老师)加入到组(内部联系人-角色)下',165,165,1);
INSERT INTO "oneid_meta_log" VALUES(264,'ea40ff22795c47408a9c85f91656a06b','2019-11-16 10:24:30.497601','group_create','Admin(admin)创建组(管理分组老师)',166,166,1);
INSERT INTO "oneid_meta_log" VALUES(265,'6a8d9c4ca1564acea9b61c1fcb40a61e','2019-11-16 10:24:30.506503','group_move','Admin(admin)将新组(管理分组老师)加入到组(子管理员组)下',166,166,1);
INSERT INTO "oneid_meta_log" VALUES(266,'bba2f49e79c34bdfbb7a020fd00d70da','2019-11-16 10:24:30.514166','group_member','Admin(admin)添加一批用户[Admin(admin)]至组(管理分组老师)',166,166,1);
INSERT INTO "oneid_meta_log" VALUES(267,'0e05b48da2904b81b288a75896bbcb6f','2019-11-16 10:25:14.727140','group_update','Admin(admin)编辑组(亲戚一)信息',167,167,1);
INSERT INTO "oneid_meta_log" VALUES(268,'6bbd2b9e1dc24b4ea3ae7df4fa541066','2019-11-16 10:25:14.752730','group_move','Admin(admin)将组(亲戚一)移到组(亲戚)下',168,168,1);
INSERT INTO "oneid_meta_log" VALUES(269,'00cc8647b1eb42059343b7ffd5f3597b','2019-11-16 10:25:30.660280','group_update','Admin(admin)编辑组(亲戚二)信息',169,169,1);
INSERT INTO "oneid_meta_log" VALUES(270,'2ee2e92b34e0490dbe4cea92299be03d','2019-11-16 10:25:30.688342','group_move','Admin(admin)将组(亲戚二)移到组(亲戚)下',170,170,1);
INSERT INTO "oneid_meta_log" VALUES(271,'a46d6e168347410db1bcecd51520f8e0','2019-11-16 10:25:37.214746','group_update','Admin(admin)编辑组(亲戚三)信息',171,171,1);
INSERT INTO "oneid_meta_log" VALUES(272,'09153922aa734cf9849c246d64c169f8','2019-11-16 10:25:37.242290','group_move','Admin(admin)将组(亲戚三)移到组(亲戚)下',172,172,1);
INSERT INTO "oneid_meta_log" VALUES(273,'9294b7dc59934992928979054915f2c2','2019-11-16 10:25:45.708874','group_update','Admin(admin)编辑组(校友一)信息',173,173,1);
INSERT INTO "oneid_meta_log" VALUES(274,'95decc08b8514fd2ae7e3c1c5aacb15d','2019-11-16 10:25:45.735757','group_move','Admin(admin)将组(校友一)移到组(校友)下',174,174,1);
INSERT INTO "oneid_meta_log" VALUES(275,'0367df86398a421684a442ae5263dffb','2019-11-16 10:25:51.975379','group_update','Admin(admin)编辑组(校友二)信息',175,175,1);
INSERT INTO "oneid_meta_log" VALUES(276,'87d870cf19a44628b91027b69c6e9d99','2019-11-16 10:25:52.003147','group_move','Admin(admin)将组(校友二)移到组(校友)下',176,176,1);
INSERT INTO "oneid_meta_log" VALUES(277,'82be3c294eb5401f908908ba5b64ff5e','2019-11-16 10:25:57.262443','group_update','Admin(admin)编辑组(校友二)信息',177,177,1);
INSERT INTO "oneid_meta_log" VALUES(278,'609841e8360441d5af2093a6b7d32647','2019-11-16 10:25:57.290412','group_move','Admin(admin)将组(校友二)移到组(校友)下',178,178,1);
INSERT INTO "oneid_meta_log" VALUES(279,'804583c83d9849df8cdfd425e7afbea4','2019-11-16 10:26:07.475926','group_update','Admin(admin)编辑组(校友五)信息',179,179,1);
INSERT INTO "oneid_meta_log" VALUES(280,'5b9e4ff764e643ca86e08e1fbf7b2301','2019-11-16 10:26:07.501125','group_move','Admin(admin)将组(校友五)移到组(校友)下',180,180,1);
INSERT INTO "oneid_meta_log" VALUES(281,'cd0c9bb624de4c5186f14d51321b9a51','2019-11-16 10:26:29.316330','user_update','Admin(admin) 编辑用户(六号(13899990006))信息',181,181,1);
INSERT INTO "oneid_meta_log" VALUES(282,'b693e406ba1944f799848387f6d758d2','2019-11-16 10:26:29.353835','group_member','Admin(admin)添加用户(六号(13899990006))至一批组()',182,182,1);
INSERT INTO "oneid_meta_log" VALUES(283,'a7d061c6f50f4d588576403f4281d0b8','2019-11-16 10:26:29.355735','group_member','Admin(admin)将用户(六号(13899990006))从一批组[]删除',182,182,1);
INSERT INTO "oneid_meta_log" VALUES(284,'7dd4b3ec878448b38ece3becee2d9c24','2019-11-16 10:26:29.359903','dept_member','Admin(admin)添加用户(f六号(13899990006))至一批部门[]',183,183,1);
INSERT INTO "oneid_meta_log" VALUES(285,'e03b04893f324a77b5d7ac61e123ee61','2019-11-16 10:26:29.361263','dept_member','Admin(admin)将用户(六号(13899990006))从一批部门()删除',183,183,1);
INSERT INTO "oneid_meta_log" VALUES(286,'c1739b1ec39d472a89d6c70cb9f388ce','2019-11-16 10:27:22.035242','user_update','Admin(admin) 编辑用户(部门一admin(13899990001))信息',184,184,1);
INSERT INTO "oneid_meta_log" VALUES(287,'35239bc10e984cfdbc13259fa1d23a6f','2019-11-16 10:27:22.083617','group_member','Admin(admin)添加用户(部门一admin(13899990001))至一批组()',185,185,1);
INSERT INTO "oneid_meta_log" VALUES(288,'a95ab9d1f3fc42f692956f4737831a58','2019-11-16 10:27:22.084916','group_member','Admin(admin)将用户(部门一admin(13899990001))从一批组[]删除',185,185,1);
INSERT INTO "oneid_meta_log" VALUES(289,'4390ab6006f2494195ead2d153ed112e','2019-11-16 10:27:22.089842','dept_member','Admin(admin)添加用户(f部门一admin(13899990001))至一批部门[]',186,186,1);
INSERT INTO "oneid_meta_log" VALUES(290,'5b8ec7ee904a47bd937a011aef41eaeb','2019-11-16 10:27:22.090880','dept_member','Admin(admin)将用户(部门一admin(13899990001))从一批部门()删除',186,186,1);
INSERT INTO "oneid_meta_log" VALUES(291,'685fde6825144bcc87e7442bc2d157f4','2019-11-16 10:27:31.204533','user_update','Admin(admin) 编辑用户(部门二admin(13899990002))信息',187,187,1);
INSERT INTO "oneid_meta_log" VALUES(292,'2ff17caead844788bdf1cacf584aeaa0','2019-11-16 10:27:31.251799','group_member','Admin(admin)添加用户(部门二admin(13899990002))至一批组()',188,188,1);
INSERT INTO "oneid_meta_log" VALUES(293,'9237e05efbe7497b8aedef6741a8e1aa','2019-11-16 10:27:31.253772','group_member','Admin(admin)将用户(部门二admin(13899990002))从一批组[]删除',188,188,1);
INSERT INTO "oneid_meta_log" VALUES(294,'849b90eb474d4534bf7137f179e034e2','2019-11-16 10:27:31.258979','dept_member','Admin(admin)添加用户(f部门二admin(13899990002))至一批部门[]',189,189,1);
INSERT INTO "oneid_meta_log" VALUES(295,'0a8779f4fa494cdebd16c8c82ff6abd5','2019-11-16 10:27:31.259998','dept_member','Admin(admin)将用户(部门二admin(13899990002))从一批部门()删除',189,189,1);
INSERT INTO "oneid_meta_log" VALUES(296,'fc724e20391d43708e602d8c0f78958a','2019-11-16 10:27:41.376883','user_update','Admin(admin) 编辑用户(部门三admin(13899990003))信息',190,190,1);
INSERT INTO "oneid_meta_log" VALUES(297,'94640148f2c94a2f98fc268c04b10570','2019-11-16 10:27:41.421958','group_member','Admin(admin)添加用户(部门三admin(13899990003))至一批组()',191,191,1);
INSERT INTO "oneid_meta_log" VALUES(298,'fa2b44ebea7346a8a174fb94f019e22e','2019-11-16 10:27:41.423851','group_member','Admin(admin)将用户(部门三admin(13899990003))从一批组[]删除',191,191,1);
INSERT INTO "oneid_meta_log" VALUES(299,'9a1796eb7e55482d94536b1383b8a52f','2019-11-16 10:27:41.430716','dept_member','Admin(admin)添加用户(f部门三admin(13899990003))至一批部门[]',192,192,1);
INSERT INTO "oneid_meta_log" VALUES(300,'1cd39e78eb88426ab38420b14b3233a0','2019-11-16 10:27:41.431849','dept_member','Admin(admin)将用户(部门三admin(13899990003))从一批部门()删除',192,192,1);
INSERT INTO "oneid_meta_log" VALUES(301,'ffcb7416110543d9a391358fe8651320','2019-11-16 10:27:50.221308','user_update','Admin(admin) 编辑用户(部门四admin(13899990004))信息',193,193,1);
INSERT INTO "oneid_meta_log" VALUES(302,'f65ac28a1ddd4fdd9a8269b2e854f612','2019-11-16 10:27:50.269039','group_member','Admin(admin)添加用户(部门四admin(13899990004))至一批组()',194,194,1);
INSERT INTO "oneid_meta_log" VALUES(303,'afb22853c7a044fc8b2702e78a8582fc','2019-11-16 10:27:50.270588','group_member','Admin(admin)将用户(部门四admin(13899990004))从一批组[]删除',194,194,1);
INSERT INTO "oneid_meta_log" VALUES(304,'55576b2b71584a5bae2c30efe21958de','2019-11-16 10:27:50.275664','dept_member','Admin(admin)添加用户(f部门四admin(13899990004))至一批部门[]',195,195,1);
INSERT INTO "oneid_meta_log" VALUES(305,'5e920cdbf8f2441e91f84bd0eec36d81','2019-11-16 10:27:50.276808','dept_member','Admin(admin)将用户(部门四admin(13899990004))从一批部门()删除',195,195,1);
INSERT INTO "oneid_meta_log" VALUES(306,'3456d6da40e643ed95fb0ab618e782f9','2019-11-16 10:28:03.707162','user_update','Admin(admin) 编辑用户(部门五admin(13899990005))信息',196,196,1);
INSERT INTO "oneid_meta_log" VALUES(307,'51ba031dd8494f1c9e0a2e557edbffed','2019-11-16 10:28:03.756591','group_member','Admin(admin)添加用户(部门五admin(13899990005))至一批组()',197,197,1);
INSERT INTO "oneid_meta_log" VALUES(308,'7c62136d0ad4492bbd55c0ed0955f58e','2019-11-16 10:28:03.758720','group_member','Admin(admin)将用户(部门五admin(13899990005))从一批组[]删除',197,197,1);
INSERT INTO "oneid_meta_log" VALUES(309,'ddc57fc5fe8648d3b02ad55559e72eb8','2019-11-16 10:28:03.764370','dept_member','Admin(admin)添加用户(f部门五admin(13899990005))至一批部门[]',198,198,1);
INSERT INTO "oneid_meta_log" VALUES(310,'a93ddda2ed164dc798956f2b0df5e9f0','2019-11-16 10:28:03.765954','dept_member','Admin(admin)将用户(部门五admin(13899990005))从一批部门()删除',198,198,1);
INSERT INTO "oneid_meta_log" VALUES(311,'598c6a5531a54fe2964bf1328778ae25','2019-11-16 10:28:34.279654','user_update','Admin(admin) 编辑用户(六号(13899990006))信息',199,199,1);
INSERT INTO "oneid_meta_log" VALUES(312,'2e4b8cc76f4c4e7ba629720a0c55d5cc','2019-11-16 10:28:34.319980','group_member','Admin(admin)添加用户(六号(13899990006))至一批组()',200,200,1);
INSERT INTO "oneid_meta_log" VALUES(313,'2475e12e2f3f4529a3cb205849b711fe','2019-11-16 10:28:34.321725','group_member','Admin(admin)将用户(六号(13899990006))从一批组[]删除',200,200,1);
INSERT INTO "oneid_meta_log" VALUES(314,'aa420359a50e4f1e9f48761f5be98441','2019-11-16 10:28:34.328310','dept_member','Admin(admin)添加用户(f六号(13899990006))至一批部门[部门一（一）]',201,201,1);
INSERT INTO "oneid_meta_log" VALUES(315,'5c1a1753211b4efa863bdf4b25fe084d','2019-11-16 10:28:34.330240','dept_member','Admin(admin)将用户(六号(13899990006))从一批部门()删除',201,201,1);
INSERT INTO "oneid_meta_log" VALUES(316,'c2964f3227de4fd88354a7a4533c5aba','2019-11-16 10:31:18.670324','user_update','Admin(admin) 编辑用户(部门一一admin(13899990006))信息',202,202,1);
INSERT INTO "oneid_meta_log" VALUES(317,'9f84719a715b405a809e81e9c6112b41','2019-11-16 10:31:18.713964','group_member','Admin(admin)添加用户(部门一一admin(13899990006))至一批组()',203,203,1);
INSERT INTO "oneid_meta_log" VALUES(318,'3a8fad512f7140eba5fbbc7aba5479cf','2019-11-16 10:31:18.716367','group_member','Admin(admin)将用户(部门一一admin(13899990006))从一批组[]删除',203,203,1);
INSERT INTO "oneid_meta_log" VALUES(319,'fb040679c8fa4e5cb3bae10b2f73b6c2','2019-11-16 10:31:18.722773','dept_member','Admin(admin)添加用户(f部门一一admin(13899990006))至一批部门[]',204,204,1);
INSERT INTO "oneid_meta_log" VALUES(320,'096f8d601bed4424a9ca8437384d931f','2019-11-16 10:31:18.724110','dept_member','Admin(admin)将用户(部门一一admin(13899990006))从一批部门()删除',204,204,1);
INSERT INTO "oneid_meta_log" VALUES(321,'ffafea60b55e4bc4b55a1276a6f86fda','2019-11-16 10:31:38.460760','user_update','Admin(admin) 编辑用户(部门一二adm(13899990007))信息',205,205,1);
INSERT INTO "oneid_meta_log" VALUES(322,'8f57c849c958427d9f2ccac57d1c00ca','2019-11-16 10:31:38.502413','group_member','Admin(admin)添加用户(部门一二adm(13899990007))至一批组()',206,206,1);
INSERT INTO "oneid_meta_log" VALUES(323,'3005aa4d99f743beb3c94cc0620aac3d','2019-11-16 10:31:38.503702','group_member','Admin(admin)将用户(部门一二adm(13899990007))从一批组[]删除',206,206,1);
INSERT INTO "oneid_meta_log" VALUES(324,'449c5278e91e47eaabfcab63827ff43a','2019-11-16 10:31:38.509515','dept_member','Admin(admin)添加用户(f部门一二adm(13899990007))至一批部门[部门一（二）]',207,207,1);
INSERT INTO "oneid_meta_log" VALUES(325,'26e1daf2582a4398ac1714d2ba13be8d','2019-11-16 10:31:38.510749','dept_member','Admin(admin)将用户(部门一二adm(13899990007))从一批部门()删除',207,207,1);
INSERT INTO "oneid_meta_log" VALUES(326,'5dbe77684cd242cfaab134171748304c','2019-11-16 10:31:55.477920','user_update','Admin(admin) 编辑用户(部门一三adm(13899990008))信息',208,208,1);
INSERT INTO "oneid_meta_log" VALUES(327,'5a9e52373823442b964339176404d911','2019-11-16 10:31:55.515977','group_member','Admin(admin)添加用户(部门一三adm(13899990008))至一批组()',209,209,1);
INSERT INTO "oneid_meta_log" VALUES(328,'df3b227d100a43838a049b82015c7e31','2019-11-16 10:31:55.517431','group_member','Admin(admin)将用户(部门一三adm(13899990008))从一批组[]删除',209,209,1);
INSERT INTO "oneid_meta_log" VALUES(329,'faa54dfdcc8b45f485f926c174bd6048','2019-11-16 10:31:55.524934','dept_member','Admin(admin)添加用户(f部门一三adm(13899990008))至一批部门[部门一（三）]',210,210,1);
INSERT INTO "oneid_meta_log" VALUES(330,'fd47f129928045508ed707231fda699d','2019-11-16 10:31:55.526735','dept_member','Admin(admin)将用户(部门一三adm(13899990008))从一批部门()删除',210,210,1);
INSERT INTO "oneid_meta_log" VALUES(331,'4ac2bee5976946d18ca02491c374ef26','2019-11-16 10:32:10.633852','user_update','Admin(admin) 编辑用户(部门一四admin(13899990009))信息',211,211,1);
INSERT INTO "oneid_meta_log" VALUES(332,'4df44588116741c58ad7f6973d7e479e','2019-11-16 10:32:10.672996','group_member','Admin(admin)添加用户(部门一四admin(13899990009))至一批组()',212,212,1);
INSERT INTO "oneid_meta_log" VALUES(333,'5f27f8605ec5495c81f3a3e601fda4e4','2019-11-16 10:32:10.674503','group_member','Admin(admin)将用户(部门一四admin(13899990009))从一批组[]删除',212,212,1);
INSERT INTO "oneid_meta_log" VALUES(334,'790b7fd25e11410d83750d75365abbff','2019-11-16 10:32:10.680665','dept_member','Admin(admin)添加用户(f部门一四admin(13899990009))至一批部门[部门一（四）]',213,213,1);
INSERT INTO "oneid_meta_log" VALUES(335,'1c0f101adaa744a486f29a5d537c23c8','2019-11-16 10:32:10.681728','dept_member','Admin(admin)将用户(部门一四admin(13899990009))从一批部门()删除',213,213,1);
INSERT INTO "oneid_meta_log" VALUES(336,'16b63a3a5d754e6eb513d4bc53da1358','2019-11-16 10:33:09.073544','user_create','Admin(admin) 创建新用户 部门一五adm(13899990010)',214,214,1);
INSERT INTO "oneid_meta_log" VALUES(337,'dd975818690e4c798d0a810bf87db731','2019-11-16 10:33:09.076242','ucenter_reset_pwd','Admin(admin) 修改用户(部门一五adm(13899990010))密码',214,214,1);
INSERT INTO "oneid_meta_log" VALUES(338,'6de23b711fe048c4b1f057b8f1a5efd5','2019-11-16 10:33:09.082812','dept_member','Admin(admin)添加用户(f部门一五adm(13899990010))至一批部门[部门一（五）]',215,215,1);
INSERT INTO "oneid_meta_log" VALUES(339,'c2eecb75f5b0445fb8644ea78b3421a9','2019-11-16 10:33:09.084112','group_member','Admin(admin)添加用户(部门一五adm(13899990010))至一批组()',215,215,1);
INSERT INTO "oneid_meta_log" VALUES(340,'98fe6881ac914719ab85cfc955dd5d9f','2019-11-16 10:33:54.315243','user_update','Admin(admin) 编辑用户(部门一五adm(13899990010))信息',216,216,1);
INSERT INTO "oneid_meta_log" VALUES(341,'7a43028662d64da1af75ef756858f3a6','2019-11-16 10:33:54.352900','group_member','Admin(admin)添加用户(部门一五adm(13899990010))至一批组()',217,217,1);
INSERT INTO "oneid_meta_log" VALUES(342,'d7dcacbc59cb49cb9aebf45675295374','2019-11-16 10:33:54.354221','group_member','Admin(admin)将用户(部门一五adm(13899990010))从一批组[]删除',217,217,1);
INSERT INTO "oneid_meta_log" VALUES(343,'ae9419da7ccc423b86a7a4fd2cc6c4e7','2019-11-16 10:33:54.359171','dept_member','Admin(admin)添加用户(f部门一五adm(13899990010))至一批部门[]',218,218,1);
INSERT INTO "oneid_meta_log" VALUES(344,'89fa55298df242d0a4f659ccabad41e5','2019-11-16 10:33:54.360959','dept_member','Admin(admin)将用户(部门一五adm(13899990010))从一批部门()删除',218,218,1);
INSERT INTO "oneid_meta_log" VALUES(345,'41bb1ff9a795405e9b307913da738c79','2019-11-16 10:34:07.541675','ucenter_login','部门一五adm(13899990010)登录',219,219,13);
INSERT INTO "oneid_meta_log" VALUES(346,'951b8f871131436ab0320a6077f119bd','2019-11-16 10:36:53.306961','app_create','Admin(admin)创建应用(应用六)',220,220,1);
INSERT INTO "oneid_meta_log" VALUES(347,'946edaea2f524af9a08c7d7008e0f45a','2019-11-16 10:36:53.346446','group_create','Admin(admin)创建组(管理应用应用六)',221,221,1);
INSERT INTO "oneid_meta_log" VALUES(348,'22f9aba8f7ef4edbb060163fb9e84096','2019-11-16 10:36:53.351460','group_move','Admin(admin)将新组(管理应用应用六)加入到组(子管理员组)下',221,221,1);
INSERT INTO "oneid_meta_log" VALUES(349,'0777c35d54b64154b02035a2ff71c3df','2019-11-16 10:36:53.358661','group_member','Admin(admin)添加一批用户[Admin(admin)]至组(管理应用应用六)',221,221,1);
INSERT INTO "oneid_meta_log" VALUES(350,'fcf831f8baa240369549eda7431a8323','2019-11-16 10:36:59.320881','app_create','Admin(admin)创建应用(应用七)',222,222,1);
INSERT INTO "oneid_meta_log" VALUES(351,'9305708872394fcb86bf6f1861cbc7d6','2019-11-16 10:36:59.359234','group_create','Admin(admin)创建组(管理应用应用七)',223,223,1);
INSERT INTO "oneid_meta_log" VALUES(352,'8bd82f7a956f4d7fbc9163b9e70633b5','2019-11-16 10:36:59.365837','group_move','Admin(admin)将新组(管理应用应用七)加入到组(子管理员组)下',223,223,1);
INSERT INTO "oneid_meta_log" VALUES(353,'3f076ce881af4db5865daee65fc5be3a','2019-11-16 10:36:59.371391','group_member','Admin(admin)添加一批用户[Admin(admin)]至组(管理应用应用七)',223,223,1);
INSERT INTO "oneid_meta_log" VALUES(354,'ae950212e3534fd7ba3a6670605dde6a','2019-11-16 10:37:06.195291','app_create','Admin(admin)创建应用(应用八)',224,224,1);
INSERT INTO "oneid_meta_log" VALUES(355,'92af0770a07e496696cde4c219ea4a1b','2019-11-16 10:37:06.239010','group_create','Admin(admin)创建组(管理应用应用八)',225,225,1);
INSERT INTO "oneid_meta_log" VALUES(356,'51ac7d399b1f43539b8c7493ab25ab7c','2019-11-16 10:37:06.243881','group_move','Admin(admin)将新组(管理应用应用八)加入到组(子管理员组)下',225,225,1);
INSERT INTO "oneid_meta_log" VALUES(357,'e92460950f2e40f881e6fdcc79c715e3','2019-11-16 10:37:06.251113','group_member','Admin(admin)添加一批用户[Admin(admin)]至组(管理应用应用八)',225,225,1);
INSERT INTO "oneid_meta_log" VALUES(358,'76686eee29da4ac8a8922e122cc66bee','2019-11-16 10:37:13.317598','app_create','Admin(admin)创建应用(应用九)',226,226,1);
INSERT INTO "oneid_meta_log" VALUES(359,'b8b65711bc7a485c8fec2cf8f3e281a3','2019-11-16 10:37:13.363537','group_create','Admin(admin)创建组(管理应用应用九)',227,227,1);
INSERT INTO "oneid_meta_log" VALUES(360,'9e18ab4c63cd4ec6ba0d43f38384a979','2019-11-16 10:37:13.368335','group_move','Admin(admin)将新组(管理应用应用九)加入到组(子管理员组)下',227,227,1);
INSERT INTO "oneid_meta_log" VALUES(361,'34284c51488945a798df3e978c99cc45','2019-11-16 10:37:13.376053','group_member','Admin(admin)添加一批用户[Admin(admin)]至组(管理应用应用九)',227,227,1);
INSERT INTO "oneid_meta_log" VALUES(362,'3627630f5ccc423590d54be15c4c16cb','2019-11-16 10:37:18.750875','app_create','Admin(admin)创建应用(应用十)',228,228,1);
INSERT INTO "oneid_meta_log" VALUES(363,'1d5ee45690544833bdc83d33c2587ac6','2019-11-16 10:37:18.794570','group_create','Admin(admin)创建组(管理应用应用十)',229,229,1);
INSERT INTO "oneid_meta_log" VALUES(364,'b9f1b96fa2234984ae64f06f0de78cff','2019-11-16 10:37:18.800232','group_move','Admin(admin)将新组(管理应用应用十)加入到组(子管理员组)下',229,229,1);
INSERT INTO "oneid_meta_log" VALUES(365,'f399565fcf5b4a7d9be47db632474e5f','2019-11-16 10:37:18.806408','group_member','Admin(admin)添加一批用户[Admin(admin)]至组(管理应用应用十)',229,229,1);
INSERT INTO "oneid_meta_log" VALUES(366,'a6801bdc8a4148f29d26666771b82d9a','2019-11-16 10:41:08.002604','ucenter_login','部门一admin(13899990001)登录',230,230,4);
INSERT INTO "oneid_meta_log" VALUES(367,'a61280cfecc54f88864fe6263759f6f8','2019-11-16 10:41:55.362064','ucenter_login','Admin(admin)登录',231,231,1);
INSERT INTO "oneid_meta_log" VALUES(368,'605bba8d35ab4487af149dafbcd6a922','2019-11-16 10:43:05.432708','ucenter_login','部门二admin(13899990002)登录',232,232,5);
INSERT INTO "oneid_meta_log" VALUES(369,'2619248ad8b94bcfa301de8831ae456a','2019-11-16 10:43:14.125703','ucenter_login','Admin(admin)登录',233,233,1);
INSERT INTO "oneid_meta_log" VALUES(370,'e495d3ee2afb471582c702a40116d045','2019-11-16 11:11:28.669221','ucenter_login','Admin(admin)登录',234,234,1);
INSERT INTO "oneid_meta_log" VALUES(371,'0a2e705bf4e44be79195ce78cbff8c63','2019-12-20 07:02:27.392836','ucenter_login','(admin)登录',235,235,1);
INSERT INTO "oneid_meta_log" VALUES(372,'f5f8092c8b314e9aa89fce968683b2e5','2019-12-20 08:46:55.761832','ucenter_login','(admin)登录',236,236,1);
CREATE TABLE "oneid_meta_managergroup" ("id" integer NOT NULL PRIMARY KEY AUTOINCREMENT, "uuid" char(32) NOT NULL UNIQUE, "is_del" bool NOT NULL, "is_active" bool NOT NULL, "updated" datetime NULL, "created" datetime NULL, "group_id" integer NOT NULL UNIQUE REFERENCES "oneid_meta_group" ("id") DEFERRABLE INITIALLY DEFERRED, "nodes" text NOT NULL, "perms" text NOT NULL, "scope_subject" integer NOT NULL, "users" text NOT NULL, "apps" text NOT NULL);
INSERT INTO "oneid_meta_managergroup" VALUES(1,'fbe91a53d6e94659b5c9c17adf14c37b',0,1,'2019-11-16 11:02:09.622437','2019-11-16 10:07:27.468922',44,'["g_zidingyifenzuyi"]','[]',2,'["admin"]','[]');
INSERT INTO "oneid_meta_managergroup" VALUES(2,'ec81ee5e2dad4d19bc2b901ccc36b99c',0,1,'2019-11-16 11:02:09.636016','2019-11-16 10:07:38.640101',46,'["g_zidingyifenzuer"]','[]',2,'["admin"]','[]');
INSERT INTO "oneid_meta_managergroup" VALUES(3,'a2ab2c4f4df24ea9adc7f91dc3b9b23d',0,1,'2019-11-16 10:24:10.625812','2019-11-16 10:08:40.402328',43,'[]','[]',1,'[]','[]');
INSERT INTO "oneid_meta_managergroup" VALUES(4,'9c90e54f76eb4928a47d7e2983d83911',0,1,'2019-11-16 10:24:16.610300','2019-11-16 10:09:02.696244',45,'[]','[]',1,'[]','[]');
INSERT INTO "oneid_meta_managergroup" VALUES(5,'ad6d56c6cc884d3ab7be891e343cab66',0,1,'2019-11-16 11:02:09.648342','2019-11-16 10:11:16.125801',53,'[]','[]',2,'["admin"]','["yingyongyi"]');
INSERT INTO "oneid_meta_managergroup" VALUES(6,'10f93dc4a7b74676a63c3e9e5fa2c369',0,1,'2019-11-16 11:02:09.659509','2019-11-16 10:11:32.634467',54,'[]','[]',2,'["admin"]','["yingyonger"]');
INSERT INTO "oneid_meta_managergroup" VALUES(7,'b3b7ce5b139341a2bbd388051428dc90',0,1,'2019-11-16 11:02:09.669785','2019-11-16 10:11:37.994613',55,'[]','[]',2,'["admin"]','["yingyongsan"]');
INSERT INTO "oneid_meta_managergroup" VALUES(8,'a6fd64f6e11a4f49a753a559bc820c90',0,1,'2019-11-16 11:02:09.682354','2019-11-16 10:11:43.659885',56,'[]','[]',2,'["admin"]','["yingyongsi"]');
INSERT INTO "oneid_meta_managergroup" VALUES(9,'2e6b9276503c44ccab39777cd0aa9a81',0,1,'2019-11-16 11:02:09.694396','2019-11-16 10:11:51.624861',57,'[]','[]',2,'["admin"]','["yingyongwu"]');
INSERT INTO "oneid_meta_managergroup" VALUES(10,'595c8e4a6eb846ab863e1764b9085156',0,1,'2019-11-16 11:02:09.704678','2019-11-16 10:24:30.450016',59,'["g_laoshi"]','[]',2,'["admin"]','[]');
INSERT INTO "oneid_meta_managergroup" VALUES(11,'5cd8e65c198b435fa734e4b6d83a0a4c',0,1,'2019-11-16 11:02:09.715957','2019-11-16 10:36:53.313484',60,'[]','[]',2,'["admin"]','["yingyongliu"]');
INSERT INTO "oneid_meta_managergroup" VALUES(12,'db289e4420784471b13217a60420f685',0,1,'2019-11-16 11:02:09.728127','2019-11-16 10:36:59.326253',61,'[]','[]',2,'["admin"]','["yingyongqi"]');
INSERT INTO "oneid_meta_managergroup" VALUES(13,'84a7551385264de584dcea56a3e297ff',0,1,'2019-11-16 11:02:09.738574','2019-11-16 10:37:06.201717',62,'[]','[]',2,'["admin"]','["yingyongba"]');
INSERT INTO "oneid_meta_managergroup" VALUES(14,'67254ff6486e48ad9af5406e73330889',0,1,'2019-11-16 11:02:09.750238','2019-11-16 10:37:13.325896',63,'[]','[]',2,'["admin"]','["yingyongjiu"]');
INSERT INTO "oneid_meta_managergroup" VALUES(15,'81bb5511a82849e1ba6a1dd6ef5af5a8',0,1,'2019-11-16 11:02:09.762797','2019-11-16 10:37:18.756287',64,'[]','[]',2,'["admin"]','["yingyongshi"]');
CREATE TABLE "oneid_meta_minioconfig" ("id" integer NOT NULL PRIMARY KEY AUTOINCREMENT, "uuid" char(32) NOT NULL UNIQUE, "is_del" bool NOT NULL, "is_active" bool NOT NULL, "updated" datetime NULL, "created" datetime NULL, "end_point" varchar(225) NOT NULL, "access_key" varchar(225) NOT NULL, "secret_key" varchar(225) NOT NULL, "secure" bool NOT NULL, "location" varchar(225) NOT NULL, "bucket" varchar(225) NOT NULL, "site_id" integer NOT NULL UNIQUE REFERENCES "django_site" ("id") DEFERRABLE INITIALLY DEFERRED);
CREATE TABLE "oneid_meta_nativefield" ("id" integer NOT NULL PRIMARY KEY AUTOINCREMENT, "uuid" char(32) NOT NULL UNIQUE, "is_del" bool NOT NULL, "is_active" bool NOT NULL, "updated" datetime NULL, "created" datetime NULL, "name" varchar(128) NOT NULL, "key" varchar(256) NOT NULL, "schema" text NOT NULL, "is_visible" bool NOT NULL, "is_visible_editable" bool NOT NULL, "subject" varchar(128) NOT NULL);
INSERT INTO "oneid_meta_nativefield" VALUES(1,'c637bc6c0ebd43e3bb4c5d85c4ae984f',0,1,'2019-11-16 11:35:32.248129','2019-11-16 11:35:31.076656','姓名','name','{"type": "string"}',1,0,'user');
INSERT INTO "oneid_meta_nativefield" VALUES(2,'0e45c2f57fde4f3180ef735c0b5f012d',0,1,'2019-11-16 11:35:32.248727','2019-11-16 11:35:31.077110','邮箱','email','{"type": "string"}',1,0,'user');
INSERT INTO "oneid_meta_nativefield" VALUES(3,'58d2f7ab6c5a4c319cd3adc286b478c8',0,1,'2019-11-16 11:35:32.249231','2019-11-16 11:35:31.077481','部门','depts','{"type": "array", "items": {"type": "object", "properties": {"uid": {"type": "string"}, "name": {"type": "string"}}}}',1,0,'user');
INSERT INTO "oneid_meta_nativefield" VALUES(4,'49eb7731972a429cab17ba2f78542471',0,1,'2019-11-16 11:35:32.249730','2019-11-16 11:35:31.077898','手机','mobile','{"type": "string"}',1,1,'user');
INSERT INTO "oneid_meta_nativefield" VALUES(5,'95813ffcef294d858136f6ff85d964b5',0,1,'2019-11-16 11:35:32.250223','2019-11-16 11:35:31.078277','工号','employee_number','{"type": "string"}',1,1,'user');
INSERT INTO "oneid_meta_nativefield" VALUES(6,'e484fb80747240b4be1c68cccd8320c3',0,1,'2019-11-16 11:35:32.250718','2019-11-16 11:35:31.078640','性别','gender','{"type": "interger"}',1,1,'user');
INSERT INTO "oneid_meta_nativefield" VALUES(7,'6eb2e401ff454add8fd05c28d5371638',0,1,'2019-11-16 11:35:32.251213','2019-11-16 11:35:31.145528','职位','position','{"type": "string"}',1,1,'user');
INSERT INTO "oneid_meta_nativefield" VALUES(8,'29fbc82b55db4bf5bc3eaa5bacf86300',0,1,'2019-11-16 11:35:32.251706','2019-11-16 11:35:31.146050','私人邮箱','private_email','{"type": "string"}',1,1,'user');
INSERT INTO "oneid_meta_nativefield" VALUES(9,'788f43fd5bca4c64a4f68aa5b37cf961',0,1,'2019-11-16 11:35:32.252335','2019-11-16 11:35:32.252355','手机号','mobile','{"type": "string"}',1,0,'extern_user');
INSERT INTO "oneid_meta_nativefield" VALUES(10,'1636785ad05541d686302b758a000277',0,1,'2019-11-16 11:35:32.252726','2019-11-16 11:35:32.252745','邮箱','email','{"type": "string"}',1,0,'extern_user');
INSERT INTO "oneid_meta_nativefield" VALUES(11,'dc932916c0d24663bd17557a394bda94',0,1,'2019-11-16 11:35:32.253113','2019-11-16 11:35:32.253132','用户名','username','{"type": "string"}',1,0,'extern_user');
INSERT INTO "oneid_meta_nativefield" VALUES(12,'7a81f78e318f4763bd50529502253d28',0,1,'2019-11-16 11:35:32.253475','2019-11-16 11:35:32.253494','标签','nodes','{"type": "array", "items": {"type": "object", "properties": {"uid": {"type": "string"}, "name": {"type": "string"}}}}',1,0,'extern_user');
INSERT INTO "oneid_meta_nativefield" VALUES(13,'0c4cd5edd09f4e7f87f12279b9fb9af4',0,1,'2019-11-16 11:35:32.253862','2019-11-16 11:35:32.253881','姓名','name','{"type": "string"}',1,1,'extern_user');
INSERT INTO "oneid_meta_nativefield" VALUES(14,'9640b6ed30b24663abeb853c0225d92d',0,1,'2019-11-16 11:35:32.254239','2019-11-16 11:35:32.254258','备注','remark','{"type": "string"}',1,1,'extern_user');
CREATE TABLE "oneid_meta_perm" ("id" integer NOT NULL PRIMARY KEY AUTOINCREMENT, "uuid" char(32) NOT NULL UNIQUE, "is_del" bool NOT NULL, "is_active" bool NOT NULL, "updated" datetime NULL, "created" datetime NULL, "uid" varchar(255) NOT NULL UNIQUE, "name" varchar(255) NOT NULL, "remark" text NOT NULL, "scope" varchar(128) NOT NULL, "action" varchar(128) NOT NULL, "subject" varchar(255) NOT NULL, "default_value" bool NOT NULL, "editable" bool NOT NULL, "sub_account_id" integer NULL REFERENCES "oneid_meta_subaccount" ("id") DEFERRABLE INITIALLY DEFERRED);
INSERT INTO "oneid_meta_perm" VALUES(1,'118fe2123b5146fdb954953298de2171',0,1,'2019-11-16 11:35:30.519255','2019-11-16 11:35:29.781342','system_oneid_all','OneID所有接口','','oneid','all','system',0,0,NULL);
INSERT INTO "oneid_meta_perm" VALUES(2,'02e28ac51619440696aa2118c4586ba4',0,1,'2019-11-16 11:35:30.520825','2019-11-16 11:35:29.854951','system_ark-meta-server_all','访问ark-meta-server所有接口','','ark-meta-server','all','system',0,0,NULL);
INSERT INTO "oneid_meta_perm" VALUES(3,'f3584ddffebf4b34b426d44d8793da07',0,1,'2019-11-16 11:35:30.750696','2019-11-16 11:35:30.750721','app_noah-admin_access','访问noah管理后台','','noah-admin','access','app',0,1,NULL);
INSERT INTO "oneid_meta_perm" VALUES(4,'60437ab0530540d9b553ea0e05ede2f3',0,1,'2019-11-16 11:35:30.867749','2019-11-16 11:35:30.867771','app_arker-editor_access','访问Arker编辑器','','arker-editor','access','app',0,1,NULL);
INSERT INTO "oneid_meta_perm" VALUES(5,'ec69116f1b63469da845408fadb50d4f',0,1,'2019-11-16 11:35:31.638457','2019-11-16 11:35:31.637797','system_user_create','创建用户','','user','create','system',0,1,NULL);
INSERT INTO "oneid_meta_perm" VALUES(6,'4f96c84d51b64c7ea7db0a3e6acd40ad',0,1,'2019-11-16 11:35:31.640543','2019-11-16 11:35:31.640142','system_category_create','创建大类','','category','create','system',0,1,NULL);
INSERT INTO "oneid_meta_perm" VALUES(7,'f2d3d93aad764ad68b68d0ce5f3595be',0,1,'2019-11-16 11:35:31.642810','2019-11-16 11:35:31.642452','system_app_create','创建应用','','app','create','system',0,1,NULL);
INSERT INTO "oneid_meta_perm" VALUES(8,'80f547b178fb4019b6cdae07644ca07f',0,1,'2019-11-16 11:35:32.015813','2019-11-16 11:35:32.015187','system_log_read','查看日志','','log','read','system',0,1,NULL);
INSERT INTO "oneid_meta_perm" VALUES(9,'0a11b21f5662401d912fc56f07d35a88',0,1,'2019-11-16 11:35:32.017830','2019-11-16 11:35:32.017487','system_config_write','公司配置、基础设施配置','','config','write','system',0,1,NULL);
INSERT INTO "oneid_meta_perm" VALUES(10,'804afe51214c47f99c3743d6023715de',0,1,'2019-11-16 11:35:32.019743','2019-11-16 11:35:32.019404','system_account_sync','账号同步','','account','sync','system',0,1,NULL);
INSERT INTO "oneid_meta_perm" VALUES(11,'319e020a489244199381907b72c6c16c',0,1,'2019-11-16 10:11:16.116889','2019-11-16 10:11:16.116922','app_yingyongyi_access','访问应用一','','yingyongyi','access','app',0,1,NULL);
INSERT INTO "oneid_meta_perm" VALUES(12,'6b0e5fc88b674ed9b03b281fa3a9434f',0,1,'2019-11-16 10:11:32.629697','2019-11-16 10:11:32.629718','app_yingyonger_access','访问应用二','','yingyonger','access','app',0,1,NULL);
INSERT INTO "oneid_meta_perm" VALUES(13,'114f758e08b94bd6b87b87fdb8b4bb55',0,1,'2019-11-16 10:11:37.903801','2019-11-16 10:11:37.903822','app_yingyongsan_access','访问应用三','','yingyongsan','access','app',0,1,NULL);
INSERT INTO "oneid_meta_perm" VALUES(14,'256bffb5087e4e5a9ba6f9902d35d262',0,1,'2019-11-16 10:11:43.655250','2019-11-16 10:11:43.655271','app_yingyongsi_access','访问应用四','','yingyongsi','access','app',0,1,NULL);
INSERT INTO "oneid_meta_perm" VALUES(15,'d6604e7d1806442c9d117c0fb4d526af',0,1,'2019-11-16 10:11:51.618534','2019-11-16 10:11:51.618574','app_yingyongwu_access','访问应用五','','yingyongwu','access','app',0,1,NULL);
INSERT INTO "oneid_meta_perm" VALUES(16,'5ab21e2b97b14a6286876db7e9bc8d01',0,1,'2019-11-16 10:36:53.307860','2019-11-16 10:36:53.307886','app_yingyongliu_access','访问应用六','','yingyongliu','access','app',0,1,NULL);
INSERT INTO "oneid_meta_perm" VALUES(17,'3f9b7687502049d2b8d1e5ea1c389597',0,1,'2019-11-16 10:36:59.321464','2019-11-16 10:36:59.321484','app_yingyongqi_access','访问应用七','','yingyongqi','access','app',0,1,NULL);
INSERT INTO "oneid_meta_perm" VALUES(18,'87e4a1c8f61c4a209f3a86293871e197',0,1,'2019-11-16 10:37:06.195872','2019-11-16 10:37:06.195893','app_yingyongba_access','访问应用八','','yingyongba','access','app',0,1,NULL);
INSERT INTO "oneid_meta_perm" VALUES(19,'46e4f6fad25a4751bffd367c5022b65c',0,1,'2019-11-16 10:37:13.318175','2019-11-16 10:37:13.318196','app_yingyongjiu_access','访问应用九','','yingyongjiu','access','app',0,1,NULL);
INSERT INTO "oneid_meta_perm" VALUES(20,'d911bf9ad69f41f99d7a420d6ad1a986',0,1,'2019-11-16 10:37:18.751513','2019-11-16 10:37:18.751534','app_yingyongshi_access','访问应用十','','yingyongshi','access','app',0,1,NULL);
CREATE TABLE "oneid_meta_posixuser" ("id" integer NOT NULL PRIMARY KEY AUTOINCREMENT, "uuid" char(32) NOT NULL UNIQUE, "is_del" bool NOT NULL, "is_active" bool NOT NULL, "updated" datetime NULL, "created" datetime NULL, "uid" integer NOT NULL, "gid" integer NOT NULL, "home" varchar(255) NOT NULL, "pub_key" varchar(255) NOT NULL, "user_id" integer NOT NULL UNIQUE REFERENCES "oneid_meta_user" ("id") DEFERRABLE INITIALLY DEFERRED);
CREATE TABLE "oneid_meta_qqconfig" ("id" integer NOT NULL PRIMARY KEY AUTOINCREMENT, "uuid" char(32) NOT NULL UNIQUE, "is_del" bool NOT NULL, "is_active" bool NOT NULL, "updated" datetime NULL, "created" datetime NULL, "app_id" varchar(255) NOT NULL, "app_key" varchar(255) NOT NULL, "qr_app_valid" bool NOT NULL, "site_id" integer NOT NULL UNIQUE REFERENCES "django_site" ("id") DEFERRABLE INITIALLY DEFERRED);
CREATE TABLE "oneid_meta_qquser" ("id" integer NOT NULL PRIMARY KEY AUTOINCREMENT, "uuid" char(32) NOT NULL UNIQUE, "is_del" bool NOT NULL, "is_active" bool NOT NULL, "updated" datetime NULL, "created" datetime NULL, "open_id" text NOT NULL, "user_id" integer NOT NULL UNIQUE REFERENCES "oneid_meta_user" ("id") DEFERRABLE INITIALLY DEFERRED);
CREATE TABLE "oneid_meta_requestaccesslog" ("id" integer NOT NULL PRIMARY KEY AUTOINCREMENT, "ip" varchar(64) NULL, "agent" varchar(512) NULL, "url" text NULL, "method" varchar(16) NULL);
INSERT INTO "oneid_meta_requestaccesslog" VALUES(1,'36.110.106.42','Mozilla/5.0 (Macintosh; Intel Mac OS X 10_15_2) AppleWebKit/537.36 (KHTML, like Gecko) Chrome/78.0.3904.97 Safari/537.36','/siteapi/oneid/ucenter/login/','POST');
INSERT INTO "oneid_meta_requestaccesslog" VALUES(2,'36.110.106.42','Mozilla/5.0 (Macintosh; Intel Mac OS X 10_15_2) AppleWebKit/537.36 (KHTML, like Gecko) Chrome/78.0.3904.97 Safari/537.36','/siteapi/oneid/ucenter/login/','POST');
INSERT INTO "oneid_meta_requestaccesslog" VALUES(3,'36.110.106.42','Mozilla/5.0 (Macintosh; Intel Mac OS X 10_15_2) AppleWebKit/537.36 (KHTML, like Gecko) Chrome/78.0.3904.97 Safari/537.36','/siteapi/oneid/ucenter/login/','POST');
INSERT INTO "oneid_meta_requestaccesslog" VALUES(4,'36.110.106.42','Mozilla/5.0 (Macintosh; Intel Mac OS X 10_15_2) AppleWebKit/537.36 (KHTML, like Gecko) Chrome/78.0.3904.97 Safari/537.36','/siteapi/oneid/config/','PATCH');
INSERT INTO "oneid_meta_requestaccesslog" VALUES(5,'36.110.106.42','Mozilla/5.0 (Macintosh; Intel Mac OS X 10_15_2) AppleWebKit/537.36 (KHTML, like Gecko) Chrome/78.0.3904.97 Safari/537.36','/siteapi/oneid/config/','PATCH');
INSERT INTO "oneid_meta_requestaccesslog" VALUES(6,'36.110.106.42','Mozilla/5.0 (Macintosh; Intel Mac OS X 10_15_2) AppleWebKit/537.36 (KHTML, like Gecko) Chrome/78.0.3904.97 Safari/537.36','/siteapi/oneid/ucenter/login/','POST');
INSERT INTO "oneid_meta_requestaccesslog" VALUES(7,'36.110.106.42','Mozilla/5.0 (Macintosh; Intel Mac OS X 10_15_2) AppleWebKit/537.36 (KHTML, like Gecko) Chrome/78.0.3904.97 Safari/537.36','/siteapi/oneid/config/','PATCH');
INSERT INTO "oneid_meta_requestaccesslog" VALUES(8,'36.110.106.42','Mozilla/5.0 (Macintosh; Intel Mac OS X 10_15_2) AppleWebKit/537.36 (KHTML, like Gecko) Chrome/78.0.3904.97 Safari/537.36','/siteapi/oneid/ucenter/register/','POST');
INSERT INTO "oneid_meta_requestaccesslog" VALUES(9,'36.110.106.42','Mozilla/5.0 (Macintosh; Intel Mac OS X 10_15_2) AppleWebKit/537.36 (KHTML, like Gecko) Chrome/78.0.3904.97 Safari/537.36','/siteapi/oneid/ucenter/register/','POST');
INSERT INTO "oneid_meta_requestaccesslog" VALUES(10,'36.110.106.42','Mozilla/5.0 (Macintosh; Intel Mac OS X 10_15_2) AppleWebKit/537.36 (KHTML, like Gecko) Chrome/78.0.3904.97 Safari/537.36','/siteapi/oneid/ucenter/register/','POST');
INSERT INTO "oneid_meta_requestaccesslog" VALUES(11,'36.110.106.42','Mozilla/5.0 (Macintosh; Intel Mac OS X 10_15_2) AppleWebKit/537.36 (KHTML, like Gecko) Chrome/78.0.3904.97 Safari/537.36','/siteapi/oneid/ucenter/register/','POST');
INSERT INTO "oneid_meta_requestaccesslog" VALUES(12,'36.110.106.42','Mozilla/5.0 (Macintosh; Intel Mac OS X 10_15_2) AppleWebKit/537.36 (KHTML, like Gecko) Chrome/78.0.3904.97 Safari/537.36','/siteapi/oneid/ucenter/register/','POST');
INSERT INTO "oneid_meta_requestaccesslog" VALUES(13,'36.110.106.42','Mozilla/5.0 (Macintosh; Intel Mac OS X 10_15_2) AppleWebKit/537.36 (KHTML, like Gecko) Chrome/78.0.3904.97 Safari/537.36','/siteapi/oneid/ucenter/register/','POST');
INSERT INTO "oneid_meta_requestaccesslog" VALUES(14,'36.110.106.42','Mozilla/5.0 (Macintosh; Intel Mac OS X 10_15_2) AppleWebKit/537.36 (KHTML, like Gecko) Chrome/78.0.3904.97 Safari/537.36','/siteapi/oneid/ucenter/register/','POST');
INSERT INTO "oneid_meta_requestaccesslog" VALUES(15,'36.110.106.42','Mozilla/5.0 (Macintosh; Intel Mac OS X 10_15_2) AppleWebKit/537.36 (KHTML, like Gecko) Chrome/78.0.3904.97 Safari/537.36','/siteapi/oneid/ucenter/register/','POST');
INSERT INTO "oneid_meta_requestaccesslog" VALUES(16,'36.110.106.42','Mozilla/5.0 (Macintosh; Intel Mac OS X 10_15_2) AppleWebKit/537.36 (KHTML, like Gecko) Chrome/78.0.3904.97 Safari/537.36','/siteapi/oneid/ucenter/register/','POST');
INSERT INTO "oneid_meta_requestaccesslog" VALUES(17,'36.110.106.42','Mozilla/5.0 (Macintosh; Intel Mac OS X 10_15_2) AppleWebKit/537.36 (KHTML, like Gecko) Chrome/78.0.3904.97 Safari/537.36','/siteapi/oneid/ucenter/register/','POST');
INSERT INTO "oneid_meta_requestaccesslog" VALUES(18,'36.110.106.42','Mozilla/5.0 (Macintosh; Intel Mac OS X 10_15_2) AppleWebKit/537.36 (KHTML, like Gecko) Chrome/78.0.3904.97 Safari/537.36','/siteapi/oneid/ucenter/register/','POST');
INSERT INTO "oneid_meta_requestaccesslog" VALUES(19,'36.110.106.42','Mozilla/5.0 (Macintosh; Intel Mac OS X 10_15_2) AppleWebKit/537.36 (KHTML, like Gecko) Chrome/78.0.3904.97 Safari/537.36','/siteapi/oneid/ucenter/register/','POST');
INSERT INTO "oneid_meta_requestaccesslog" VALUES(20,'36.110.106.42','Mozilla/5.0 (Macintosh; Intel Mac OS X 10_15_2) AppleWebKit/537.36 (KHTML, like Gecko) Chrome/78.0.3904.97 Safari/537.36','/siteapi/oneid/ucenter/register/','POST');
INSERT INTO "oneid_meta_requestaccesslog" VALUES(21,'36.110.106.42','Mozilla/5.0 (Macintosh; Intel Mac OS X 10_15_2) AppleWebKit/537.36 (KHTML, like Gecko) Chrome/78.0.3904.97 Safari/537.36','/siteapi/oneid/ucenter/register/','POST');
INSERT INTO "oneid_meta_requestaccesslog" VALUES(22,'36.110.106.42','Mozilla/5.0 (Macintosh; Intel Mac OS X 10_15_2) AppleWebKit/537.36 (KHTML, like Gecko) Chrome/78.0.3904.97 Safari/537.36','/siteapi/oneid/ucenter/register/','POST');
INSERT INTO "oneid_meta_requestaccesslog" VALUES(23,'36.110.106.42','Mozilla/5.0 (Macintosh; Intel Mac OS X 10_15_2) AppleWebKit/537.36 (KHTML, like Gecko) Chrome/78.0.3904.97 Safari/537.36','/siteapi/oneid/ucenter/register/','POST');
INSERT INTO "oneid_meta_requestaccesslog" VALUES(24,'36.110.106.42','Mozilla/5.0 (Macintosh; Intel Mac OS X 10_15_2) AppleWebKit/537.36 (KHTML, like Gecko) Chrome/78.0.3904.97 Safari/537.36','/siteapi/oneid/ucenter/register/','POST');
INSERT INTO "oneid_meta_requestaccesslog" VALUES(25,'36.110.106.42','Mozilla/5.0 (Macintosh; Intel Mac OS X 10_15_2) AppleWebKit/537.36 (KHTML, like Gecko) Chrome/78.0.3904.97 Safari/537.36','/siteapi/oneid/ucenter/register/','POST');
INSERT INTO "oneid_meta_requestaccesslog" VALUES(26,'36.110.106.42','Mozilla/5.0 (Macintosh; Intel Mac OS X 10_15_2) AppleWebKit/537.36 (KHTML, like Gecko) Chrome/78.0.3904.97 Safari/537.36','/siteapi/oneid/ucenter/register/','POST');
INSERT INTO "oneid_meta_requestaccesslog" VALUES(27,'36.110.106.42','Mozilla/5.0 (Macintosh; Intel Mac OS X 10_15_2) AppleWebKit/537.36 (KHTML, like Gecko) Chrome/78.0.3904.97 Safari/537.36','/siteapi/oneid/ucenter/register/','POST');
INSERT INTO "oneid_meta_requestaccesslog" VALUES(28,'36.110.106.42','Mozilla/5.0 (Macintosh; Intel Mac OS X 10_15_2) AppleWebKit/537.36 (KHTML, like Gecko) Chrome/78.0.3904.97 Safari/537.36','/siteapi/oneid/ucenter/register/','POST');
INSERT INTO "oneid_meta_requestaccesslog" VALUES(29,'36.110.106.42','Mozilla/5.0 (Macintosh; Intel Mac OS X 10_15_2) AppleWebKit/537.36 (KHTML, like Gecko) Chrome/78.0.3904.97 Safari/537.36','/siteapi/oneid/ucenter/register/','POST');
INSERT INTO "oneid_meta_requestaccesslog" VALUES(30,'36.110.106.42','Mozilla/5.0 (Macintosh; Intel Mac OS X 10_15_2) AppleWebKit/537.36 (KHTML, like Gecko) Chrome/78.0.3904.97 Safari/537.36','/siteapi/oneid/ucenter/login/','POST');
INSERT INTO "oneid_meta_requestaccesslog" VALUES(31,'36.110.106.42','Mozilla/5.0 (Macintosh; Intel Mac OS X 10_15_2) AppleWebKit/537.36 (KHTML, like Gecko) Chrome/78.0.3904.97 Safari/537.36','/siteapi/oneid/node/d_root/node/','POST');
INSERT INTO "oneid_meta_requestaccesslog" VALUES(32,'36.110.106.42','Mozilla/5.0 (Macintosh; Intel Mac OS X 10_15_2) AppleWebKit/537.36 (KHTML, like Gecko) Chrome/78.0.3904.97 Safari/537.36','/siteapi/oneid/node/d_root/node/','POST');
INSERT INTO "oneid_meta_requestaccesslog" VALUES(33,'36.110.106.42','Mozilla/5.0 (Macintosh; Intel Mac OS X 10_15_2) AppleWebKit/537.36 (KHTML, like Gecko) Chrome/78.0.3904.97 Safari/537.36','/siteapi/oneid/node/d_bumener/','PATCH');
INSERT INTO "oneid_meta_requestaccesslog" VALUES(34,'36.110.106.42','Mozilla/5.0 (Macintosh; Intel Mac OS X 10_15_2) AppleWebKit/537.36 (KHTML, like Gecko) Chrome/78.0.3904.97 Safari/537.36','/siteapi/oneid/node/d_root/node/','PATCH');
INSERT INTO "oneid_meta_requestaccesslog" VALUES(35,'36.110.106.42','Mozilla/5.0 (Macintosh; Intel Mac OS X 10_15_2) AppleWebKit/537.36 (KHTML, like Gecko) Chrome/78.0.3904.97 Safari/537.36','/siteapi/oneid/node/d_root/node/','POST');
INSERT INTO "oneid_meta_requestaccesslog" VALUES(36,'36.110.106.42','Mozilla/5.0 (Macintosh; Intel Mac OS X 10_15_2) AppleWebKit/537.36 (KHTML, like Gecko) Chrome/78.0.3904.97 Safari/537.36','/siteapi/oneid/node/d_bumenyi/','PATCH');
INSERT INTO "oneid_meta_requestaccesslog" VALUES(37,'36.110.106.42','Mozilla/5.0 (Macintosh; Intel Mac OS X 10_15_2) AppleWebKit/537.36 (KHTML, like Gecko) Chrome/78.0.3904.97 Safari/537.36','/siteapi/oneid/node/d_root/node/','PATCH');
INSERT INTO "oneid_meta_requestaccesslog" VALUES(38,'36.110.106.42','Mozilla/5.0 (Macintosh; Intel Mac OS X 10_15_2) AppleWebKit/537.36 (KHTML, like Gecko) Chrome/78.0.3904.97 Safari/537.36','/siteapi/oneid/node/d_bumener/','PATCH');
INSERT INTO "oneid_meta_requestaccesslog" VALUES(39,'36.110.106.42','Mozilla/5.0 (Macintosh; Intel Mac OS X 10_15_2) AppleWebKit/537.36 (KHTML, like Gecko) Chrome/78.0.3904.97 Safari/537.36','/siteapi/oneid/node/d_root/node/','PATCH');
INSERT INTO "oneid_meta_requestaccesslog" VALUES(40,'36.110.106.42','Mozilla/5.0 (Macintosh; Intel Mac OS X 10_15_2) AppleWebKit/537.36 (KHTML, like Gecko) Chrome/78.0.3904.97 Safari/537.36','/siteapi/oneid/node/d_bumenyi/','PATCH');
INSERT INTO "oneid_meta_requestaccesslog" VALUES(41,'36.110.106.42','Mozilla/5.0 (Macintosh; Intel Mac OS X 10_15_2) AppleWebKit/537.36 (KHTML, like Gecko) Chrome/78.0.3904.97 Safari/537.36','/siteapi/oneid/node/d_root/node/','PATCH');
INSERT INTO "oneid_meta_requestaccesslog" VALUES(42,'36.110.106.42','Mozilla/5.0 (Macintosh; Intel Mac OS X 10_15_2) AppleWebKit/537.36 (KHTML, like Gecko) Chrome/78.0.3904.97 Safari/537.36','/siteapi/oneid/node/d_bumenyi/','PATCH');
INSERT INTO "oneid_meta_requestaccesslog" VALUES(43,'36.110.106.42','Mozilla/5.0 (Macintosh; Intel Mac OS X 10_15_2) AppleWebKit/537.36 (KHTML, like Gecko) Chrome/78.0.3904.97 Safari/537.36','/siteapi/oneid/node/d_root/node/','PATCH');
INSERT INTO "oneid_meta_requestaccesslog" VALUES(44,'36.110.106.42','Mozilla/5.0 (Macintosh; Intel Mac OS X 10_15_2) AppleWebKit/537.36 (KHTML, like Gecko) Chrome/78.0.3904.97 Safari/537.36','/siteapi/oneid/node/d_bumener/','PATCH');
INSERT INTO "oneid_meta_requestaccesslog" VALUES(45,'36.110.106.42','Mozilla/5.0 (Macintosh; Intel Mac OS X 10_15_2) AppleWebKit/537.36 (KHTML, like Gecko) Chrome/78.0.3904.97 Safari/537.36','/siteapi/oneid/node/d_root/node/','PATCH');
INSERT INTO "oneid_meta_requestaccesslog" VALUES(46,'36.110.106.42','Mozilla/5.0 (Macintosh; Intel Mac OS X 10_15_2) AppleWebKit/537.36 (KHTML, like Gecko) Chrome/78.0.3904.97 Safari/537.36','/siteapi/oneid/node/d_bumensan/','PATCH');
INSERT INTO "oneid_meta_requestaccesslog" VALUES(47,'36.110.106.42','Mozilla/5.0 (Macintosh; Intel Mac OS X 10_15_2) AppleWebKit/537.36 (KHTML, like Gecko) Chrome/78.0.3904.97 Safari/537.36','/siteapi/oneid/node/d_root/node/','PATCH');
INSERT INTO "oneid_meta_requestaccesslog" VALUES(48,'36.110.106.42','Mozilla/5.0 (Macintosh; Intel Mac OS X 10_15_2) AppleWebKit/537.36 (KHTML, like Gecko) Chrome/78.0.3904.97 Safari/537.36','/siteapi/oneid/node/d_root/node/','POST');
INSERT INTO "oneid_meta_requestaccesslog" VALUES(49,'36.110.106.42','Mozilla/5.0 (Macintosh; Intel Mac OS X 10_15_2) AppleWebKit/537.36 (KHTML, like Gecko) Chrome/78.0.3904.97 Safari/537.36','/siteapi/oneid/node/d_root/node/','POST');
INSERT INTO "oneid_meta_requestaccesslog" VALUES(50,'36.110.106.42','Mozilla/5.0 (Macintosh; Intel Mac OS X 10_15_2) AppleWebKit/537.36 (KHTML, like Gecko) Chrome/78.0.3904.97 Safari/537.36','/siteapi/oneid/node/d_bumenyi/node/','POST');
INSERT INTO "oneid_meta_requestaccesslog" VALUES(51,'36.110.106.42','Mozilla/5.0 (Macintosh; Intel Mac OS X 10_15_2) AppleWebKit/537.36 (KHTML, like Gecko) Chrome/78.0.3904.97 Safari/537.36','/siteapi/oneid/node/d_bumenyi/node/','POST');
INSERT INTO "oneid_meta_requestaccesslog" VALUES(52,'36.110.106.42','Mozilla/5.0 (Macintosh; Intel Mac OS X 10_15_2) AppleWebKit/537.36 (KHTML, like Gecko) Chrome/78.0.3904.97 Safari/537.36','/siteapi/oneid/node/d_bumenyi/node/','POST');
INSERT INTO "oneid_meta_requestaccesslog" VALUES(53,'36.110.106.42','Mozilla/5.0 (Macintosh; Intel Mac OS X 10_15_2) AppleWebKit/537.36 (KHTML, like Gecko) Chrome/78.0.3904.97 Safari/537.36','/siteapi/oneid/node/d_bumenyi/node/','POST');
INSERT INTO "oneid_meta_requestaccesslog" VALUES(54,'36.110.106.42','Mozilla/5.0 (Macintosh; Intel Mac OS X 10_15_2) AppleWebKit/537.36 (KHTML, like Gecko) Chrome/78.0.3904.97 Safari/537.36','/siteapi/oneid/node/d_bumenyi/node/','POST');
INSERT INTO "oneid_meta_requestaccesslog" VALUES(55,'36.110.106.42','Mozilla/5.0 (Macintosh; Intel Mac OS X 10_15_2) AppleWebKit/537.36 (KHTML, like Gecko) Chrome/78.0.3904.97 Safari/537.36','/siteapi/oneid/node/d_bumener/node/','POST');
INSERT INTO "oneid_meta_requestaccesslog" VALUES(56,'36.110.106.42','Mozilla/5.0 (Macintosh; Intel Mac OS X 10_15_2) AppleWebKit/537.36 (KHTML, like Gecko) Chrome/78.0.3904.97 Safari/537.36','/siteapi/oneid/node/d_bumener/node/','POST');
INSERT INTO "oneid_meta_requestaccesslog" VALUES(57,'36.110.106.42','Mozilla/5.0 (Macintosh; Intel Mac OS X 10_15_2) AppleWebKit/537.36 (KHTML, like Gecko) Chrome/78.0.3904.97 Safari/537.36','/siteapi/oneid/node/d_bumener/node/','POST');
INSERT INTO "oneid_meta_requestaccesslog" VALUES(58,'36.110.106.42','Mozilla/5.0 (Macintosh; Intel Mac OS X 10_15_2) AppleWebKit/537.36 (KHTML, like Gecko) Chrome/78.0.3904.97 Safari/537.36','/siteapi/oneid/node/d_bumener/node/','POST');
INSERT INTO "oneid_meta_requestaccesslog" VALUES(59,'36.110.106.42','Mozilla/5.0 (Macintosh; Intel Mac OS X 10_15_2) AppleWebKit/537.36 (KHTML, like Gecko) Chrome/78.0.3904.97 Safari/537.36','/siteapi/oneid/node/d_bumener/node/','POST');
INSERT INTO "oneid_meta_requestaccesslog" VALUES(60,'36.110.106.42','Mozilla/5.0 (Macintosh; Intel Mac OS X 10_15_2) AppleWebKit/537.36 (KHTML, like Gecko) Chrome/78.0.3904.97 Safari/537.36','/siteapi/oneid/node/g_role/node/','POST');
INSERT INTO "oneid_meta_requestaccesslog" VALUES(61,'36.110.106.42','Mozilla/5.0 (Macintosh; Intel Mac OS X 10_15_2) AppleWebKit/537.36 (KHTML, like Gecko) Chrome/78.0.3904.97 Safari/537.36','/siteapi/oneid/node/g_jueseyi/node/','POST');
INSERT INTO "oneid_meta_requestaccesslog" VALUES(62,'36.110.106.42','Mozilla/5.0 (Macintosh; Intel Mac OS X 10_15_2) AppleWebKit/537.36 (KHTML, like Gecko) Chrome/78.0.3904.97 Safari/537.36','/siteapi/oneid/node/g_jueseyi/node/','POST');
INSERT INTO "oneid_meta_requestaccesslog" VALUES(63,'36.110.106.42','Mozilla/5.0 (Macintosh; Intel Mac OS X 10_15_2) AppleWebKit/537.36 (KHTML, like Gecko) Chrome/78.0.3904.97 Safari/537.36','/siteapi/oneid/node/g_jueseyi/node/','POST');
INSERT INTO "oneid_meta_requestaccesslog" VALUES(64,'36.110.106.42','Mozilla/5.0 (Macintosh; Intel Mac OS X 10_15_2) AppleWebKit/537.36 (KHTML, like Gecko) Chrome/78.0.3904.97 Safari/537.36','/siteapi/oneid/node/g_jueseyi/node/','POST');
INSERT INTO "oneid_meta_requestaccesslog" VALUES(65,'36.110.106.42','Mozilla/5.0 (Macintosh; Intel Mac OS X 10_15_2) AppleWebKit/537.36 (KHTML, like Gecko) Chrome/78.0.3904.97 Safari/537.36','/siteapi/oneid/node/g_jueseyi/node/','POST');
INSERT INTO "oneid_meta_requestaccesslog" VALUES(66,'36.110.106.42','Mozilla/5.0 (Macintosh; Intel Mac OS X 10_15_2) AppleWebKit/537.36 (KHTML, like Gecko) Chrome/78.0.3904.97 Safari/537.36','/siteapi/oneid/node/g_role/node/','POST');
INSERT INTO "oneid_meta_requestaccesslog" VALUES(67,'36.110.106.42','Mozilla/5.0 (Macintosh; Intel Mac OS X 10_15_2) AppleWebKit/537.36 (KHTML, like Gecko) Chrome/78.0.3904.97 Safari/537.36','/siteapi/oneid/node/g_role/node/','POST');
INSERT INTO "oneid_meta_requestaccesslog" VALUES(68,'36.110.106.42','Mozilla/5.0 (Macintosh; Intel Mac OS X 10_15_2) AppleWebKit/537.36 (KHTML, like Gecko) Chrome/78.0.3904.97 Safari/537.36','/siteapi/oneid/node/g_role/node/','POST');
INSERT INTO "oneid_meta_requestaccesslog" VALUES(69,'36.110.106.42','Mozilla/5.0 (Macintosh; Intel Mac OS X 10_15_2) AppleWebKit/537.36 (KHTML, like Gecko) Chrome/78.0.3904.97 Safari/537.36','/siteapi/oneid/node/g_role/node/','POST');
INSERT INTO "oneid_meta_requestaccesslog" VALUES(70,'36.110.106.42','Mozilla/5.0 (Macintosh; Intel Mac OS X 10_15_2) AppleWebKit/605.1.15 (KHTML, like Gecko) Version/13.0.4 Safari/605.1.15','/siteapi/oneid/ucenter/profile/invited/','PATCH');
INSERT INTO "oneid_meta_requestaccesslog" VALUES(71,'36.110.106.42','Mozilla/5.0 (Macintosh; Intel Mac OS X 10_15_2) AppleWebKit/605.1.15 (KHTML, like Gecko) Version/13.0.4 Safari/605.1.15','/siteapi/oneid/ucenter/profile/invited/','PATCH');
INSERT INTO "oneid_meta_requestaccesslog" VALUES(72,'36.110.106.42','Mozilla/5.0 (Macintosh; Intel Mac OS X 10_15_2) AppleWebKit/605.1.15 (KHTML, like Gecko) Version/13.0.4 Safari/605.1.15','/siteapi/oneid/ucenter/profile/invited/','PATCH');
INSERT INTO "oneid_meta_requestaccesslog" VALUES(73,'36.110.106.42','Mozilla/5.0 (Macintosh; Intel Mac OS X 10_15_2) AppleWebKit/605.1.15 (KHTML, like Gecko) Version/13.0.4 Safari/605.1.15','/siteapi/oneid/ucenter/profile/invited/','PATCH');
INSERT INTO "oneid_meta_requestaccesslog" VALUES(74,'36.110.106.42','Mozilla/5.0 (Macintosh; Intel Mac OS X 10_15_2) AppleWebKit/605.1.15 (KHTML, like Gecko) Version/13.0.4 Safari/605.1.15','/siteapi/oneid/ucenter/profile/invited/','PATCH');
INSERT INTO "oneid_meta_requestaccesslog" VALUES(75,'36.110.106.42','Mozilla/5.0 (Macintosh; Intel Mac OS X 10_15_2) AppleWebKit/605.1.15 (KHTML, like Gecko) Version/13.0.4 Safari/605.1.15','/siteapi/oneid/ucenter/profile/invited/','PATCH');
INSERT INTO "oneid_meta_requestaccesslog" VALUES(76,'36.110.106.42','Mozilla/5.0 (Macintosh; Intel Mac OS X 10_15_2) AppleWebKit/537.36 (KHTML, like Gecko) Chrome/78.0.3904.97 Safari/537.36','/siteapi/oneid/ucenter/login/','POST');
INSERT INTO "oneid_meta_requestaccesslog" VALUES(77,'36.110.106.42','Mozilla/5.0 (Macintosh; Intel Mac OS X 10_15_2) AppleWebKit/537.36 (KHTML, like Gecko) Chrome/78.0.3904.97 Safari/537.36','/siteapi/oneid/ucenter/login/','POST');
INSERT INTO "oneid_meta_requestaccesslog" VALUES(78,'36.110.106.42','Mozilla/5.0 (Macintosh; Intel Mac OS X 10_15_2) AppleWebKit/537.36 (KHTML, like Gecko) Chrome/78.0.3904.97 Safari/537.36','/siteapi/oneid/ucenter/login/','POST');
INSERT INTO "oneid_meta_requestaccesslog" VALUES(79,'36.110.106.42','Mozilla/5.0 (Macintosh; Intel Mac OS X 10_15_2) AppleWebKit/537.36 (KHTML, like Gecko) Chrome/78.0.3904.97 Safari/537.36','/siteapi/oneid/ucenter/login/','POST');
INSERT INTO "oneid_meta_requestaccesslog" VALUES(80,'36.110.106.42','Mozilla/5.0 (Macintosh; Intel Mac OS X 10_15_2) AppleWebKit/537.36 (KHTML, like Gecko) Chrome/78.0.3904.97 Safari/537.36','/siteapi/oneid/ucenter/login/','POST');
INSERT INTO "oneid_meta_requestaccesslog" VALUES(81,'36.110.106.42','Mozilla/5.0 (Macintosh; Intel Mac OS X 10_15_2) AppleWebKit/537.36 (KHTML, like Gecko) Chrome/78.0.3904.97 Safari/537.36','/siteapi/oneid/ucenter/login/','POST');
INSERT INTO "oneid_meta_requestaccesslog" VALUES(82,'36.110.106.42','Mozilla/5.0 (Macintosh; Intel Mac OS X 10_15_2) AppleWebKit/537.36 (KHTML, like Gecko) Chrome/78.0.3904.97 Safari/537.36','/siteapi/oneid/ucenter/login/','POST');
INSERT INTO "oneid_meta_requestaccesslog" VALUES(83,'36.110.106.42','Mozilla/5.0 (Macintosh; Intel Mac OS X 10_15_2) AppleWebKit/537.36 (KHTML, like Gecko) Chrome/78.0.3904.97 Safari/537.36','/siteapi/oneid/ucenter/login/','POST');
INSERT INTO "oneid_meta_requestaccesslog" VALUES(84,'36.110.106.42','Mozilla/5.0 (Macintosh; Intel Mac OS X 10_15_2) AppleWebKit/537.36 (KHTML, like Gecko) Chrome/78.0.3904.97 Safari/537.36','/siteapi/oneid/ucenter/login/','POST');
INSERT INTO "oneid_meta_requestaccesslog" VALUES(85,'36.110.106.42','Mozilla/5.0 (Macintosh; Intel Mac OS X 10_15_2) AppleWebKit/537.36 (KHTML, like Gecko) Chrome/78.0.3904.97 Safari/537.36','/siteapi/oneid/ucenter/login/','POST');
INSERT INTO "oneid_meta_requestaccesslog" VALUES(86,'36.110.106.42','Mozilla/5.0 (Macintosh; Intel Mac OS X 10_15_2) AppleWebKit/537.36 (KHTML, like Gecko) Chrome/78.0.3904.97 Safari/537.36','/siteapi/oneid/ucenter/login/','POST');
INSERT INTO "oneid_meta_requestaccesslog" VALUES(87,'36.110.106.42','Mozilla/5.0 (Macintosh; Intel Mac OS X 10_15_2) AppleWebKit/537.36 (KHTML, like Gecko) Chrome/78.0.3904.97 Safari/537.36','/siteapi/oneid/ucenter/login/','POST');
INSERT INTO "oneid_meta_requestaccesslog" VALUES(88,'36.110.106.42','Mozilla/5.0 (Macintosh; Intel Mac OS X 10_15_2) AppleWebKit/537.36 (KHTML, like Gecko) Chrome/78.0.3904.97 Safari/537.36','/siteapi/oneid/node/g_jueseer/node/','POST');
INSERT INTO "oneid_meta_requestaccesslog" VALUES(89,'36.110.106.42','Mozilla/5.0 (Macintosh; Intel Mac OS X 10_15_2) AppleWebKit/537.36 (KHTML, like Gecko) Chrome/78.0.3904.97 Safari/537.36','/siteapi/oneid/node/g_jueseer/node/','POST');
INSERT INTO "oneid_meta_requestaccesslog" VALUES(90,'36.110.106.42','Mozilla/5.0 (Macintosh; Intel Mac OS X 10_15_2) AppleWebKit/537.36 (KHTML, like Gecko) Chrome/78.0.3904.97 Safari/537.36','/siteapi/oneid/node/g_jueseer/node/','POST');
INSERT INTO "oneid_meta_requestaccesslog" VALUES(91,'36.110.106.42','Mozilla/5.0 (Macintosh; Intel Mac OS X 10_15_2) AppleWebKit/537.36 (KHTML, like Gecko) Chrome/78.0.3904.97 Safari/537.36','/siteapi/oneid/node/g_jueseer/node/','POST');
INSERT INTO "oneid_meta_requestaccesslog" VALUES(92,'36.110.106.42','Mozilla/5.0 (Macintosh; Intel Mac OS X 10_15_2) AppleWebKit/537.36 (KHTML, like Gecko) Chrome/78.0.3904.97 Safari/537.36','/siteapi/oneid/node/g_jueseer/node/','POST');
INSERT INTO "oneid_meta_requestaccesslog" VALUES(93,'36.110.106.42','Mozilla/5.0 (Macintosh; Intel Mac OS X 10_15_2) AppleWebKit/537.36 (KHTML, like Gecko) Chrome/78.0.3904.97 Safari/537.36','/siteapi/oneid/node/g_label/node/','POST');
INSERT INTO "oneid_meta_requestaccesslog" VALUES(94,'36.110.106.42','Mozilla/5.0 (Macintosh; Intel Mac OS X 10_15_2) AppleWebKit/537.36 (KHTML, like Gecko) Chrome/78.0.3904.97 Safari/537.36','/siteapi/oneid/node/g_label/node/','POST');
INSERT INTO "oneid_meta_requestaccesslog" VALUES(95,'36.110.106.42','Mozilla/5.0 (Macintosh; Intel Mac OS X 10_15_2) AppleWebKit/537.36 (KHTML, like Gecko) Chrome/78.0.3904.97 Safari/537.36','/siteapi/oneid/node/g_label/node/','POST');
INSERT INTO "oneid_meta_requestaccesslog" VALUES(96,'36.110.106.42','Mozilla/5.0 (Macintosh; Intel Mac OS X 10_15_2) AppleWebKit/537.36 (KHTML, like Gecko) Chrome/78.0.3904.97 Safari/537.36','/siteapi/oneid/node/g_label/node/','POST');
INSERT INTO "oneid_meta_requestaccesslog" VALUES(97,'36.110.106.42','Mozilla/5.0 (Macintosh; Intel Mac OS X 10_15_2) AppleWebKit/537.36 (KHTML, like Gecko) Chrome/78.0.3904.97 Safari/537.36','/siteapi/oneid/node/g_label/node/','POST');
INSERT INTO "oneid_meta_requestaccesslog" VALUES(98,'36.110.106.42','Mozilla/5.0 (Macintosh; Intel Mac OS X 10_15_2) AppleWebKit/537.36 (KHTML, like Gecko) Chrome/78.0.3904.97 Safari/537.36','/siteapi/oneid/node/d_bumensan/node/','POST');
INSERT INTO "oneid_meta_requestaccesslog" VALUES(99,'36.110.106.42','Mozilla/5.0 (Macintosh; Intel Mac OS X 10_15_2) AppleWebKit/537.36 (KHTML, like Gecko) Chrome/78.0.3904.97 Safari/537.36','/siteapi/oneid/node/d_bumensisuoyourenbukejian/node/','POST');
INSERT INTO "oneid_meta_requestaccesslog" VALUES(100,'36.110.106.42','Mozilla/5.0 (Macintosh; Intel Mac OS X 10_15_2) AppleWebKit/537.36 (KHTML, like Gecko) Chrome/78.0.3904.97 Safari/537.36','/siteapi/oneid/node/d_bumenwubufenrenkejian/node/','POST');
INSERT INTO "oneid_meta_requestaccesslog" VALUES(101,'36.110.106.42','Mozilla/5.0 (Macintosh; Intel Mac OS X 10_15_2) AppleWebKit/537.36 (KHTML, like Gecko) Chrome/78.0.3904.97 Safari/537.36','/siteapi/oneid/node/g_juesesan/node/','POST');
INSERT INTO "oneid_meta_requestaccesslog" VALUES(102,'36.110.106.42','Mozilla/5.0 (Macintosh; Intel Mac OS X 10_15_2) AppleWebKit/537.36 (KHTML, like Gecko) Chrome/78.0.3904.97 Safari/537.36','/siteapi/oneid/node/g_juesesi/node/','POST');
INSERT INTO "oneid_meta_requestaccesslog" VALUES(103,'36.110.106.42','Mozilla/5.0 (Macintosh; Intel Mac OS X 10_15_2) AppleWebKit/537.36 (KHTML, like Gecko) Chrome/78.0.3904.97 Safari/537.36','/siteapi/oneid/node/g_juesewu/node/','POST');
INSERT INTO "oneid_meta_requestaccesslog" VALUES(104,'36.110.106.42','Mozilla/5.0 (Macintosh; Intel Mac OS X 10_15_2) AppleWebKit/537.36 (KHTML, like Gecko) Chrome/78.0.3904.97 Safari/537.36','/siteapi/oneid/node/g_biaoqianyi/node/','POST');
INSERT INTO "oneid_meta_requestaccesslog" VALUES(105,'36.110.106.42','Mozilla/5.0 (Macintosh; Intel Mac OS X 10_15_2) AppleWebKit/537.36 (KHTML, like Gecko) Chrome/78.0.3904.97 Safari/537.36','/siteapi/oneid/node/g_biaoqianyi/node/','POST');
INSERT INTO "oneid_meta_requestaccesslog" VALUES(106,'36.110.106.42','Mozilla/5.0 (Macintosh; Intel Mac OS X 10_15_2) AppleWebKit/537.36 (KHTML, like Gecko) Chrome/78.0.3904.97 Safari/537.36','/siteapi/oneid/node/g_biaoqianyi/node/','POST');
INSERT INTO "oneid_meta_requestaccesslog" VALUES(107,'36.110.106.42','Mozilla/5.0 (Macintosh; Intel Mac OS X 10_15_2) AppleWebKit/537.36 (KHTML, like Gecko) Chrome/78.0.3904.97 Safari/537.36','/siteapi/oneid/node/g_biaoqianyi/node/','POST');
INSERT INTO "oneid_meta_requestaccesslog" VALUES(108,'36.110.106.42','Mozilla/5.0 (Macintosh; Intel Mac OS X 10_15_2) AppleWebKit/537.36 (KHTML, like Gecko) Chrome/78.0.3904.97 Safari/537.36','/siteapi/oneid/node/g_biaoqianyi/node/','POST');
INSERT INTO "oneid_meta_requestaccesslog" VALUES(109,'36.110.106.42','Mozilla/5.0 (Macintosh; Intel Mac OS X 10_15_2) AppleWebKit/537.36 (KHTML, like Gecko) Chrome/78.0.3904.97 Safari/537.36','/siteapi/oneid/node/g_biaoqianer/node/','POST');
INSERT INTO "oneid_meta_requestaccesslog" VALUES(110,'36.110.106.42','Mozilla/5.0 (Macintosh; Intel Mac OS X 10_15_2) AppleWebKit/537.36 (KHTML, like Gecko) Chrome/78.0.3904.97 Safari/537.36','/siteapi/oneid/node/g_biaoqianer/node/','POST');
INSERT INTO "oneid_meta_requestaccesslog" VALUES(111,'36.110.106.42','Mozilla/5.0 (Macintosh; Intel Mac OS X 10_15_2) AppleWebKit/537.36 (KHTML, like Gecko) Chrome/78.0.3904.97 Safari/537.36','/siteapi/oneid/node/g_biaoqianer/node/','POST');
INSERT INTO "oneid_meta_requestaccesslog" VALUES(112,'36.110.106.42','Mozilla/5.0 (Macintosh; Intel Mac OS X 10_15_2) AppleWebKit/537.36 (KHTML, like Gecko) Chrome/78.0.3904.97 Safari/537.36','/siteapi/oneid/node/g_biaoqianer/node/','POST');
INSERT INTO "oneid_meta_requestaccesslog" VALUES(113,'36.110.106.42','Mozilla/5.0 (Macintosh; Intel Mac OS X 10_15_2) AppleWebKit/537.36 (KHTML, like Gecko) Chrome/78.0.3904.97 Safari/537.36','/siteapi/oneid/node/g_biaoqianer/node/','POST');
INSERT INTO "oneid_meta_requestaccesslog" VALUES(114,'36.110.106.42','Mozilla/5.0 (Macintosh; Intel Mac OS X 10_15_2) AppleWebKit/537.36 (KHTML, like Gecko) Chrome/78.0.3904.97 Safari/537.36','/siteapi/oneid/node/g_biaoqiansan/node/','POST');
INSERT INTO "oneid_meta_requestaccesslog" VALUES(115,'36.110.106.42','Mozilla/5.0 (Macintosh; Intel Mac OS X 10_15_2) AppleWebKit/537.36 (KHTML, like Gecko) Chrome/78.0.3904.97 Safari/537.36','/siteapi/oneid/node/g_biaoqiansi/node/','POST');
INSERT INTO "oneid_meta_requestaccesslog" VALUES(116,'36.110.106.42','Mozilla/5.0 (Macintosh; Intel Mac OS X 10_15_2) AppleWebKit/537.36 (KHTML, like Gecko) Chrome/78.0.3904.97 Safari/537.36','/siteapi/oneid/node/g_biaoqianwu/node/','POST');
INSERT INTO "oneid_meta_requestaccesslog" VALUES(117,'36.110.106.42','Mozilla/5.0 (Macintosh; Intel Mac OS X 10_15_2) AppleWebKit/537.36 (KHTML, like Gecko) Chrome/78.0.3904.97 Safari/537.36','/siteapi/oneid/node/g_intra/node/','POST');
INSERT INTO "oneid_meta_requestaccesslog" VALUES(118,'36.110.106.42','Mozilla/5.0 (Macintosh; Intel Mac OS X 10_15_2) AppleWebKit/537.36 (KHTML, like Gecko) Chrome/78.0.3904.97 Safari/537.36','/siteapi/oneid/node/g_intra/node/','POST');
INSERT INTO "oneid_meta_requestaccesslog" VALUES(119,'36.110.106.42','Mozilla/5.0 (Macintosh; Intel Mac OS X 10_15_2) AppleWebKit/537.36 (KHTML, like Gecko) Chrome/78.0.3904.97 Safari/537.36','/siteapi/oneid/node/g_intra/node/','POST');
INSERT INTO "oneid_meta_requestaccesslog" VALUES(120,'36.110.106.42','Mozilla/5.0 (Macintosh; Intel Mac OS X 10_15_2) AppleWebKit/537.36 (KHTML, like Gecko) Chrome/78.0.3904.97 Safari/537.36','/siteapi/oneid/node/g_intra/node/','POST');
INSERT INTO "oneid_meta_requestaccesslog" VALUES(121,'36.110.106.42','Mozilla/5.0 (Macintosh; Intel Mac OS X 10_15_2) AppleWebKit/537.36 (KHTML, like Gecko) Chrome/78.0.3904.97 Safari/537.36','/siteapi/oneid/node/g_zidingyifenzuyi/','PATCH');
INSERT INTO "oneid_meta_requestaccesslog" VALUES(122,'36.110.106.42','Mozilla/5.0 (Macintosh; Intel Mac OS X 10_15_2) AppleWebKit/537.36 (KHTML, like Gecko) Chrome/78.0.3904.97 Safari/537.36','/siteapi/oneid/node/g_zidingyifenzuyi/','PATCH');
INSERT INTO "oneid_meta_requestaccesslog" VALUES(123,'36.110.106.42','Mozilla/5.0 (Macintosh; Intel Mac OS X 10_15_2) AppleWebKit/537.36 (KHTML, like Gecko) Chrome/78.0.3904.97 Safari/537.36','/siteapi/oneid/node/g_zidingyifenzuer/','PATCH');
INSERT INTO "oneid_meta_requestaccesslog" VALUES(124,'36.110.106.42','Mozilla/5.0 (Macintosh; Intel Mac OS X 10_15_2) AppleWebKit/537.36 (KHTML, like Gecko) Chrome/78.0.3904.97 Safari/537.36','/siteapi/oneid/node/g_zidingyifenzuyi/node/','POST');
INSERT INTO "oneid_meta_requestaccesslog" VALUES(125,'36.110.106.42','Mozilla/5.0 (Macintosh; Intel Mac OS X 10_15_2) AppleWebKit/537.36 (KHTML, like Gecko) Chrome/78.0.3904.97 Safari/537.36','/siteapi/oneid/node/g_zidingyifenzuyi/node/','POST');
INSERT INTO "oneid_meta_requestaccesslog" VALUES(126,'36.110.106.42','Mozilla/5.0 (Macintosh; Intel Mac OS X 10_15_2) AppleWebKit/537.36 (KHTML, like Gecko) Chrome/78.0.3904.97 Safari/537.36','/siteapi/oneid/node/g_zidingyifenzuyi/node/','POST');
INSERT INTO "oneid_meta_requestaccesslog" VALUES(127,'36.110.106.42','Mozilla/5.0 (Macintosh; Intel Mac OS X 10_15_2) AppleWebKit/537.36 (KHTML, like Gecko) Chrome/78.0.3904.97 Safari/537.36','/siteapi/oneid/node/g_tianxieyi/','PATCH');
INSERT INTO "oneid_meta_requestaccesslog" VALUES(128,'36.110.106.42','Mozilla/5.0 (Macintosh; Intel Mac OS X 10_15_2) AppleWebKit/537.36 (KHTML, like Gecko) Chrome/78.0.3904.97 Safari/537.36','/siteapi/oneid/node/g_zidingyifenzuyi/node/','PATCH');
INSERT INTO "oneid_meta_requestaccesslog" VALUES(129,'36.110.106.42','Mozilla/5.0 (Macintosh; Intel Mac OS X 10_15_2) AppleWebKit/537.36 (KHTML, like Gecko) Chrome/78.0.3904.97 Safari/537.36','/siteapi/oneid/node/g_tianxieer/','PATCH');
INSERT INTO "oneid_meta_requestaccesslog" VALUES(130,'36.110.106.42','Mozilla/5.0 (Macintosh; Intel Mac OS X 10_15_2) AppleWebKit/537.36 (KHTML, like Gecko) Chrome/78.0.3904.97 Safari/537.36','/siteapi/oneid/node/g_zidingyifenzuyi/node/','PATCH');
INSERT INTO "oneid_meta_requestaccesslog" VALUES(131,'36.110.106.42','Mozilla/5.0 (Macintosh; Intel Mac OS X 10_15_2) AppleWebKit/537.36 (KHTML, like Gecko) Chrome/78.0.3904.97 Safari/537.36','/siteapi/oneid/node/g_tianxiesan/','PATCH');
INSERT INTO "oneid_meta_requestaccesslog" VALUES(132,'36.110.106.42','Mozilla/5.0 (Macintosh; Intel Mac OS X 10_15_2) AppleWebKit/537.36 (KHTML, like Gecko) Chrome/78.0.3904.97 Safari/537.36','/siteapi/oneid/node/g_zidingyifenzuyi/node/','PATCH');
INSERT INTO "oneid_meta_requestaccesslog" VALUES(133,'36.110.106.42','Mozilla/5.0 (Macintosh; Intel Mac OS X 10_15_2) AppleWebKit/537.36 (KHTML, like Gecko) Chrome/78.0.3904.97 Safari/537.36','/siteapi/oneid/node/g_zidingyifenzuer/node/','POST');
INSERT INTO "oneid_meta_requestaccesslog" VALUES(134,'36.110.106.42','Mozilla/5.0 (Macintosh; Intel Mac OS X 10_15_2) AppleWebKit/537.36 (KHTML, like Gecko) Chrome/78.0.3904.97 Safari/537.36','/siteapi/oneid/node/g_zidingyifenzuer/node/','POST');
INSERT INTO "oneid_meta_requestaccesslog" VALUES(135,'36.110.106.42','Mozilla/5.0 (Macintosh; Intel Mac OS X 10_15_2) AppleWebKit/537.36 (KHTML, like Gecko) Chrome/78.0.3904.97 Safari/537.36','/siteapi/oneid/node/g_zidingyifenzuer/node/','POST');
INSERT INTO "oneid_meta_requestaccesslog" VALUES(136,'36.110.106.42','Mozilla/5.0 (Macintosh; Intel Mac OS X 10_15_2) AppleWebKit/537.36 (KHTML, like Gecko) Chrome/78.0.3904.97 Safari/537.36','/siteapi/oneid/app/','POST');
INSERT INTO "oneid_meta_requestaccesslog" VALUES(137,'36.110.106.42','Mozilla/5.0 (Macintosh; Intel Mac OS X 10_15_2) AppleWebKit/537.36 (KHTML, like Gecko) Chrome/78.0.3904.97 Safari/537.36','/siteapi/oneid/app/','POST');
INSERT INTO "oneid_meta_requestaccesslog" VALUES(138,'36.110.106.42','Mozilla/5.0 (Macintosh; Intel Mac OS X 10_15_2) AppleWebKit/537.36 (KHTML, like Gecko) Chrome/78.0.3904.97 Safari/537.36','/siteapi/oneid/app/','POST');
INSERT INTO "oneid_meta_requestaccesslog" VALUES(139,'36.110.106.42','Mozilla/5.0 (Macintosh; Intel Mac OS X 10_15_2) AppleWebKit/537.36 (KHTML, like Gecko) Chrome/78.0.3904.97 Safari/537.36','/siteapi/oneid/app/','POST');
INSERT INTO "oneid_meta_requestaccesslog" VALUES(140,'36.110.106.42','Mozilla/5.0 (Macintosh; Intel Mac OS X 10_15_2) AppleWebKit/537.36 (KHTML, like Gecko) Chrome/78.0.3904.97 Safari/537.36','/siteapi/oneid/app/','POST');
INSERT INTO "oneid_meta_requestaccesslog" VALUES(141,'36.110.106.42','Mozilla/5.0 (Macintosh; Intel Mac OS X 10_15_2) AppleWebKit/537.36 (KHTML, like Gecko) Chrome/78.0.3904.97 Safari/537.36','/siteapi/oneid/app/','POST');
INSERT INTO "oneid_meta_requestaccesslog" VALUES(142,'36.110.106.42','Mozilla/5.0 (Macintosh; Intel Mac OS X 10_15_2) AppleWebKit/537.36 (KHTML, like Gecko) Chrome/78.0.3904.97 Safari/537.36','/siteapi/oneid/app/','POST');
INSERT INTO "oneid_meta_requestaccesslog" VALUES(143,'36.110.106.42','Mozilla/5.0 (Macintosh; Intel Mac OS X 10_15_2) AppleWebKit/537.36 (KHTML, like Gecko) Chrome/78.0.3904.97 Safari/537.36','/siteapi/oneid/app/','POST');
INSERT INTO "oneid_meta_requestaccesslog" VALUES(144,'36.110.106.42','Mozilla/5.0 (Macintosh; Intel Mac OS X 10_15_2) AppleWebKit/537.36 (KHTML, like Gecko) Chrome/78.0.3904.97 Safari/537.36','/siteapi/oneid/app/','POST');
INSERT INTO "oneid_meta_requestaccesslog" VALUES(145,'36.110.106.42','Mozilla/5.0 (Macintosh; Intel Mac OS X 10_15_2) AppleWebKit/537.36 (KHTML, like Gecko) Chrome/78.0.3904.97 Safari/537.36','/siteapi/oneid/app/','POST');
INSERT INTO "oneid_meta_requestaccesslog" VALUES(146,'36.110.106.42','Mozilla/5.0 (Macintosh; Intel Mac OS X 10_15_2) AppleWebKit/537.36 (KHTML, like Gecko) Chrome/78.0.3904.97 Safari/537.36','/siteapi/oneid/user/13899990001/','PATCH');
INSERT INTO "oneid_meta_requestaccesslog" VALUES(147,'36.110.106.42','Mozilla/5.0 (Macintosh; Intel Mac OS X 10_15_2) AppleWebKit/537.36 (KHTML, like Gecko) Chrome/78.0.3904.97 Safari/537.36','/siteapi/oneid/user/13899990001/node/','PATCH');
INSERT INTO "oneid_meta_requestaccesslog" VALUES(148,'36.110.106.42','Mozilla/5.0 (Macintosh; Intel Mac OS X 10_15_2) AppleWebKit/537.36 (KHTML, like Gecko) Chrome/78.0.3904.97 Safari/537.36','/siteapi/oneid/user/13899990001/node/','PATCH');
INSERT INTO "oneid_meta_requestaccesslog" VALUES(149,'36.110.106.42','Mozilla/5.0 (Macintosh; Intel Mac OS X 10_15_2) AppleWebKit/537.36 (KHTML, like Gecko) Chrome/78.0.3904.97 Safari/537.36','/siteapi/oneid/user/13899990002/','PATCH');
INSERT INTO "oneid_meta_requestaccesslog" VALUES(150,'36.110.106.42','Mozilla/5.0 (Macintosh; Intel Mac OS X 10_15_2) AppleWebKit/537.36 (KHTML, like Gecko) Chrome/78.0.3904.97 Safari/537.36','/siteapi/oneid/user/13899990002/node/','PATCH');
INSERT INTO "oneid_meta_requestaccesslog" VALUES(151,'36.110.106.42','Mozilla/5.0 (Macintosh; Intel Mac OS X 10_15_2) AppleWebKit/537.36 (KHTML, like Gecko) Chrome/78.0.3904.97 Safari/537.36','/siteapi/oneid/user/13899990002/node/','PATCH');
INSERT INTO "oneid_meta_requestaccesslog" VALUES(152,'36.110.106.42','Mozilla/5.0 (Macintosh; Intel Mac OS X 10_15_2) AppleWebKit/537.36 (KHTML, like Gecko) Chrome/78.0.3904.97 Safari/537.36','/siteapi/oneid/user/13899990003/','PATCH');
INSERT INTO "oneid_meta_requestaccesslog" VALUES(153,'36.110.106.42','Mozilla/5.0 (Macintosh; Intel Mac OS X 10_15_2) AppleWebKit/537.36 (KHTML, like Gecko) Chrome/78.0.3904.97 Safari/537.36','/siteapi/oneid/user/13899990003/node/','PATCH');
INSERT INTO "oneid_meta_requestaccesslog" VALUES(154,'36.110.106.42','Mozilla/5.0 (Macintosh; Intel Mac OS X 10_15_2) AppleWebKit/537.36 (KHTML, like Gecko) Chrome/78.0.3904.97 Safari/537.36','/siteapi/oneid/user/13899990003/node/','PATCH');
INSERT INTO "oneid_meta_requestaccesslog" VALUES(155,'36.110.106.42','Mozilla/5.0 (Macintosh; Intel Mac OS X 10_15_2) AppleWebKit/537.36 (KHTML, like Gecko) Chrome/78.0.3904.97 Safari/537.36','/siteapi/oneid/user/13899990004/','PATCH');
INSERT INTO "oneid_meta_requestaccesslog" VALUES(156,'36.110.106.42','Mozilla/5.0 (Macintosh; Intel Mac OS X 10_15_2) AppleWebKit/537.36 (KHTML, like Gecko) Chrome/78.0.3904.97 Safari/537.36','/siteapi/oneid/user/13899990004/node/','PATCH');
INSERT INTO "oneid_meta_requestaccesslog" VALUES(157,'36.110.106.42','Mozilla/5.0 (Macintosh; Intel Mac OS X 10_15_2) AppleWebKit/537.36 (KHTML, like Gecko) Chrome/78.0.3904.97 Safari/537.36','/siteapi/oneid/user/13899990004/node/','PATCH');
INSERT INTO "oneid_meta_requestaccesslog" VALUES(158,'36.110.106.42','Mozilla/5.0 (Macintosh; Intel Mac OS X 10_15_2) AppleWebKit/537.36 (KHTML, like Gecko) Chrome/78.0.3904.97 Safari/537.36','/siteapi/oneid/user/13899990005/','PATCH');
INSERT INTO "oneid_meta_requestaccesslog" VALUES(159,'36.110.106.42','Mozilla/5.0 (Macintosh; Intel Mac OS X 10_15_2) AppleWebKit/537.36 (KHTML, like Gecko) Chrome/78.0.3904.97 Safari/537.36','/siteapi/oneid/user/13899990005/node/','PATCH');
INSERT INTO "oneid_meta_requestaccesslog" VALUES(160,'36.110.106.42','Mozilla/5.0 (Macintosh; Intel Mac OS X 10_15_2) AppleWebKit/537.36 (KHTML, like Gecko) Chrome/78.0.3904.97 Safari/537.36','/siteapi/oneid/user/13899990005/node/','PATCH');
INSERT INTO "oneid_meta_requestaccesslog" VALUES(161,'36.110.106.42','Mozilla/5.0 (Macintosh; Intel Mac OS X 10_15_2) AppleWebKit/537.36 (KHTML, like Gecko) Chrome/78.0.3904.97 Safari/537.36','/siteapi/oneid/node/g_zidingyifenzuyi/','PATCH');
INSERT INTO "oneid_meta_requestaccesslog" VALUES(162,'36.110.106.42','Mozilla/5.0 (Macintosh; Intel Mac OS X 10_15_2) AppleWebKit/537.36 (KHTML, like Gecko) Chrome/78.0.3904.97 Safari/537.36','/siteapi/oneid/node/g_zidingyifenzuyi/','PATCH');
INSERT INTO "oneid_meta_requestaccesslog" VALUES(163,'36.110.106.42','Mozilla/5.0 (Macintosh; Intel Mac OS X 10_15_2) AppleWebKit/537.36 (KHTML, like Gecko) Chrome/78.0.3904.97 Safari/537.36','/siteapi/oneid/node/g_zidingyifenzuyi/','PATCH');
INSERT INTO "oneid_meta_requestaccesslog" VALUES(164,'36.110.106.42','Mozilla/5.0 (Macintosh; Intel Mac OS X 10_15_2) AppleWebKit/537.36 (KHTML, like Gecko) Chrome/78.0.3904.97 Safari/537.36','/siteapi/oneid/node/g_zidingyifenzuer/','PATCH');
INSERT INTO "oneid_meta_requestaccesslog" VALUES(165,'36.110.106.42','Mozilla/5.0 (Macintosh; Intel Mac OS X 10_15_2) AppleWebKit/537.36 (KHTML, like Gecko) Chrome/78.0.3904.97 Safari/537.36','/siteapi/oneid/node/g_intra/node/','POST');
INSERT INTO "oneid_meta_requestaccesslog" VALUES(166,'36.110.106.42','Mozilla/5.0 (Macintosh; Intel Mac OS X 10_15_2) AppleWebKit/537.36 (KHTML, like Gecko) Chrome/78.0.3904.97 Safari/537.36','/siteapi/oneid/node/g_intra/node/','POST');
INSERT INTO "oneid_meta_requestaccesslog" VALUES(167,'36.110.106.42','Mozilla/5.0 (Macintosh; Intel Mac OS X 10_15_2) AppleWebKit/537.36 (KHTML, like Gecko) Chrome/78.0.3904.97 Safari/537.36','/siteapi/oneid/node/g_tianxieyi/','PATCH');
INSERT INTO "oneid_meta_requestaccesslog" VALUES(168,'36.110.106.42','Mozilla/5.0 (Macintosh; Intel Mac OS X 10_15_2) AppleWebKit/537.36 (KHTML, like Gecko) Chrome/78.0.3904.97 Safari/537.36','/siteapi/oneid/node/g_zidingyifenzuyi/node/','PATCH');
INSERT INTO "oneid_meta_requestaccesslog" VALUES(169,'36.110.106.42','Mozilla/5.0 (Macintosh; Intel Mac OS X 10_15_2) AppleWebKit/537.36 (KHTML, like Gecko) Chrome/78.0.3904.97 Safari/537.36','/siteapi/oneid/node/g_tianxieer/','PATCH');
INSERT INTO "oneid_meta_requestaccesslog" VALUES(170,'36.110.106.42','Mozilla/5.0 (Macintosh; Intel Mac OS X 10_15_2) AppleWebKit/537.36 (KHTML, like Gecko) Chrome/78.0.3904.97 Safari/537.36','/siteapi/oneid/node/g_zidingyifenzuyi/node/','PATCH');
INSERT INTO "oneid_meta_requestaccesslog" VALUES(171,'36.110.106.42','Mozilla/5.0 (Macintosh; Intel Mac OS X 10_15_2) AppleWebKit/537.36 (KHTML, like Gecko) Chrome/78.0.3904.97 Safari/537.36','/siteapi/oneid/node/g_tianxiesan/','PATCH');
INSERT INTO "oneid_meta_requestaccesslog" VALUES(172,'36.110.106.42','Mozilla/5.0 (Macintosh; Intel Mac OS X 10_15_2) AppleWebKit/537.36 (KHTML, like Gecko) Chrome/78.0.3904.97 Safari/537.36','/siteapi/oneid/node/g_zidingyifenzuyi/node/','PATCH');
INSERT INTO "oneid_meta_requestaccesslog" VALUES(173,'36.110.106.42','Mozilla/5.0 (Macintosh; Intel Mac OS X 10_15_2) AppleWebKit/537.36 (KHTML, like Gecko) Chrome/78.0.3904.97 Safari/537.36','/siteapi/oneid/node/g_hudieyi/','PATCH');
INSERT INTO "oneid_meta_requestaccesslog" VALUES(174,'36.110.106.42','Mozilla/5.0 (Macintosh; Intel Mac OS X 10_15_2) AppleWebKit/537.36 (KHTML, like Gecko) Chrome/78.0.3904.97 Safari/537.36','/siteapi/oneid/node/g_zidingyifenzuer/node/','PATCH');
INSERT INTO "oneid_meta_requestaccesslog" VALUES(175,'36.110.106.42','Mozilla/5.0 (Macintosh; Intel Mac OS X 10_15_2) AppleWebKit/537.36 (KHTML, like Gecko) Chrome/78.0.3904.97 Safari/537.36','/siteapi/oneid/node/g_hudieer/','PATCH');
INSERT INTO "oneid_meta_requestaccesslog" VALUES(176,'36.110.106.42','Mozilla/5.0 (Macintosh; Intel Mac OS X 10_15_2) AppleWebKit/537.36 (KHTML, like Gecko) Chrome/78.0.3904.97 Safari/537.36','/siteapi/oneid/node/g_zidingyifenzuer/node/','PATCH');
INSERT INTO "oneid_meta_requestaccesslog" VALUES(177,'36.110.106.42','Mozilla/5.0 (Macintosh; Intel Mac OS X 10_15_2) AppleWebKit/537.36 (KHTML, like Gecko) Chrome/78.0.3904.97 Safari/537.36','/siteapi/oneid/node/g_hudieer/','PATCH');
INSERT INTO "oneid_meta_requestaccesslog" VALUES(178,'36.110.106.42','Mozilla/5.0 (Macintosh; Intel Mac OS X 10_15_2) AppleWebKit/537.36 (KHTML, like Gecko) Chrome/78.0.3904.97 Safari/537.36','/siteapi/oneid/node/g_zidingyifenzuer/node/','PATCH');
INSERT INTO "oneid_meta_requestaccesslog" VALUES(179,'36.110.106.42','Mozilla/5.0 (Macintosh; Intel Mac OS X 10_15_2) AppleWebKit/537.36 (KHTML, like Gecko) Chrome/78.0.3904.97 Safari/537.36','/siteapi/oneid/node/g_hudiewu/','PATCH');
INSERT INTO "oneid_meta_requestaccesslog" VALUES(180,'36.110.106.42','Mozilla/5.0 (Macintosh; Intel Mac OS X 10_15_2) AppleWebKit/537.36 (KHTML, like Gecko) Chrome/78.0.3904.97 Safari/537.36','/siteapi/oneid/node/g_zidingyifenzuer/node/','PATCH');
INSERT INTO "oneid_meta_requestaccesslog" VALUES(181,'36.110.106.42','Mozilla/5.0 (Macintosh; Intel Mac OS X 10_15_2) AppleWebKit/537.36 (KHTML, like Gecko) Chrome/78.0.3904.97 Safari/537.36','/siteapi/oneid/user/13899990006/','PATCH');
INSERT INTO "oneid_meta_requestaccesslog" VALUES(182,'36.110.106.42','Mozilla/5.0 (Macintosh; Intel Mac OS X 10_15_2) AppleWebKit/537.36 (KHTML, like Gecko) Chrome/78.0.3904.97 Safari/537.36','/siteapi/oneid/user/13899990006/node/','PATCH');
INSERT INTO "oneid_meta_requestaccesslog" VALUES(183,'36.110.106.42','Mozilla/5.0 (Macintosh; Intel Mac OS X 10_15_2) AppleWebKit/537.36 (KHTML, like Gecko) Chrome/78.0.3904.97 Safari/537.36','/siteapi/oneid/user/13899990006/node/','PATCH');
INSERT INTO "oneid_meta_requestaccesslog" VALUES(184,'36.110.106.42','Mozilla/5.0 (Macintosh; Intel Mac OS X 10_15_2) AppleWebKit/537.36 (KHTML, like Gecko) Chrome/78.0.3904.97 Safari/537.36','/siteapi/oneid/user/13899990001/','PATCH');
INSERT INTO "oneid_meta_requestaccesslog" VALUES(185,'36.110.106.42','Mozilla/5.0 (Macintosh; Intel Mac OS X 10_15_2) AppleWebKit/537.36 (KHTML, like Gecko) Chrome/78.0.3904.97 Safari/537.36','/siteapi/oneid/user/13899990001/node/','PATCH');
INSERT INTO "oneid_meta_requestaccesslog" VALUES(186,'36.110.106.42','Mozilla/5.0 (Macintosh; Intel Mac OS X 10_15_2) AppleWebKit/537.36 (KHTML, like Gecko) Chrome/78.0.3904.97 Safari/537.36','/siteapi/oneid/user/13899990001/node/','PATCH');
INSERT INTO "oneid_meta_requestaccesslog" VALUES(187,'36.110.106.42','Mozilla/5.0 (Macintosh; Intel Mac OS X 10_15_2) AppleWebKit/537.36 (KHTML, like Gecko) Chrome/78.0.3904.97 Safari/537.36','/siteapi/oneid/user/13899990002/','PATCH');
INSERT INTO "oneid_meta_requestaccesslog" VALUES(188,'36.110.106.42','Mozilla/5.0 (Macintosh; Intel Mac OS X 10_15_2) AppleWebKit/537.36 (KHTML, like Gecko) Chrome/78.0.3904.97 Safari/537.36','/siteapi/oneid/user/13899990002/node/','PATCH');
INSERT INTO "oneid_meta_requestaccesslog" VALUES(189,'36.110.106.42','Mozilla/5.0 (Macintosh; Intel Mac OS X 10_15_2) AppleWebKit/537.36 (KHTML, like Gecko) Chrome/78.0.3904.97 Safari/537.36','/siteapi/oneid/user/13899990002/node/','PATCH');
INSERT INTO "oneid_meta_requestaccesslog" VALUES(190,'36.110.106.42','Mozilla/5.0 (Macintosh; Intel Mac OS X 10_15_2) AppleWebKit/537.36 (KHTML, like Gecko) Chrome/78.0.3904.97 Safari/537.36','/siteapi/oneid/user/13899990003/','PATCH');
INSERT INTO "oneid_meta_requestaccesslog" VALUES(191,'36.110.106.42','Mozilla/5.0 (Macintosh; Intel Mac OS X 10_15_2) AppleWebKit/537.36 (KHTML, like Gecko) Chrome/78.0.3904.97 Safari/537.36','/siteapi/oneid/user/13899990003/node/','PATCH');
INSERT INTO "oneid_meta_requestaccesslog" VALUES(192,'36.110.106.42','Mozilla/5.0 (Macintosh; Intel Mac OS X 10_15_2) AppleWebKit/537.36 (KHTML, like Gecko) Chrome/78.0.3904.97 Safari/537.36','/siteapi/oneid/user/13899990003/node/','PATCH');
INSERT INTO "oneid_meta_requestaccesslog" VALUES(193,'36.110.106.42','Mozilla/5.0 (Macintosh; Intel Mac OS X 10_15_2) AppleWebKit/537.36 (KHTML, like Gecko) Chrome/78.0.3904.97 Safari/537.36','/siteapi/oneid/user/13899990004/','PATCH');
INSERT INTO "oneid_meta_requestaccesslog" VALUES(194,'36.110.106.42','Mozilla/5.0 (Macintosh; Intel Mac OS X 10_15_2) AppleWebKit/537.36 (KHTML, like Gecko) Chrome/78.0.3904.97 Safari/537.36','/siteapi/oneid/user/13899990004/node/','PATCH');
INSERT INTO "oneid_meta_requestaccesslog" VALUES(195,'36.110.106.42','Mozilla/5.0 (Macintosh; Intel Mac OS X 10_15_2) AppleWebKit/537.36 (KHTML, like Gecko) Chrome/78.0.3904.97 Safari/537.36','/siteapi/oneid/user/13899990004/node/','PATCH');
INSERT INTO "oneid_meta_requestaccesslog" VALUES(196,'36.110.106.42','Mozilla/5.0 (Macintosh; Intel Mac OS X 10_15_2) AppleWebKit/537.36 (KHTML, like Gecko) Chrome/78.0.3904.97 Safari/537.36','/siteapi/oneid/user/13899990005/','PATCH');
INSERT INTO "oneid_meta_requestaccesslog" VALUES(197,'36.110.106.42','Mozilla/5.0 (Macintosh; Intel Mac OS X 10_15_2) AppleWebKit/537.36 (KHTML, like Gecko) Chrome/78.0.3904.97 Safari/537.36','/siteapi/oneid/user/13899990005/node/','PATCH');
INSERT INTO "oneid_meta_requestaccesslog" VALUES(198,'36.110.106.42','Mozilla/5.0 (Macintosh; Intel Mac OS X 10_15_2) AppleWebKit/537.36 (KHTML, like Gecko) Chrome/78.0.3904.97 Safari/537.36','/siteapi/oneid/user/13899990005/node/','PATCH');
INSERT INTO "oneid_meta_requestaccesslog" VALUES(199,'36.110.106.42','Mozilla/5.0 (Macintosh; Intel Mac OS X 10_15_2) AppleWebKit/537.36 (KHTML, like Gecko) Chrome/78.0.3904.97 Safari/537.36','/siteapi/oneid/user/13899990006/','PATCH');
INSERT INTO "oneid_meta_requestaccesslog" VALUES(200,'36.110.106.42','Mozilla/5.0 (Macintosh; Intel Mac OS X 10_15_2) AppleWebKit/537.36 (KHTML, like Gecko) Chrome/78.0.3904.97 Safari/537.36','/siteapi/oneid/user/13899990006/node/','PATCH');
INSERT INTO "oneid_meta_requestaccesslog" VALUES(201,'36.110.106.42','Mozilla/5.0 (Macintosh; Intel Mac OS X 10_15_2) AppleWebKit/537.36 (KHTML, like Gecko) Chrome/78.0.3904.97 Safari/537.36','/siteapi/oneid/user/13899990006/node/','PATCH');
INSERT INTO "oneid_meta_requestaccesslog" VALUES(202,'36.110.106.42','Mozilla/5.0 (Macintosh; Intel Mac OS X 10_15_2) AppleWebKit/537.36 (KHTML, like Gecko) Chrome/78.0.3904.97 Safari/537.36','/siteapi/oneid/user/13899990006/','PATCH');
INSERT INTO "oneid_meta_requestaccesslog" VALUES(203,'36.110.106.42','Mozilla/5.0 (Macintosh; Intel Mac OS X 10_15_2) AppleWebKit/537.36 (KHTML, like Gecko) Chrome/78.0.3904.97 Safari/537.36','/siteapi/oneid/user/13899990006/node/','PATCH');
INSERT INTO "oneid_meta_requestaccesslog" VALUES(204,'36.110.106.42','Mozilla/5.0 (Macintosh; Intel Mac OS X 10_15_2) AppleWebKit/537.36 (KHTML, like Gecko) Chrome/78.0.3904.97 Safari/537.36','/siteapi/oneid/user/13899990006/node/','PATCH');
INSERT INTO "oneid_meta_requestaccesslog" VALUES(205,'36.110.106.42','Mozilla/5.0 (Macintosh; Intel Mac OS X 10_15_2) AppleWebKit/537.36 (KHTML, like Gecko) Chrome/78.0.3904.97 Safari/537.36','/siteapi/oneid/user/13899990007/','PATCH');
INSERT INTO "oneid_meta_requestaccesslog" VALUES(206,'36.110.106.42','Mozilla/5.0 (Macintosh; Intel Mac OS X 10_15_2) AppleWebKit/537.36 (KHTML, like Gecko) Chrome/78.0.3904.97 Safari/537.36','/siteapi/oneid/user/13899990007/node/','PATCH');
INSERT INTO "oneid_meta_requestaccesslog" VALUES(207,'36.110.106.42','Mozilla/5.0 (Macintosh; Intel Mac OS X 10_15_2) AppleWebKit/537.36 (KHTML, like Gecko) Chrome/78.0.3904.97 Safari/537.36','/siteapi/oneid/user/13899990007/node/','PATCH');
INSERT INTO "oneid_meta_requestaccesslog" VALUES(208,'36.110.106.42','Mozilla/5.0 (Macintosh; Intel Mac OS X 10_15_2) AppleWebKit/537.36 (KHTML, like Gecko) Chrome/78.0.3904.97 Safari/537.36','/siteapi/oneid/user/13899990008/','PATCH');
INSERT INTO "oneid_meta_requestaccesslog" VALUES(209,'36.110.106.42','Mozilla/5.0 (Macintosh; Intel Mac OS X 10_15_2) AppleWebKit/537.36 (KHTML, like Gecko) Chrome/78.0.3904.97 Safari/537.36','/siteapi/oneid/user/13899990008/node/','PATCH');
INSERT INTO "oneid_meta_requestaccesslog" VALUES(210,'36.110.106.42','Mozilla/5.0 (Macintosh; Intel Mac OS X 10_15_2) AppleWebKit/537.36 (KHTML, like Gecko) Chrome/78.0.3904.97 Safari/537.36','/siteapi/oneid/user/13899990008/node/','PATCH');
INSERT INTO "oneid_meta_requestaccesslog" VALUES(211,'36.110.106.42','Mozilla/5.0 (Macintosh; Intel Mac OS X 10_15_2) AppleWebKit/537.36 (KHTML, like Gecko) Chrome/78.0.3904.97 Safari/537.36','/siteapi/oneid/user/13899990009/','PATCH');
INSERT INTO "oneid_meta_requestaccesslog" VALUES(212,'36.110.106.42','Mozilla/5.0 (Macintosh; Intel Mac OS X 10_15_2) AppleWebKit/537.36 (KHTML, like Gecko) Chrome/78.0.3904.97 Safari/537.36','/siteapi/oneid/user/13899990009/node/','PATCH');
INSERT INTO "oneid_meta_requestaccesslog" VALUES(213,'36.110.106.42','Mozilla/5.0 (Macintosh; Intel Mac OS X 10_15_2) AppleWebKit/537.36 (KHTML, like Gecko) Chrome/78.0.3904.97 Safari/537.36','/siteapi/oneid/user/13899990009/node/','PATCH');
INSERT INTO "oneid_meta_requestaccesslog" VALUES(214,'36.110.106.42','Mozilla/5.0 (Macintosh; Intel Mac OS X 10_15_2) AppleWebKit/537.36 (KHTML, like Gecko) Chrome/78.0.3904.97 Safari/537.36','/siteapi/oneid/user/','POST');
INSERT INTO "oneid_meta_requestaccesslog" VALUES(215,'36.110.106.42','Mozilla/5.0 (Macintosh; Intel Mac OS X 10_15_2) AppleWebKit/537.36 (KHTML, like Gecko) Chrome/78.0.3904.97 Safari/537.36','/siteapi/oneid/user/','POST');
INSERT INTO "oneid_meta_requestaccesslog" VALUES(216,'36.110.106.42','Mozilla/5.0 (Macintosh; Intel Mac OS X 10_15_2) AppleWebKit/537.36 (KHTML, like Gecko) Chrome/78.0.3904.97 Safari/537.36','/siteapi/oneid/user/13899990010/','PATCH');
INSERT INTO "oneid_meta_requestaccesslog" VALUES(217,'36.110.106.42','Mozilla/5.0 (Macintosh; Intel Mac OS X 10_15_2) AppleWebKit/537.36 (KHTML, like Gecko) Chrome/78.0.3904.97 Safari/537.36','/siteapi/oneid/user/13899990010/node/','PATCH');
INSERT INTO "oneid_meta_requestaccesslog" VALUES(218,'36.110.106.42','Mozilla/5.0 (Macintosh; Intel Mac OS X 10_15_2) AppleWebKit/537.36 (KHTML, like Gecko) Chrome/78.0.3904.97 Safari/537.36','/siteapi/oneid/user/13899990010/node/','PATCH');
INSERT INTO "oneid_meta_requestaccesslog" VALUES(219,'36.110.106.42','Mozilla/5.0 (Macintosh; Intel Mac OS X 10_15_2) AppleWebKit/605.1.15 (KHTML, like Gecko) Version/13.0.4 Safari/605.1.15','/siteapi/oneid/ucenter/login/','POST');
INSERT INTO "oneid_meta_requestaccesslog" VALUES(220,'36.110.106.42','Mozilla/5.0 (Macintosh; Intel Mac OS X 10_15_2) AppleWebKit/537.36 (KHTML, like Gecko) Chrome/78.0.3904.97 Safari/537.36','/siteapi/oneid/app/','POST');
INSERT INTO "oneid_meta_requestaccesslog" VALUES(221,'36.110.106.42','Mozilla/5.0 (Macintosh; Intel Mac OS X 10_15_2) AppleWebKit/537.36 (KHTML, like Gecko) Chrome/78.0.3904.97 Safari/537.36','/siteapi/oneid/app/','POST');
INSERT INTO "oneid_meta_requestaccesslog" VALUES(222,'36.110.106.42','Mozilla/5.0 (Macintosh; Intel Mac OS X 10_15_2) AppleWebKit/537.36 (KHTML, like Gecko) Chrome/78.0.3904.97 Safari/537.36','/siteapi/oneid/app/','POST');
INSERT INTO "oneid_meta_requestaccesslog" VALUES(223,'36.110.106.42','Mozilla/5.0 (Macintosh; Intel Mac OS X 10_15_2) AppleWebKit/537.36 (KHTML, like Gecko) Chrome/78.0.3904.97 Safari/537.36','/siteapi/oneid/app/','POST');
INSERT INTO "oneid_meta_requestaccesslog" VALUES(224,'36.110.106.42','Mozilla/5.0 (Macintosh; Intel Mac OS X 10_15_2) AppleWebKit/537.36 (KHTML, like Gecko) Chrome/78.0.3904.97 Safari/537.36','/siteapi/oneid/app/','POST');
INSERT INTO "oneid_meta_requestaccesslog" VALUES(225,'36.110.106.42','Mozilla/5.0 (Macintosh; Intel Mac OS X 10_15_2) AppleWebKit/537.36 (KHTML, like Gecko) Chrome/78.0.3904.97 Safari/537.36','/siteapi/oneid/app/','POST');
INSERT INTO "oneid_meta_requestaccesslog" VALUES(226,'36.110.106.42','Mozilla/5.0 (Macintosh; Intel Mac OS X 10_15_2) AppleWebKit/537.36 (KHTML, like Gecko) Chrome/78.0.3904.97 Safari/537.36','/siteapi/oneid/app/','POST');
INSERT INTO "oneid_meta_requestaccesslog" VALUES(227,'36.110.106.42','Mozilla/5.0 (Macintosh; Intel Mac OS X 10_15_2) AppleWebKit/537.36 (KHTML, like Gecko) Chrome/78.0.3904.97 Safari/537.36','/siteapi/oneid/app/','POST');
INSERT INTO "oneid_meta_requestaccesslog" VALUES(228,'36.110.106.42','Mozilla/5.0 (Macintosh; Intel Mac OS X 10_15_2) AppleWebKit/537.36 (KHTML, like Gecko) Chrome/78.0.3904.97 Safari/537.36','/siteapi/oneid/app/','POST');
INSERT INTO "oneid_meta_requestaccesslog" VALUES(229,'36.110.106.42','Mozilla/5.0 (Macintosh; Intel Mac OS X 10_15_2) AppleWebKit/537.36 (KHTML, like Gecko) Chrome/78.0.3904.97 Safari/537.36','/siteapi/oneid/app/','POST');
INSERT INTO "oneid_meta_requestaccesslog" VALUES(230,'36.110.106.42','Mozilla/5.0 (Macintosh; Intel Mac OS X 10_15_2) AppleWebKit/537.36 (KHTML, like Gecko) Chrome/78.0.3904.97 Safari/537.36','/siteapi/oneid/ucenter/login/','POST');
INSERT INTO "oneid_meta_requestaccesslog" VALUES(231,'36.110.106.42','Mozilla/5.0 (Macintosh; Intel Mac OS X 10_15_2) AppleWebKit/537.36 (KHTML, like Gecko) Chrome/78.0.3904.97 Safari/537.36','/siteapi/oneid/ucenter/login/','POST');
INSERT INTO "oneid_meta_requestaccesslog" VALUES(232,'36.110.106.42','Mozilla/5.0 (Macintosh; Intel Mac OS X 10_15_2) AppleWebKit/537.36 (KHTML, like Gecko) Chrome/78.0.3904.97 Safari/537.36','/siteapi/oneid/ucenter/login/','POST');
INSERT INTO "oneid_meta_requestaccesslog" VALUES(233,'36.110.106.42','Mozilla/5.0 (Macintosh; Intel Mac OS X 10_15_2) AppleWebKit/537.36 (KHTML, like Gecko) Chrome/78.0.3904.97 Safari/537.36','/siteapi/oneid/ucenter/login/','POST');
INSERT INTO "oneid_meta_requestaccesslog" VALUES(234,'36.110.106.42','Mozilla/5.0 (Macintosh; Intel Mac OS X 10_15_2) AppleWebKit/537.36 (KHTML, like Gecko) Chrome/78.0.3904.97 Safari/537.36','/siteapi/oneid/ucenter/login/','POST');
INSERT INTO "oneid_meta_requestaccesslog" VALUES(235,'36.110.106.42','Mozilla/5.0 (Macintosh; Intel Mac OS X 10_15_2) AppleWebKit/537.36 (KHTML, like Gecko) Chrome/79.0.3945.79 Safari/537.36','/siteapi/oneid/ucenter/login/','POST');
INSERT INTO "oneid_meta_requestaccesslog" VALUES(236,'36.110.106.42','Mozilla/5.0 (Macintosh; Intel Mac OS X 10_15_2) AppleWebKit/537.36 (KHTML, like Gecko) Chrome/79.0.3945.79 Safari/537.36','/siteapi/oneid/ucenter/login/','POST');
CREATE TABLE "oneid_meta_requestdataclientlog" ("id" integer NOT NULL PRIMARY KEY AUTOINCREMENT, "content" text NULL, "content_type" text NULL);
INSERT INTO "oneid_meta_requestdataclientlog" VALUES(1,'{"password":"******","username":"admin"}','application/json');
INSERT INTO "oneid_meta_requestdataclientlog" VALUES(2,'{"username":"admin","password":"******"}','application/json');
INSERT INTO "oneid_meta_requestdataclientlog" VALUES(3,'{"password":"******","username":"admin"}','application/json');
INSERT INTO "oneid_meta_requestdataclientlog" VALUES(4,'{"sms_config":{"vendor":"aliyun","access_key":"LTAIOWvU6MD0np72","access_secret":"******","template_code":"SMS_158010015","signature":"龙归科技"}}','application/json');
INSERT INTO "oneid_meta_requestdataclientlog" VALUES(5,'{"account_config":{"allow_register":true,"allow_mobile":true,"allow_email":false,"allow_ding_qr":false,"allow_alipay_qr":false,"allow_work_wechat_qr":false,"allow_wechat_qr":false,"allow_qq_qr":false}}','application/json');
INSERT INTO "oneid_meta_requestdataclientlog" VALUES(6,'{"password":"******","username":"admin"}','application/json');
INSERT INTO "oneid_meta_requestdataclientlog" VALUES(7,'{"account_config":{"allow_register":true,"allow_mobile":true,"allow_email":false,"allow_ding_qr":false,"allow_alipay_qr":false,"allow_work_wechat_qr":false,"allow_wechat_qr":false,"allow_qq_qr":false}}','application/json');
INSERT INTO "oneid_meta_requestdataclientlog" VALUES(8,'{"sms_token":"******","password":"******","username":"dept1"}','application/json');
INSERT INTO "oneid_meta_requestdataclientlog" VALUES(9,'{"sms_token":"******","password":"******","username":"dept1"}','application/json');
INSERT INTO "oneid_meta_requestdataclientlog" VALUES(10,'{"sms_token":"******","password":"******","username":"dept2"}','application/json');
INSERT INTO "oneid_meta_requestdataclientlog" VALUES(11,'{"sms_token":"******","password":"******","username":"dept2"}','application/json');
INSERT INTO "oneid_meta_requestdataclientlog" VALUES(12,'{"sms_token":"******","password":"******","username":"13899990001"}','application/json');
INSERT INTO "oneid_meta_requestdataclientlog" VALUES(13,'{"sms_token":"******","password":"******","username":"13899990001"}','application/json');
INSERT INTO "oneid_meta_requestdataclientlog" VALUES(14,'{"sms_token":"******","password":"******","username":"13899990002"}','application/json');
INSERT INTO "oneid_meta_requestdataclientlog" VALUES(15,'{"sms_token":"******","password":"******","username":"13899990002"}','application/json');
INSERT INTO "oneid_meta_requestdataclientlog" VALUES(16,'{"sms_token":"******","password":"******","username":"13899990003"}','application/json');
INSERT INTO "oneid_meta_requestdataclientlog" VALUES(17,'{"sms_token":"******","password":"******","username":"13899990003"}','application/json');
INSERT INTO "oneid_meta_requestdataclientlog" VALUES(18,'{"sms_token":"******","password":"******","username":"13899990004"}','application/json');
INSERT INTO "oneid_meta_requestdataclientlog" VALUES(19,'{"sms_token":"******","password":"******","username":"13899990004"}','application/json');
INSERT INTO "oneid_meta_requestdataclientlog" VALUES(20,'{"sms_token":"******","password":"******","username":"13899990005"}','application/json');
INSERT INTO "oneid_meta_requestdataclientlog" VALUES(21,'{"sms_token":"******","password":"******","username":"13899990005"}','application/json');
INSERT INTO "oneid_meta_requestdataclientlog" VALUES(22,'{"sms_token":"******","password":"******","username":"13899990006"}','application/json');
INSERT INTO "oneid_meta_requestdataclientlog" VALUES(23,'{"sms_token":"******","password":"******","username":"13899990006"}','application/json');
INSERT INTO "oneid_meta_requestdataclientlog" VALUES(24,'{"sms_token":"******","password":"******","username":"13899990007"}','application/json');
INSERT INTO "oneid_meta_requestdataclientlog" VALUES(25,'{"sms_token":"******","password":"******","username":"13899990007"}','application/json');
INSERT INTO "oneid_meta_requestdataclientlog" VALUES(26,'{"sms_token":"******","password":"******","username":"13899990008"}','application/json');
INSERT INTO "oneid_meta_requestdataclientlog" VALUES(27,'{"sms_token":"******","password":"******","username":"13899990008"}','application/json');
INSERT INTO "oneid_meta_requestdataclientlog" VALUES(28,'{"sms_token":"******","password":"******","username":"13899990009"}','application/json');
INSERT INTO "oneid_meta_requestdataclientlog" VALUES(29,'{"sms_token":"******","password":"******","username":"13899990009"}','application/json');
INSERT INTO "oneid_meta_requestdataclientlog" VALUES(30,'{"password":"******","username":"admin"}','application/json');
INSERT INTO "oneid_meta_requestdataclientlog" VALUES(31,'{"node_uid":"","name":"部门一","visibility":1,"node_scope":[],"user_scope":[],"manager_group":{"nodes":[],"users":[],"perms":[],"apps":[],"scope_subject":1},"users":[]}','application/json');
INSERT INTO "oneid_meta_requestdataclientlog" VALUES(32,'{"node_uid":"","name":"部门二","visibility":1,"node_scope":[],"user_scope":[],"manager_group":{"nodes":[],"users":[],"perms":[],"apps":[],"scope_subject":1},"users":[]}','application/json');
INSERT INTO "oneid_meta_requestdataclientlog" VALUES(33,'{"node_uid":"d_bumener","name":"部门二","visibility":2,"node_scope":[],"user_scope":[],"users":[]}','application/json');
INSERT INTO "oneid_meta_requestdataclientlog" VALUES(34,'{"node_uids":["d_bumener"],"subject":"add"}','application/json');
INSERT INTO "oneid_meta_requestdataclientlog" VALUES(35,'{"node_uid":"","name":"部门三","visibility":3,"node_scope":[],"user_scope":[],"manager_group":{"nodes":[],"users":[],"perms":[],"apps":[],"scope_subject":1},"users":[]}','application/json');
INSERT INTO "oneid_meta_requestdataclientlog" VALUES(36,'{"node_uid":"d_bumenyi","name":"所有可见部门","visibility":1,"node_scope":[],"user_scope":[],"users":[]}','application/json');
INSERT INTO "oneid_meta_requestdataclientlog" VALUES(37,'{"node_uids":["d_bumenyi"],"subject":"add"}','application/json');
INSERT INTO "oneid_meta_requestdataclientlog" VALUES(38,'{"node_uid":"d_bumener","name":"部门（组内可见下属不可见）","visibility":2,"node_scope":[],"user_scope":[],"users":[]}','application/json');
INSERT INTO "oneid_meta_requestdataclientlog" VALUES(39,'{"node_uids":["d_bumener"],"subject":"add"}','application/json');
INSERT INTO "oneid_meta_requestdataclientlog" VALUES(40,'{"node_uid":"d_bumenyi","name":"部门（所有可见）","visibility":1,"node_scope":[],"user_scope":[],"users":[]}','application/json');
INSERT INTO "oneid_meta_requestdataclientlog" VALUES(41,'{"node_uids":["d_bumenyi"],"subject":"add"}','application/json');
INSERT INTO "oneid_meta_requestdataclientlog" VALUES(42,'{"node_uid":"d_bumenyi","name":"部门一（所有可见）","visibility":1,"node_scope":[],"user_scope":[],"users":[]}','application/json');
INSERT INTO "oneid_meta_requestdataclientlog" VALUES(43,'{"node_uids":["d_bumenyi"],"subject":"add"}','application/json');
INSERT INTO "oneid_meta_requestdataclientlog" VALUES(44,'{"node_uid":"d_bumener","name":"部门二（组内可见下属不可见）","visibility":2,"node_scope":[],"user_scope":[],"users":[]}','application/json');
INSERT INTO "oneid_meta_requestdataclientlog" VALUES(45,'{"node_uids":["d_bumener"],"subject":"add"}','application/json');
INSERT INTO "oneid_meta_requestdataclientlog" VALUES(46,'{"node_uid":"d_bumensan","name":"部门三（组内成员及下属分组可见）","visibility":3,"node_scope":[],"user_scope":[],"users":[]}','application/json');
INSERT INTO "oneid_meta_requestdataclientlog" VALUES(47,'{"node_uids":["d_bumensan"],"subject":"add"}','application/json');
INSERT INTO "oneid_meta_requestdataclientlog" VALUES(48,'{"node_uid":"","name":"部门四（所有人不可见）","visibility":5,"node_scope":[],"user_scope":[],"manager_group":{"nodes":[],"users":[],"perms":[],"apps":[],"scope_subject":1},"users":[]}','application/json');
INSERT INTO "oneid_meta_requestdataclientlog" VALUES(49,'{"node_uid":"","name":"部门五（部分人可见）","visibility":4,"node_scope":[],"user_scope":[],"manager_group":{"nodes":[],"users":[],"perms":[],"apps":[],"scope_subject":1},"users":[]}','application/json');
INSERT INTO "oneid_meta_requestdataclientlog" VALUES(50,'{"node_uid":"","name":"部门一（一）","visibility":1,"node_scope":[],"user_scope":[],"manager_group":{"nodes":[],"users":[],"perms":[],"apps":[],"scope_subject":1},"users":[]}','application/json');
INSERT INTO "oneid_meta_requestdataclientlog" VALUES(51,'{"node_uid":"","name":"部门一（二）","visibility":2,"node_scope":[],"user_scope":[],"manager_group":{"nodes":[],"users":[],"perms":[],"apps":[],"scope_subject":1},"users":[]}','application/json');
INSERT INTO "oneid_meta_requestdataclientlog" VALUES(52,'{"node_uid":"","name":"部门一（三）","visibility":3,"node_scope":[],"user_scope":[],"manager_group":{"nodes":[],"users":[],"perms":[],"apps":[],"scope_subject":1},"users":[]}','application/json');
INSERT INTO "oneid_meta_requestdataclientlog" VALUES(53,'{"node_uid":"","name":"部门一（四）","visibility":5,"node_scope":[],"user_scope":[],"manager_group":{"nodes":[],"users":[],"perms":[],"apps":[],"scope_subject":1},"users":[]}','application/json');
INSERT INTO "oneid_meta_requestdataclientlog" VALUES(54,'{"node_uid":"","name":"部门一（五）","visibility":4,"node_scope":[],"user_scope":[],"manager_group":{"nodes":[],"users":[],"perms":[],"apps":[],"scope_subject":1},"users":[]}','application/json');
INSERT INTO "oneid_meta_requestdataclientlog" VALUES(55,'{"node_uid":"","name":"部门二（一）","visibility":1,"node_scope":[],"user_scope":[],"manager_group":{"nodes":[],"users":[],"perms":[],"apps":[],"scope_subject":1},"users":[]}','application/json');
INSERT INTO "oneid_meta_requestdataclientlog" VALUES(56,'{"node_uid":"","name":"部门二（二）","visibility":2,"node_scope":[],"user_scope":[],"manager_group":{"nodes":[],"users":[],"perms":[],"apps":[],"scope_subject":1},"users":[]}','application/json');
INSERT INTO "oneid_meta_requestdataclientlog" VALUES(57,'{"node_uid":"","name":"部门二（三）","visibility":3,"node_scope":[],"user_scope":[],"manager_group":{"nodes":[],"users":[],"perms":[],"apps":[],"scope_subject":1},"users":[]}','application/json');
INSERT INTO "oneid_meta_requestdataclientlog" VALUES(58,'{"node_uid":"","name":"部门二（四）","visibility":5,"node_scope":[],"user_scope":[],"manager_group":{"nodes":[],"users":[],"perms":[],"apps":[],"scope_subject":1},"users":[]}','application/json');
INSERT INTO "oneid_meta_requestdataclientlog" VALUES(59,'{"node_uid":"","name":"部门二（五）","visibility":4,"node_scope":[],"user_scope":[],"manager_group":{"nodes":[],"users":[],"perms":[],"apps":[],"scope_subject":1},"users":[]}','application/json');
INSERT INTO "oneid_meta_requestdataclientlog" VALUES(60,'{"node_uid":"","name":"角色一","visibility":1,"node_scope":[],"user_scope":[],"manager_group":{"nodes":[],"users":[],"perms":[],"apps":[],"scope_subject":1},"users":[]}','application/json');
INSERT INTO "oneid_meta_requestdataclientlog" VALUES(61,'{"node_uid":"","name":"角色一（一）","visibility":1,"node_scope":[],"user_scope":[],"manager_group":{"nodes":[],"users":[],"perms":[],"apps":[],"scope_subject":1},"users":[]}','application/json');
INSERT INTO "oneid_meta_requestdataclientlog" VALUES(62,'{"node_uid":"","name":"角色一（二）","visibility":2,"node_scope":[],"user_scope":[],"manager_group":{"nodes":[],"users":[],"perms":[],"apps":[],"scope_subject":1},"users":[]}','application/json');
INSERT INTO "oneid_meta_requestdataclientlog" VALUES(63,'{"node_uid":"","name":"角色一（三）","visibility":3,"node_scope":[],"user_scope":[],"manager_group":{"nodes":[],"users":[],"perms":[],"apps":[],"scope_subject":1},"users":[]}','application/json');
INSERT INTO "oneid_meta_requestdataclientlog" VALUES(64,'{"node_uid":"","name":"角色一（四）","visibility":5,"node_scope":[],"user_scope":[],"manager_group":{"nodes":[],"users":[],"perms":[],"apps":[],"scope_subject":1},"users":[]}','application/json');
INSERT INTO "oneid_meta_requestdataclientlog" VALUES(65,'{"node_uid":"","name":"角色一（五）","visibility":4,"node_scope":[],"user_scope":[],"manager_group":{"nodes":[],"users":[],"perms":[],"apps":[],"scope_subject":1},"users":[]}','application/json');
INSERT INTO "oneid_meta_requestdataclientlog" VALUES(66,'{"node_uid":"","name":"角色二","visibility":2,"node_scope":[],"user_scope":[],"manager_group":{"nodes":[],"users":[],"perms":[],"apps":[],"scope_subject":1},"users":[]}','application/json');
INSERT INTO "oneid_meta_requestdataclientlog" VALUES(67,'{"node_uid":"","name":"角色三","visibility":3,"node_scope":[],"user_scope":[],"manager_group":{"nodes":[],"users":[],"perms":[],"apps":[],"scope_subject":1},"users":[]}','application/json');
INSERT INTO "oneid_meta_requestdataclientlog" VALUES(68,'{"node_uid":"","name":"角色四","visibility":5,"node_scope":[],"user_scope":[],"manager_group":{"nodes":[],"users":[],"perms":[],"apps":[],"scope_subject":1},"users":[]}','application/json');
INSERT INTO "oneid_meta_requestdataclientlog" VALUES(69,'{"node_uid":"","name":"角色五","visibility":4,"node_scope":[],"user_scope":[],"manager_group":{"nodes":[],"users":[],"perms":[],"apps":[],"scope_subject":1},"users":[]}','application/json');
INSERT INTO "oneid_meta_requestdataclientlog" VALUES(70,'{"username":"13899990001","password":"******","sms_token":"******","key":"gAAAAABdz8dsyvAFRUmsHUlb078g4Fi-20B6GyND6HzbbRDbd8iSEVqEKiaHcRy3eDBUneB9D8flI3tzpLZQ_zY_lmi3uCsz1GbrCHYO7ICN60lbBEtBuBVwxJz3P8z0GGmVAWvk4P9J7DeCnc4tGxge34Wt2iqaB8dYL1LKn6ocj9tF3V87eXFtcaUIQb47p4Me_lLuE43NMGVrrN3H3E3kTeYWS_6ioTxJ9mIpXGo1M2B8ZCG5u1lbW_WE620o1UvytdAAav85"}','application/json');
INSERT INTO "oneid_meta_requestdataclientlog" VALUES(71,'{"username":"13899990001","password":"******","sms_token":"******","key":"gAAAAABdz8dsyvAFRUmsHUlb078g4Fi-20B6GyND6HzbbRDbd8iSEVqEKiaHcRy3eDBUneB9D8flI3tzpLZQ_zY_lmi3uCsz1GbrCHYO7ICN60lbBEtBuBVwxJz3P8z0GGmVAWvk4P9J7DeCnc4tGxge34Wt2iqaB8dYL1LKn6ocj9tF3V87eXFtcaUIQb47p4Me_lLuE43NMGVrrN3H3E3kTeYWS_6ioTxJ9mIpXGo1M2B8ZCG5u1lbW_WE620o1UvytdAAav85"}','application/json');
INSERT INTO "oneid_meta_requestdataclientlog" VALUES(72,'{"username":"13899990002","password":"******","sms_token":"******","key":"gAAAAABdz8eQi0G217kP6NFwgT5WVNZ_ILJMrj8h9AIreveUYT6sxyemU4LzLbZO6ZUDK_lLbH9S6MlkAzYjrXUel3wUcyz8LYFbG6r3BCuLG8JGSy-sghdjaJHlRStvAg8AEHhDiL_uYO8XHuIkYmzPvMcB6aThQcezRGhFytKk8BzVJBXfn-uqIdFBXOuFvfQ7yqISk5W0Qo22UO4felkfwBNJ1PmwmRrjQeTXGFAnz_8ST-UcTPQYsqUHnWVO9bzWZIUW4_zA"}','application/json');
INSERT INTO "oneid_meta_requestdataclientlog" VALUES(73,'{"username":"13899990002","password":"******","sms_token":"******","key":"gAAAAABdz8eQi0G217kP6NFwgT5WVNZ_ILJMrj8h9AIreveUYT6sxyemU4LzLbZO6ZUDK_lLbH9S6MlkAzYjrXUel3wUcyz8LYFbG6r3BCuLG8JGSy-sghdjaJHlRStvAg8AEHhDiL_uYO8XHuIkYmzPvMcB6aThQcezRGhFytKk8BzVJBXfn-uqIdFBXOuFvfQ7yqISk5W0Qo22UO4felkfwBNJ1PmwmRrjQeTXGFAnz_8ST-UcTPQYsqUHnWVO9bzWZIUW4_zA"}','application/json');
INSERT INTO "oneid_meta_requestdataclientlog" VALUES(74,'{"username":"13899990003","password":"******","sms_token":"******","key":"gAAAAABdz8eq4mj9zsgSgyJ0Y54wDYDhID755CELDMX9CExiW1bOxLtRLmW4eZY6VKnkV4B50ZI08eEuIIrw7MqN4v0vIbhMx9bCnGWShwNNRCCIGkHWBqWzd6OLe0BUndLSkdhqmMUES4GjLEwkdEodHuOmE7TaygHmY5GVO-SfSbOylwMxBqfw6f9wcvITjRHBCLwEBYIgIrKCjlnWdY0TSi_30D74Nwy8oy6MQUaFoZnklTUXn1hog3xsDmGNZcLLrYBtcMQ0"}','application/json');
INSERT INTO "oneid_meta_requestdataclientlog" VALUES(75,'{"username":"13899990003","password":"******","sms_token":"******","key":"gAAAAABdz8eq4mj9zsgSgyJ0Y54wDYDhID755CELDMX9CExiW1bOxLtRLmW4eZY6VKnkV4B50ZI08eEuIIrw7MqN4v0vIbhMx9bCnGWShwNNRCCIGkHWBqWzd6OLe0BUndLSkdhqmMUES4GjLEwkdEodHuOmE7TaygHmY5GVO-SfSbOylwMxBqfw6f9wcvITjRHBCLwEBYIgIrKCjlnWdY0TSi_30D74Nwy8oy6MQUaFoZnklTUXn1hog3xsDmGNZcLLrYBtcMQ0"}','application/json');
INSERT INTO "oneid_meta_requestdataclientlog" VALUES(76,'{"password":"******","username":"admin"}','application/json');
INSERT INTO "oneid_meta_requestdataclientlog" VALUES(77,'{"password":"******","username":"13899990001"}','application/json');
INSERT INTO "oneid_meta_requestdataclientlog" VALUES(78,'{"password":"******","username":"admin"}','application/json');
INSERT INTO "oneid_meta_requestdataclientlog" VALUES(79,'{"password":"******","username":"13899990002"}','application/json');
INSERT INTO "oneid_meta_requestdataclientlog" VALUES(80,'{"password":"******","username":"13899990003"}','application/json');
INSERT INTO "oneid_meta_requestdataclientlog" VALUES(81,'{"password":"******","username":"13899990004"}','application/json');
INSERT INTO "oneid_meta_requestdataclientlog" VALUES(82,'{"password":"******","username":"13899990005"}','application/json');
INSERT INTO "oneid_meta_requestdataclientlog" VALUES(83,'{"password":"******","username":"13899990006"}','application/json');
INSERT INTO "oneid_meta_requestdataclientlog" VALUES(84,'{"password":"******","username":"13899990007"}','application/json');
INSERT INTO "oneid_meta_requestdataclientlog" VALUES(85,'{"password":"******","username":"13899990008"}','application/json');
INSERT INTO "oneid_meta_requestdataclientlog" VALUES(86,'{"password":"******","username":"13899990009"}','application/json');
INSERT INTO "oneid_meta_requestdataclientlog" VALUES(87,'{"password":"******","username":"admin"}','application/json');
INSERT INTO "oneid_meta_requestdataclientlog" VALUES(88,'{"node_uid":"","name":"角色二（一）","visibility":1,"node_scope":[],"user_scope":[],"manager_group":{"nodes":[],"users":[],"perms":[],"apps":[],"scope_subject":1},"users":[]}','application/json');
INSERT INTO "oneid_meta_requestdataclientlog" VALUES(89,'{"node_uid":"","name":"角色二（二）","visibility":2,"node_scope":[],"user_scope":[],"manager_group":{"nodes":[],"users":[],"perms":[],"apps":[],"scope_subject":1},"users":[]}','application/json');
INSERT INTO "oneid_meta_requestdataclientlog" VALUES(90,'{"node_uid":"","name":"角色二（三）","visibility":3,"node_scope":[],"user_scope":[],"manager_group":{"nodes":[],"users":[],"perms":[],"apps":[],"scope_subject":1},"users":[]}','application/json');
INSERT INTO "oneid_meta_requestdataclientlog" VALUES(91,'{"node_uid":"","name":"角色二（四）","visibility":5,"node_scope":[],"user_scope":[],"manager_group":{"nodes":[],"users":[],"perms":[],"apps":[],"scope_subject":1},"users":[]}','application/json');
INSERT INTO "oneid_meta_requestdataclientlog" VALUES(92,'{"node_uid":"","name":"角色二（五）","visibility":4,"node_scope":[],"user_scope":[],"manager_group":{"nodes":[],"users":[],"perms":[],"apps":[],"scope_subject":1},"users":[]}','application/json');
INSERT INTO "oneid_meta_requestdataclientlog" VALUES(93,'{"node_uid":"","name":"标签一","visibility":1,"node_scope":[],"user_scope":[],"manager_group":{"nodes":[],"users":[],"perms":[],"apps":[],"scope_subject":1},"users":[]}','application/json');
INSERT INTO "oneid_meta_requestdataclientlog" VALUES(94,'{"node_uid":"","name":"标签二","visibility":2,"node_scope":[],"user_scope":[],"manager_group":{"nodes":[],"users":[],"perms":[],"apps":[],"scope_subject":1},"users":[]}','application/json');
INSERT INTO "oneid_meta_requestdataclientlog" VALUES(95,'{"node_uid":"","name":"标签三","visibility":3,"node_scope":[],"user_scope":[],"manager_group":{"nodes":[],"users":[],"perms":[],"apps":[],"scope_subject":1},"users":[]}','application/json');
INSERT INTO "oneid_meta_requestdataclientlog" VALUES(96,'{"node_uid":"","name":"标签四","visibility":5,"node_scope":[],"user_scope":[],"manager_group":{"nodes":[],"users":[],"perms":[],"apps":[],"scope_subject":1},"users":[]}','application/json');
INSERT INTO "oneid_meta_requestdataclientlog" VALUES(97,'{"node_uid":"","name":"标签五","visibility":4,"node_scope":[],"user_scope":[],"manager_group":{"nodes":[],"users":[],"perms":[],"apps":[],"scope_subject":1},"users":[]}','application/json');
INSERT INTO "oneid_meta_requestdataclientlog" VALUES(98,'{"node_uid":"","name":"部门三（一）","visibility":1,"node_scope":[],"user_scope":[],"manager_group":{"nodes":[],"users":[],"perms":[],"apps":[],"scope_subject":1},"users":[]}','application/json');
INSERT INTO "oneid_meta_requestdataclientlog" VALUES(99,'{"node_uid":"","name":"部门四（一）","visibility":1,"node_scope":[],"user_scope":[],"manager_group":{"nodes":[],"users":[],"perms":[],"apps":[],"scope_subject":1},"users":[]}','application/json');
INSERT INTO "oneid_meta_requestdataclientlog" VALUES(100,'{"node_uid":"","name":"部门五（一）","visibility":1,"node_scope":[],"user_scope":[],"manager_group":{"nodes":[],"users":[],"perms":[],"apps":[],"scope_subject":1},"users":[]}','application/json');
INSERT INTO "oneid_meta_requestdataclientlog" VALUES(101,'{"node_uid":"","name":"角色三（一）","visibility":1,"node_scope":[],"user_scope":[],"manager_group":{"nodes":[],"users":[],"perms":[],"apps":[],"scope_subject":1},"users":[]}','application/json');
INSERT INTO "oneid_meta_requestdataclientlog" VALUES(102,'{"node_uid":"","name":"角色四（一）","visibility":1,"node_scope":[],"user_scope":[],"manager_group":{"nodes":[],"users":[],"perms":[],"apps":[],"scope_subject":1},"users":[]}','application/json');
INSERT INTO "oneid_meta_requestdataclientlog" VALUES(103,'{"node_uid":"","name":"角色五（一）","visibility":1,"node_scope":[],"user_scope":[],"manager_group":{"nodes":[],"users":[],"perms":[],"apps":[],"scope_subject":1},"users":[]}','application/json');
INSERT INTO "oneid_meta_requestdataclientlog" VALUES(104,'{"node_uid":"","name":"标签一（一）","visibility":1,"node_scope":[],"user_scope":[],"manager_group":{"nodes":[],"users":[],"perms":[],"apps":[],"scope_subject":1},"users":[]}','application/json');
INSERT INTO "oneid_meta_requestdataclientlog" VALUES(105,'{"node_uid":"","name":"标签一（二）","visibility":2,"node_scope":[],"user_scope":[],"manager_group":{"nodes":[],"users":[],"perms":[],"apps":[],"scope_subject":1},"users":[]}','application/json');
INSERT INTO "oneid_meta_requestdataclientlog" VALUES(106,'{"node_uid":"","name":"标签一（三）","visibility":3,"node_scope":[],"user_scope":[],"manager_group":{"nodes":[],"users":[],"perms":[],"apps":[],"scope_subject":1},"users":[]}','application/json');
INSERT INTO "oneid_meta_requestdataclientlog" VALUES(107,'{"node_uid":"","name":"标签一（四）","visibility":5,"node_scope":[],"user_scope":[],"manager_group":{"nodes":[],"users":[],"perms":[],"apps":[],"scope_subject":1},"users":[]}','application/json');
INSERT INTO "oneid_meta_requestdataclientlog" VALUES(108,'{"node_uid":"","name":"标签一（五）","visibility":4,"node_scope":[],"user_scope":[],"manager_group":{"nodes":[],"users":[],"perms":[],"apps":[],"scope_subject":1},"users":[]}','application/json');
INSERT INTO "oneid_meta_requestdataclientlog" VALUES(109,'{"node_uid":"","name":"标签二（一）","visibility":1,"node_scope":[],"user_scope":[],"manager_group":{"nodes":[],"users":[],"perms":[],"apps":[],"scope_subject":1},"users":[]}','application/json');
INSERT INTO "oneid_meta_requestdataclientlog" VALUES(110,'{"node_uid":"","name":"标签二（二）","visibility":2,"node_scope":[],"user_scope":[],"manager_group":{"nodes":[],"users":[],"perms":[],"apps":[],"scope_subject":1},"users":[]}','application/json');
INSERT INTO "oneid_meta_requestdataclientlog" VALUES(111,'{"node_uid":"","name":"标签二（三）","visibility":3,"node_scope":[],"user_scope":[],"manager_group":{"nodes":[],"users":[],"perms":[],"apps":[],"scope_subject":1},"users":[]}','application/json');
INSERT INTO "oneid_meta_requestdataclientlog" VALUES(112,'{"node_uid":"","name":"标签二（四）","visibility":5,"node_scope":[],"user_scope":[],"manager_group":{"nodes":[],"users":[],"perms":[],"apps":[],"scope_subject":1},"users":[]}','application/json');
INSERT INTO "oneid_meta_requestdataclientlog" VALUES(113,'{"node_uid":"","name":"标签二（五）","visibility":4,"node_scope":[],"user_scope":[],"manager_group":{"nodes":[],"users":[],"perms":[],"apps":[],"scope_subject":1},"users":[]}','application/json');
INSERT INTO "oneid_meta_requestdataclientlog" VALUES(114,'{"node_uid":"","name":"标签三（一）","visibility":1,"node_scope":[],"user_scope":[],"manager_group":{"nodes":[],"users":[],"perms":[],"apps":[],"scope_subject":1},"users":[]}','application/json');
INSERT INTO "oneid_meta_requestdataclientlog" VALUES(115,'{"node_uid":"","name":"标签四（一）","visibility":1,"node_scope":[],"user_scope":[],"manager_group":{"nodes":[],"users":[],"perms":[],"apps":[],"scope_subject":1},"users":[]}','application/json');
INSERT INTO "oneid_meta_requestdataclientlog" VALUES(116,'{"node_uid":"","name":"标签五（一）","visibility":1,"node_scope":[],"user_scope":[],"manager_group":{"nodes":[],"users":[],"perms":[],"apps":[],"scope_subject":1},"users":[]}','application/json');
INSERT INTO "oneid_meta_requestdataclientlog" VALUES(117,'{"node_uid":"","name":"自定义分组一","node_scope":[],"user_scope":[],"manager_group":{"nodes":[],"users":[],"perms":[],"apps":[],"scope_subject":1},"users":[]}','application/json');
INSERT INTO "oneid_meta_requestdataclientlog" VALUES(118,'{"node_uid":"","name":"自定义分组一","node_scope":[],"user_scope":[],"manager_group":{"nodes":[],"users":[],"perms":[],"apps":[],"scope_subject":1},"users":[]}','application/json');
INSERT INTO "oneid_meta_requestdataclientlog" VALUES(119,'{"node_uid":"","name":"自定义分组二","node_scope":[],"user_scope":[],"manager_group":{"nodes":[],"users":[],"perms":[],"apps":[],"scope_subject":1},"users":[]}','application/json');
INSERT INTO "oneid_meta_requestdataclientlog" VALUES(120,'{"node_uid":"","name":"自定义分组二","node_scope":[],"user_scope":[],"manager_group":{"nodes":[],"users":[],"perms":[],"apps":[],"scope_subject":1},"users":[]}','application/json');
INSERT INTO "oneid_meta_requestdataclientlog" VALUES(121,'{"node_uid":"g_zidingyifenzuyi","name":"自定","node_scope":[],"user_scope":[],"manager_group":{"nodes":[],"users":[],"perms":[],"apps":[],"scope_subject":1},"users":[]}','application/json');
INSERT INTO "oneid_meta_requestdataclientlog" VALUES(122,'{"node_uid":"g_zidingyifenzuyi","name":"天蝎","node_scope":[],"user_scope":[],"manager_group":{"nodes":[],"users":[],"perms":[],"apps":[],"scope_subject":1},"users":[]}','application/json');
INSERT INTO "oneid_meta_requestdataclientlog" VALUES(123,'{"node_uid":"g_zidingyifenzuer","name":"蝴蝶","node_scope":[],"user_scope":[],"manager_group":{"nodes":[],"users":[],"perms":[],"apps":[],"scope_subject":1},"users":[]}','application/json');
INSERT INTO "oneid_meta_requestdataclientlog" VALUES(124,'{"node_uid":"","name":"天蝎一","visibility":1,"node_scope":[],"user_scope":[],"manager_group":{"nodes":[],"users":[],"perms":[],"apps":[],"scope_subject":1},"users":[]}','application/json');
INSERT INTO "oneid_meta_requestdataclientlog" VALUES(125,'{"node_uid":"","name":"天蝎二","node_scope":[],"user_scope":[],"manager_group":{"nodes":[],"users":[],"perms":[],"apps":[],"scope_subject":1},"users":[]}','application/json');
INSERT INTO "oneid_meta_requestdataclientlog" VALUES(126,'{"node_uid":"","name":"天蝎三","node_scope":[],"user_scope":[],"manager_group":{"nodes":[],"users":[],"perms":[],"apps":[],"scope_subject":1},"users":[]}','application/json');
INSERT INTO "oneid_meta_requestdataclientlog" VALUES(127,'{"node_uid":"g_tianxieyi","name":"天蝎一","visibility":1,"node_scope":[],"user_scope":[],"users":[]}','application/json');
INSERT INTO "oneid_meta_requestdataclientlog" VALUES(128,'{"node_uids":["g_tianxieyi"],"subject":"add"}','application/json');
INSERT INTO "oneid_meta_requestdataclientlog" VALUES(129,'{"node_uid":"g_tianxieer","name":"天蝎二","visibility":2,"node_scope":[],"user_scope":[],"users":[]}','application/json');
INSERT INTO "oneid_meta_requestdataclientlog" VALUES(130,'{"node_uids":["g_tianxieer"],"subject":"add"}','application/json');
INSERT INTO "oneid_meta_requestdataclientlog" VALUES(131,'{"node_uid":"g_tianxiesan","name":"天蝎三","visibility":3,"node_scope":[],"user_scope":[],"users":[]}','application/json');
INSERT INTO "oneid_meta_requestdataclientlog" VALUES(132,'{"node_uids":["g_tianxiesan"],"subject":"add"}','application/json');
INSERT INTO "oneid_meta_requestdataclientlog" VALUES(133,'{"node_uid":"","name":"蝴蝶一","visibility":1,"node_scope":[],"user_scope":[],"manager_group":{"nodes":[],"users":[],"perms":[],"apps":[],"scope_subject":1},"users":[]}','application/json');
INSERT INTO "oneid_meta_requestdataclientlog" VALUES(134,'{"node_uid":"","name":"蝴蝶二","visibility":2,"node_scope":[],"user_scope":[],"manager_group":{"nodes":[],"users":[],"perms":[],"apps":[],"scope_subject":1},"users":[]}','application/json');
INSERT INTO "oneid_meta_requestdataclientlog" VALUES(135,'{"node_uid":"","name":"蝴蝶五","visibility":4,"node_scope":[],"user_scope":[],"manager_group":{"nodes":[],"users":[],"perms":[],"apps":[],"scope_subject":1},"users":[]}','application/json');
INSERT INTO "oneid_meta_requestdataclientlog" VALUES(136,'{"name":"应用一","remark":"","logo":"","auth_protocols":["OAuth 2.0"],"index":"","oauth_app":{"redirect_uris":"adad","client_type":"confidential","authorization_grant_type":"authorization-code"},"ldap_app":null,"http_app":null}','application/json');
INSERT INTO "oneid_meta_requestdataclientlog" VALUES(137,'{"name":"应用一","remark":"","logo":"","auth_protocols":["OAuth 2.0"],"index":"","oauth_app":{"redirect_uris":"adad","client_type":"confidential","authorization_grant_type":"authorization-code"},"ldap_app":null,"http_app":null}','application/json');
INSERT INTO "oneid_meta_requestdataclientlog" VALUES(138,'{"name":"应用二","remark":"","logo":"","auth_protocols":["LDAP"],"index":"","oauth_app":null,"ldap_app":{},"http_app":null}','application/json');
INSERT INTO "oneid_meta_requestdataclientlog" VALUES(139,'{"name":"应用二","remark":"","logo":"","auth_protocols":["LDAP"],"index":"","oauth_app":null,"ldap_app":{},"http_app":null}','application/json');
INSERT INTO "oneid_meta_requestdataclientlog" VALUES(140,'{"name":"应用三","remark":"","logo":"","auth_protocols":[],"index":"","oauth_app":null,"ldap_app":null,"http_app":null}','application/json');
INSERT INTO "oneid_meta_requestdataclientlog" VALUES(141,'{"name":"应用三","remark":"","logo":"","auth_protocols":[],"index":"","oauth_app":null,"ldap_app":null,"http_app":null}','application/json');
INSERT INTO "oneid_meta_requestdataclientlog" VALUES(142,'{"name":"应用四","remark":"","logo":"","auth_protocols":[],"index":"","oauth_app":null,"ldap_app":null,"http_app":null}','application/json');
INSERT INTO "oneid_meta_requestdataclientlog" VALUES(143,'{"name":"应用四","remark":"","logo":"","auth_protocols":[],"index":"","oauth_app":null,"ldap_app":null,"http_app":null}','application/json');
INSERT INTO "oneid_meta_requestdataclientlog" VALUES(144,'{"name":"应用五","remark":"","logo":"","auth_protocols":[],"index":"","oauth_app":null,"ldap_app":null,"http_app":null}','application/json');
INSERT INTO "oneid_meta_requestdataclientlog" VALUES(145,'{"name":"应用五","remark":"","logo":"","auth_protocols":[],"index":"","oauth_app":null,"ldap_app":null,"http_app":null}','application/json');
INSERT INTO "oneid_meta_requestdataclientlog" VALUES(146,'{"avatar":"","email":"","employee_number":"","gender":0,"mobile":"13899990001","name":"一号","position":"","private_email":"","username":"13899990001","depts":null,"roles":null,"nodes":[{"node_uid":"d_bumenyi","name":"部门一（所有可见）","node_scope":[],"user_scope":[],"users":[]}],"is_settled":true,"require_reset_password":false,"has_password":true}','application/json');
INSERT INTO "oneid_meta_requestdataclientlog" VALUES(147,'{"node_uids":["d_bumenyi"],"subject":"override"}','application/json');
INSERT INTO "oneid_meta_requestdataclientlog" VALUES(148,'{"node_uids":["d_bumenyi"],"subject":"override"}','application/json');
INSERT INTO "oneid_meta_requestdataclientlog" VALUES(149,'{"avatar":"","email":"","employee_number":"","gender":0,"mobile":"13899990002","name":"二号","position":"","private_email":"","username":"13899990002","depts":null,"roles":null,"nodes":[{"node_uid":"d_bumener","name":"部门二（组内可见下属不可见）","node_scope":[],"user_scope":[],"users":[]}],"is_settled":true,"require_reset_password":false,"has_password":true}','application/json');
INSERT INTO "oneid_meta_requestdataclientlog" VALUES(150,'{"node_uids":["d_bumener"],"subject":"override"}','application/json');
INSERT INTO "oneid_meta_requestdataclientlog" VALUES(151,'{"node_uids":["d_bumener"],"subject":"override"}','application/json');
INSERT INTO "oneid_meta_requestdataclientlog" VALUES(152,'{"avatar":"","email":"","employee_number":"","gender":0,"mobile":"13899990003","name":"三号","position":"","private_email":"","username":"13899990003","depts":null,"roles":null,"nodes":[{"node_uid":"d_bumensan","name":"部门三（组内成员及下属分组可见）","node_scope":[],"user_scope":[],"users":[]}],"is_settled":true,"require_reset_password":false,"has_password":true}','application/json');
INSERT INTO "oneid_meta_requestdataclientlog" VALUES(153,'{"node_uids":["d_bumensan"],"subject":"override"}','application/json');
INSERT INTO "oneid_meta_requestdataclientlog" VALUES(154,'{"node_uids":["d_bumensan"],"subject":"override"}','application/json');
INSERT INTO "oneid_meta_requestdataclientlog" VALUES(155,'{"avatar":"","email":"","employee_number":"","gender":0,"mobile":"13899990004","name":"四号","position":"","private_email":"","username":"13899990004","depts":null,"roles":null,"nodes":[{"node_uid":"d_bumensisuoyourenbukejian","name":"部门四（所有人不可见）","node_scope":[],"user_scope":[],"users":[]}],"is_settled":true,"require_reset_password":false,"has_password":true}','application/json');
INSERT INTO "oneid_meta_requestdataclientlog" VALUES(156,'{"node_uids":["d_bumensisuoyourenbukejian"],"subject":"override"}','application/json');
INSERT INTO "oneid_meta_requestdataclientlog" VALUES(157,'{"node_uids":["d_bumensisuoyourenbukejian"],"subject":"override"}','application/json');
INSERT INTO "oneid_meta_requestdataclientlog" VALUES(158,'{"avatar":"","email":"","employee_number":"","gender":0,"mobile":"13899990005","name":"五号","position":"","private_email":"","username":"13899990005","depts":null,"roles":null,"nodes":[{"node_uid":"d_bumenwubufenrenkejian","name":"部门五（部分人可见）","node_scope":[],"user_scope":[],"users":[]}],"is_settled":true,"require_reset_password":false,"has_password":true}','application/json');
INSERT INTO "oneid_meta_requestdataclientlog" VALUES(159,'{"node_uids":["d_bumenwubufenrenkejian"],"subject":"override"}','application/json');
INSERT INTO "oneid_meta_requestdataclientlog" VALUES(160,'{"node_uids":["d_bumenwubufenrenkejian"],"subject":"override"}','application/json');
INSERT INTO "oneid_meta_requestdataclientlog" VALUES(161,'{"node_uid":"g_zidingyifenzuyi","name":"性别","node_scope":[],"user_scope":[],"manager_group":{"nodes":[],"users":[],"perms":[],"apps":[],"scope_subject":1},"users":[]}','application/json');
INSERT INTO "oneid_meta_requestdataclientlog" VALUES(162,'{"node_uid":"g_zidingyifenzuyi","name":"自定义分组一","node_scope":[],"user_scope":[],"manager_group":{"nodes":[],"users":[],"perms":[],"apps":[],"scope_subject":1},"users":[]}','application/json');
INSERT INTO "oneid_meta_requestdataclientlog" VALUES(163,'{"node_uid":"g_zidingyifenzuyi","name":"亲戚","node_scope":[],"user_scope":[],"manager_group":{"nodes":[],"users":[],"perms":[],"apps":[],"scope_subject":1},"users":[]}','application/json');
INSERT INTO "oneid_meta_requestdataclientlog" VALUES(164,'{"node_uid":"g_zidingyifenzuer","name":"校友","node_scope":[],"user_scope":[],"manager_group":{"nodes":[],"users":[],"perms":[],"apps":[],"scope_subject":1},"users":[]}','application/json');
INSERT INTO "oneid_meta_requestdataclientlog" VALUES(165,'{"node_uid":"","name":"老师","node_scope":[],"user_scope":[],"manager_group":{"nodes":[],"users":[],"perms":[],"apps":[],"scope_subject":1},"users":[]}','application/json');
INSERT INTO "oneid_meta_requestdataclientlog" VALUES(166,'{"node_uid":"","name":"老师","node_scope":[],"user_scope":[],"manager_group":{"nodes":[],"users":[],"perms":[],"apps":[],"scope_subject":1},"users":[]}','application/json');
INSERT INTO "oneid_meta_requestdataclientlog" VALUES(167,'{"node_uid":"g_tianxieyi","name":"亲戚一","visibility":1,"node_scope":[],"user_scope":[],"users":[]}','application/json');
INSERT INTO "oneid_meta_requestdataclientlog" VALUES(168,'{"node_uids":["g_tianxieyi"],"subject":"add"}','application/json');
INSERT INTO "oneid_meta_requestdataclientlog" VALUES(169,'{"node_uid":"g_tianxieer","name":"亲戚二","visibility":2,"node_scope":[],"user_scope":[],"users":[]}','application/json');
INSERT INTO "oneid_meta_requestdataclientlog" VALUES(170,'{"node_uids":["g_tianxieer"],"subject":"add"}','application/json');
INSERT INTO "oneid_meta_requestdataclientlog" VALUES(171,'{"node_uid":"g_tianxiesan","name":"亲戚三","visibility":3,"node_scope":[],"user_scope":[],"users":[]}','application/json');
INSERT INTO "oneid_meta_requestdataclientlog" VALUES(172,'{"node_uids":["g_tianxiesan"],"subject":"add"}','application/json');
INSERT INTO "oneid_meta_requestdataclientlog" VALUES(173,'{"node_uid":"g_hudieyi","name":"校友一","visibility":1,"node_scope":[],"user_scope":[],"users":[]}','application/json');
INSERT INTO "oneid_meta_requestdataclientlog" VALUES(174,'{"node_uids":["g_hudieyi"],"subject":"add"}','application/json');
INSERT INTO "oneid_meta_requestdataclientlog" VALUES(175,'{"node_uid":"g_hudieer","name":"校友二","visibility":2,"node_scope":[],"user_scope":[],"users":[]}','application/json');
INSERT INTO "oneid_meta_requestdataclientlog" VALUES(176,'{"node_uids":["g_hudieer"],"subject":"add"}','application/json');
INSERT INTO "oneid_meta_requestdataclientlog" VALUES(177,'{"node_uid":"g_hudieer","name":"校友二","visibility":2,"node_scope":[],"user_scope":[],"users":[]}','application/json');
INSERT INTO "oneid_meta_requestdataclientlog" VALUES(178,'{"node_uids":["g_hudieer"],"subject":"add"}','application/json');
INSERT INTO "oneid_meta_requestdataclientlog" VALUES(179,'{"node_uid":"g_hudiewu","name":"校友五","visibility":4,"node_scope":[],"user_scope":[],"users":[]}','application/json');
INSERT INTO "oneid_meta_requestdataclientlog" VALUES(180,'{"node_uids":["g_hudiewu"],"subject":"add"}','application/json');
INSERT INTO "oneid_meta_requestdataclientlog" VALUES(181,'{"avatar":"","email":"","employee_number":"","gender":0,"mobile":"13899990006","name":"六号","position":"","private_email":"","username":"13899990006","depts":null,"roles":null,"nodes":[],"is_settled":true,"require_reset_password":false,"has_password":true}','application/json');
INSERT INTO "oneid_meta_requestdataclientlog" VALUES(182,'{"node_uids":[],"subject":"override"}','application/json');
INSERT INTO "oneid_meta_requestdataclientlog" VALUES(183,'{"node_uids":[],"subject":"override"}','application/json');
INSERT INTO "oneid_meta_requestdataclientlog" VALUES(184,'{"avatar":"","email":"","employee_number":"","gender":0,"mobile":"13899990001","name":"部门一admin","position":"","private_email":"","username":"13899990001","depts":null,"roles":null,"nodes":[{"node_uid":"d_bumenyi","name":"部门一（所有可见）","node_scope":[],"user_scope":[],"users":[]}],"is_settled":true,"require_reset_password":false,"has_password":true}','application/json');
INSERT INTO "oneid_meta_requestdataclientlog" VALUES(185,'{"node_uids":["d_bumenyi"],"subject":"override"}','application/json');
INSERT INTO "oneid_meta_requestdataclientlog" VALUES(186,'{"node_uids":["d_bumenyi"],"subject":"override"}','application/json');
INSERT INTO "oneid_meta_requestdataclientlog" VALUES(187,'{"avatar":"","email":"","employee_number":"","gender":0,"mobile":"13899990002","name":"部门二admin","position":"","private_email":"","username":"13899990002","depts":null,"roles":null,"nodes":[{"node_uid":"d_bumener","name":"部门二（组内可见下属不可见）","node_scope":[],"user_scope":[],"users":[]}],"is_settled":true,"require_reset_password":false,"has_password":true}','application/json');
INSERT INTO "oneid_meta_requestdataclientlog" VALUES(188,'{"node_uids":["d_bumener"],"subject":"override"}','application/json');
INSERT INTO "oneid_meta_requestdataclientlog" VALUES(189,'{"node_uids":["d_bumener"],"subject":"override"}','application/json');
INSERT INTO "oneid_meta_requestdataclientlog" VALUES(190,'{"avatar":"","email":"","employee_number":"","gender":0,"mobile":"13899990003","name":"部门三admin","position":"","private_email":"","username":"13899990003","depts":null,"roles":null,"nodes":[{"node_uid":"d_bumensan","name":"部门三（组内成员及下属分组可见）","node_scope":[],"user_scope":[],"users":[]}],"is_settled":true,"require_reset_password":false,"has_password":true}','application/json');
INSERT INTO "oneid_meta_requestdataclientlog" VALUES(191,'{"node_uids":["d_bumensan"],"subject":"override"}','application/json');
INSERT INTO "oneid_meta_requestdataclientlog" VALUES(192,'{"node_uids":["d_bumensan"],"subject":"override"}','application/json');
INSERT INTO "oneid_meta_requestdataclientlog" VALUES(193,'{"avatar":"","email":"","employee_number":"","gender":0,"mobile":"13899990004","name":"部门四admin","position":"","private_email":"","username":"13899990004","depts":null,"roles":null,"nodes":[{"node_uid":"d_bumensisuoyourenbukejian","name":"部门四（所有人不可见）","node_scope":[],"user_scope":[],"users":[]}],"is_settled":true,"require_reset_password":false,"has_password":true}','application/json');
INSERT INTO "oneid_meta_requestdataclientlog" VALUES(194,'{"node_uids":["d_bumensisuoyourenbukejian"],"subject":"override"}','application/json');
INSERT INTO "oneid_meta_requestdataclientlog" VALUES(195,'{"node_uids":["d_bumensisuoyourenbukejian"],"subject":"override"}','application/json');
INSERT INTO "oneid_meta_requestdataclientlog" VALUES(196,'{"avatar":"","email":"","employee_number":"","gender":0,"mobile":"13899990005","name":"部门五admin","position":"","private_email":"","username":"13899990005","depts":null,"roles":null,"nodes":[{"node_uid":"d_bumenwubufenrenkejian","name":"部门五（部分人可见）","node_scope":[],"user_scope":[],"users":[]}],"is_settled":true,"require_reset_password":false,"has_password":true}','application/json');
INSERT INTO "oneid_meta_requestdataclientlog" VALUES(197,'{"node_uids":["d_bumenwubufenrenkejian"],"subject":"override"}','application/json');
INSERT INTO "oneid_meta_requestdataclientlog" VALUES(198,'{"node_uids":["d_bumenwubufenrenkejian"],"subject":"override"}','application/json');
INSERT INTO "oneid_meta_requestdataclientlog" VALUES(199,'{"avatar":"","email":"","employee_number":"","gender":0,"mobile":"13899990006","name":"六号","position":"","private_email":"","username":"13899990006","depts":null,"roles":null,"nodes":[{"node_uid":"d_bumenyiyi","name":"部门一（一）","node_scope":[],"user_scope":[],"users":[]}],"is_settled":true,"require_reset_password":false,"has_password":true}','application/json');
INSERT INTO "oneid_meta_requestdataclientlog" VALUES(200,'{"node_uids":["d_bumenyiyi"],"subject":"override"}','application/json');
INSERT INTO "oneid_meta_requestdataclientlog" VALUES(201,'{"node_uids":["d_bumenyiyi"],"subject":"override"}','application/json');
INSERT INTO "oneid_meta_requestdataclientlog" VALUES(202,'{"avatar":"","email":"","employee_number":"","gender":0,"mobile":"13899990006","name":"部门一一admin","position":"","private_email":"","username":"13899990006","depts":null,"roles":null,"nodes":[{"node_uid":"d_bumenyiyi","name":"部门一（一）","node_scope":[],"user_scope":[],"users":[]}],"is_settled":true,"require_reset_password":false,"has_password":true}','application/json');
INSERT INTO "oneid_meta_requestdataclientlog" VALUES(203,'{"node_uids":["d_bumenyiyi"],"subject":"override"}','application/json');
INSERT INTO "oneid_meta_requestdataclientlog" VALUES(204,'{"node_uids":["d_bumenyiyi"],"subject":"override"}','application/json');
INSERT INTO "oneid_meta_requestdataclientlog" VALUES(205,'{"avatar":"","email":"","employee_number":"","gender":0,"mobile":"13899990007","name":"部门一二adm","position":"","private_email":"","username":"13899990007","depts":null,"roles":null,"nodes":[{"node_uid":"d_bumenyier","name":"部门一（二）","node_scope":[],"user_scope":[],"users":[]}],"is_settled":true,"require_reset_password":false,"has_password":true}','application/json');
INSERT INTO "oneid_meta_requestdataclientlog" VALUES(206,'{"node_uids":["d_bumenyier"],"subject":"override"}','application/json');
INSERT INTO "oneid_meta_requestdataclientlog" VALUES(207,'{"node_uids":["d_bumenyier"],"subject":"override"}','application/json');
INSERT INTO "oneid_meta_requestdataclientlog" VALUES(208,'{"avatar":"","email":"","employee_number":"","gender":0,"mobile":"13899990008","name":"部门一三adm","position":"","private_email":"","username":"13899990008","depts":null,"roles":null,"nodes":[{"node_uid":"d_bumenyisan","name":"部门一（三）","node_scope":[],"user_scope":[],"users":[]}],"is_settled":true,"require_reset_password":false,"has_password":true}','application/json');
INSERT INTO "oneid_meta_requestdataclientlog" VALUES(209,'{"node_uids":["d_bumenyisan"],"subject":"override"}','application/json');
INSERT INTO "oneid_meta_requestdataclientlog" VALUES(210,'{"node_uids":["d_bumenyisan"],"subject":"override"}','application/json');
INSERT INTO "oneid_meta_requestdataclientlog" VALUES(211,'{"avatar":"","email":"","employee_number":"","gender":0,"mobile":"13899990009","name":"部门一四admin","position":"","private_email":"","username":"13899990009","depts":null,"roles":null,"nodes":[{"node_uid":"d_bumenyisi","name":"部门一（四）","node_scope":[],"user_scope":[],"users":[]}],"is_settled":true,"require_reset_password":false,"has_password":true}','application/json');
INSERT INTO "oneid_meta_requestdataclientlog" VALUES(212,'{"node_uids":["d_bumenyisi"],"subject":"override"}','application/json');
INSERT INTO "oneid_meta_requestdataclientlog" VALUES(213,'{"node_uids":["d_bumenyisi"],"subject":"override"}','application/json');
INSERT INTO "oneid_meta_requestdataclientlog" VALUES(214,'{"user":{"avatar":"","email":"","employee_number":"","gender":0,"mobile":"","name":"部门一五adm","position":"","private_email":"","username":"13899990010","depts":null,"roles":null,"nodes":[{"node_uid":"d_bumenyiwu","name":"部门一（五）","node_scope":[],"user_scope":[],"users":[]}],"is_settled":false,"password":"******","require_reset_password":false,"has_password":true},"node_uids":["d_bumenyiwu"]}','application/json');
INSERT INTO "oneid_meta_requestdataclientlog" VALUES(215,'{"user":{"avatar":"","email":"","employee_number":"","gender":0,"mobile":"","name":"部门一五adm","position":"","private_email":"","username":"13899990010","depts":null,"roles":null,"nodes":[{"node_uid":"d_bumenyiwu","name":"部门一（五）","node_scope":[],"user_scope":[],"users":[]}],"is_settled":false,"password":"******","require_reset_password":false,"has_password":true},"node_uids":["d_bumenyiwu"]}','application/json');
INSERT INTO "oneid_meta_requestdataclientlog" VALUES(216,'{"avatar":"","email":"","employee_number":"","gender":0,"mobile":"13899990010","name":"部门一五adm","position":"","private_email":"","username":"13899990010","depts":null,"roles":null,"nodes":[{"node_uid":"d_bumenyiwu","name":"部门一（五）","node_scope":[],"user_scope":[],"users":[]}],"is_settled":false,"require_reset_password":false,"has_password":true}','application/json');
INSERT INTO "oneid_meta_requestdataclientlog" VALUES(217,'{"node_uids":["d_bumenyiwu"],"subject":"override"}','application/json');
INSERT INTO "oneid_meta_requestdataclientlog" VALUES(218,'{"node_uids":["d_bumenyiwu"],"subject":"override"}','application/json');
INSERT INTO "oneid_meta_requestdataclientlog" VALUES(219,'{"password":"******","username":"13899990010"}','application/json');
INSERT INTO "oneid_meta_requestdataclientlog" VALUES(220,'{"name":"应用六","remark":"","logo":"","auth_protocols":[],"index":"","oauth_app":null,"ldap_app":null,"http_app":null}','application/json');
INSERT INTO "oneid_meta_requestdataclientlog" VALUES(221,'{"name":"应用六","remark":"","logo":"","auth_protocols":[],"index":"","oauth_app":null,"ldap_app":null,"http_app":null}','application/json');
INSERT INTO "oneid_meta_requestdataclientlog" VALUES(222,'{"name":"应用七","remark":"","logo":"","auth_protocols":[],"index":"","oauth_app":null,"ldap_app":null,"http_app":null}','application/json');
INSERT INTO "oneid_meta_requestdataclientlog" VALUES(223,'{"name":"应用七","remark":"","logo":"","auth_protocols":[],"index":"","oauth_app":null,"ldap_app":null,"http_app":null}','application/json');
INSERT INTO "oneid_meta_requestdataclientlog" VALUES(224,'{"name":"应用八","remark":"","logo":"","auth_protocols":[],"index":"","oauth_app":null,"ldap_app":null,"http_app":null}','application/json');
INSERT INTO "oneid_meta_requestdataclientlog" VALUES(225,'{"name":"应用八","remark":"","logo":"","auth_protocols":[],"index":"","oauth_app":null,"ldap_app":null,"http_app":null}','application/json');
INSERT INTO "oneid_meta_requestdataclientlog" VALUES(226,'{"name":"应用九","remark":"","logo":"","auth_protocols":[],"index":"","oauth_app":null,"ldap_app":null,"http_app":null}','application/json');
INSERT INTO "oneid_meta_requestdataclientlog" VALUES(227,'{"name":"应用九","remark":"","logo":"","auth_protocols":[],"index":"","oauth_app":null,"ldap_app":null,"http_app":null}','application/json');
INSERT INTO "oneid_meta_requestdataclientlog" VALUES(228,'{"name":"应用十","remark":"","logo":"","auth_protocols":[],"index":"","oauth_app":null,"ldap_app":null,"http_app":null}','application/json');
INSERT INTO "oneid_meta_requestdataclientlog" VALUES(229,'{"name":"应用十","remark":"","logo":"","auth_protocols":[],"index":"","oauth_app":null,"ldap_app":null,"http_app":null}','application/json');
INSERT INTO "oneid_meta_requestdataclientlog" VALUES(230,'{"password":"******","username":"13899990001"}','application/json');
INSERT INTO "oneid_meta_requestdataclientlog" VALUES(231,'{"password":"******","username":"admin"}','application/json');
INSERT INTO "oneid_meta_requestdataclientlog" VALUES(232,'{"password":"******","username":"13899990002"}','application/json');
INSERT INTO "oneid_meta_requestdataclientlog" VALUES(233,'{"password":"******","username":"admin"}','application/json');
INSERT INTO "oneid_meta_requestdataclientlog" VALUES(234,'{"password":"******","username":"admin"}','application/json');
INSERT INTO "oneid_meta_requestdataclientlog" VALUES(235,'{"password":"******","username":"admin"}','application/json');
INSERT INTO "oneid_meta_requestdataclientlog" VALUES(236,'{"password":"******","username":"admin"}','application/json');
CREATE TABLE "oneid_meta_samlapp" ("id" integer NOT NULL PRIMARY KEY AUTOINCREMENT, "uuid" char(32) NOT NULL UNIQUE, "is_del" bool NOT NULL, "is_active" bool NOT NULL, "updated" datetime NULL, "created" datetime NULL, "entity_id" varchar(255) NOT NULL, "acs" varchar(255) NOT NULL, "sls" varchar(255) NOT NULL, "cert" varchar(2200) NOT NULL, "xmldata" varchar(5000) NOT NULL, "app_id" integer NULL UNIQUE REFERENCES "oneid_meta_app" ("id") DEFERRABLE INITIALLY DEFERRED);
CREATE TABLE "oneid_meta_smsconfig" ("id" integer NOT NULL PRIMARY KEY AUTOINCREMENT, "uuid" char(32) NOT NULL UNIQUE, "is_del" bool NOT NULL, "is_active" bool NOT NULL, "updated" datetime NULL, "created" datetime NULL, "vendor" varchar(128) NOT NULL, "access_key" varchar(255) NOT NULL, "access_secret" varchar(255) NOT NULL, "signature" varchar(64) NOT NULL, "template_code" varchar(255) NOT NULL, "template_register" varchar(255) NOT NULL, "template_reset_pwd" varchar(255) NOT NULL, "site_id" integer NOT NULL UNIQUE REFERENCES "django_site" ("id") DEFERRABLE INITIALLY DEFERRED, "is_valid" bool NOT NULL, "template_activate" varchar(255) NOT NULL, "template_reset_mobile" varchar(255) NOT NULL);
INSERT INTO "oneid_meta_smsconfig" VALUES(1,'ef75f7be523d4569a0ac950ebdd9b94e',0,1,'2019-11-16 11:35:31.279150','2019-11-16 11:35:31.278635','aliyun','','','','','','',1,0,'','');
CREATE TABLE "oneid_meta_storageconfig" ("id" integer NOT NULL PRIMARY KEY AUTOINCREMENT, "uuid" char(32) NOT NULL UNIQUE, "is_del" bool NOT NULL, "is_active" bool NOT NULL, "updated" datetime NULL, "created" datetime NULL, "method" varchar(225) NOT NULL, "site_id" integer NOT NULL UNIQUE REFERENCES "django_site" ("id") DEFERRABLE INITIALLY DEFERRED);
CREATE TABLE "oneid_meta_subaccount" ("id" integer NOT NULL PRIMARY KEY AUTOINCREMENT, "uuid" char(32) NOT NULL UNIQUE, "is_del" bool NOT NULL, "is_active" bool NOT NULL, "updated" datetime NULL, "created" datetime NULL, "domain" varchar(255) NOT NULL, "username" varchar(255) NULL, "password" varchar(512) NOT NULL);
CREATE TABLE "oneid_meta_user" ("id" integer NOT NULL PRIMARY KEY AUTOINCREMENT, "uuid" char(32) NOT NULL UNIQUE, "is_del" bool NOT NULL, "is_active" bool NOT NULL, "updated" datetime NULL, "created" datetime NULL, "username" varchar(255) NOT NULL, "password" varchar(1024) NOT NULL, "name" varchar(255) NOT NULL, "email" varchar(255) NOT NULL, "mobile" varchar(64) NOT NULL, "employee_number" varchar(255) NOT NULL, "gender" integer NOT NULL, "django_user_id" integer NULL REFERENCES "auth_user" ("id") DEFERRABLE INITIALLY DEFERRED, "from_register" bool NOT NULL, "is_boss" bool NOT NULL, "avatar" varchar(1024) NOT NULL, "position" varchar(255) NOT NULL, "private_email" varchar(255) NOT NULL, "origin" integer NOT NULL, "hiredate" datetime NULL, "remark" varchar(512) NOT NULL, "last_active_time" datetime NULL, "require_reset_password" bool NOT NULL);
INSERT INTO "oneid_meta_user" VALUES(1,'fc0b4d3d38c542b88b795a1a585d729b',0,1,'2019-11-16 11:35:29.805504','2019-11-16 11:35:29.805532','admin','{SMD5}YlwmpuFuCfoVB/lzdvNrlQag1Ho=','','','','',0,NULL,0,0,'','','',0,NULL,'','2019-12-20 08:46:55.762949',0);
INSERT INTO "oneid_meta_user" VALUES(4,'8660b69adf964ee8b5ea7875fc309c79',0,1,'2019-11-16 10:27:22.031212','2019-11-16 09:42:49.664667','13899990001','{SMD5}tUQN+4dpOmjobYbjeBwBnnxvrVU=','部门一admin','','13899990001','',0,NULL,1,0,'','','',3,NULL,'','2019-11-16 10:41:08.003624',0);
INSERT INTO "oneid_meta_user" VALUES(5,'dd329c530f2a45b2b8ce6d33950c0180',0,1,'2019-11-16 10:27:31.199828','2019-11-16 09:43:09.170166','13899990002','{SMD5}uUxhXTyJ2POgUpn0T+QQakZoTUk=','部门二admin','','13899990002','',0,NULL,1,0,'','','',3,NULL,'','2019-11-16 10:43:05.433687',0);
INSERT INTO "oneid_meta_user" VALUES(6,'08231d36b25d4b04875883db97a94c85',0,1,'2019-11-16 13:12:57.747968','2019-11-16 13:12:57.748006','13899990003','{SMD5}dMKqWY/id8z/tOGQmwLjrCklxPg=','部门三admin','','13899990003','',0,NULL,1,0,'','','',3,NULL,'',NULL,0);
INSERT INTO "oneid_meta_user" VALUES(7,'569761a93e0b42c3b619a626ffb73f4c',0,1,'2019-11-16 10:27:50.216820','2019-11-16 09:43:48.186522','13899990004','{SMD5}Dd16DYideoP30Rbnv8sD/wWg9H4=','部门四admin','','13899990004','',0,NULL,1,0,'','','',3,NULL,'','2019-11-16 09:58:53.978265',0);
INSERT INTO "oneid_meta_user" VALUES(8,'288b5de4f2924fb593a52e479ac48394',0,1,'2019-11-16 10:28:03.702525','2019-11-16 09:44:07.605701','13899990005','{SMD5}n4TPNZNOeUXGSC4iPP7jLJ9Tylk=','部门五admin','','13899990005','',0,NULL,1,0,'','','',3,NULL,'','2019-11-16 09:59:00.389427',0);
INSERT INTO "oneid_meta_user" VALUES(9,'776df52260394daabde15e43364dcf38',0,1,'2019-11-16 10:31:18.660447','2019-11-16 09:44:40.660558','13899990006','{SMD5}bhvalOAeeo8GLzi/voUoTw6h9L4=','部门一一admin','','13899990006','',0,NULL,1,0,'','','',3,NULL,'','2019-11-16 09:59:07.684406',0);
INSERT INTO "oneid_meta_user" VALUES(10,'4ecf2781d71a4fd5ba2103041007fc96',0,1,'2019-11-16 10:31:38.456789','2019-11-16 09:45:03.101917','13899990007','{SMD5}I1EJa9mdvTQQ5IfxtNEku+Rcy1k=','部门一二adm','','13899990007','',0,NULL,1,0,'','','',3,NULL,'','2019-11-16 09:59:14.037830',0);
INSERT INTO "oneid_meta_user" VALUES(11,'3657563a1d4c4af9be25857d59886f53',0,1,'2019-11-16 10:31:55.471354','2019-11-16 09:45:21.835815','13899990008','{SMD5}j/+SsxVgE3wDM9HxABf1UkGIcU4=','部门一三adm','','13899990008','',0,NULL,1,0,'','','',3,NULL,'','2019-11-16 09:59:20.475121',0);
INSERT INTO "oneid_meta_user" VALUES(12,'c29980b16fb245d19941e1653472e663',0,1,'2019-11-16 10:32:10.626327','2019-11-16 09:45:38.573998','13899990009','{SMD5}z/r60dbiKkEXRut9MOLL5M1ZizE=','部门一四admin','','13899990009','',0,NULL,1,0,'','','',3,NULL,'','2019-11-16 09:59:34.321646',0);
INSERT INTO "oneid_meta_user" VALUES(13,'1e6ebb8b5bac405c85689dfd10227484',0,1,'2019-11-16 10:33:54.300135','2019-11-16 10:33:09.063893','13899990010','{SMD5}1/KxDfWELE6wAT+x5mquva61dg4=','部门一五adm','','13899990010','',0,NULL,0,0,'','','',1,NULL,'','2019-11-16 10:34:07.542981',0);
CREATE TABLE "oneid_meta_userperm" ("id" integer NOT NULL PRIMARY KEY AUTOINCREMENT, "uuid" char(32) NOT NULL UNIQUE, "is_del" bool NOT NULL, "is_active" bool NOT NULL, "updated" datetime NULL, "created" datetime NULL, "status" integer NOT NULL, "value" bool NOT NULL, "dept_perm_value" bool NOT NULL, "group_perm_value" bool NOT NULL, "perm_id" integer NOT NULL REFERENCES "oneid_meta_perm" ("id") DEFERRABLE INITIALLY DEFERRED, "owner_id" integer NOT NULL REFERENCES "oneid_meta_user" ("id") DEFERRABLE INITIALLY DEFERRED);
INSERT INTO "oneid_meta_userperm" VALUES(1,'36023288d6974f52b1525297613bb2f0',0,1,'2019-11-16 11:35:29.807495','2019-11-16 11:35:29.807517',1,1,0,0,1,1);
INSERT INTO "oneid_meta_userperm" VALUES(2,'38ac10d3d487476184ef0847fa1b41fb',0,1,'2019-11-16 11:35:29.879161','2019-11-16 11:35:29.879186',1,1,0,0,2,1);
INSERT INTO "oneid_meta_userperm" VALUES(3,'55fbdd4b8a2440d68ad94910b203ef2c',0,1,'2019-11-16 09:34:30.427358','2019-11-16 09:34:30.427386',0,0,0,0,1,2);
INSERT INTO "oneid_meta_userperm" VALUES(4,'7ed8798c70664831b20737d0fd163e2a',0,1,'2019-11-16 09:34:30.429137','2019-11-16 09:34:30.429164',0,0,0,0,2,2);
INSERT INTO "oneid_meta_userperm" VALUES(5,'a6adc5c06d08465baea89187a7cc1343',0,1,'2019-11-16 09:34:30.430504','2019-11-16 09:34:30.430541',0,0,0,0,3,2);
INSERT INTO "oneid_meta_userperm" VALUES(6,'080da54f82814d6e9ebd304349365aec',0,1,'2019-11-16 09:34:30.432187','2019-11-16 09:34:30.432215',0,0,0,0,4,2);
INSERT INTO "oneid_meta_userperm" VALUES(7,'4934ba9de6bb453e85b9f3b13eb8971c',0,1,'2019-11-16 09:34:30.433664','2019-11-16 09:34:30.433691',0,0,0,0,5,2);
INSERT INTO "oneid_meta_userperm" VALUES(8,'6e76b7618dee47b39b604307fe0eff1e',0,1,'2019-11-16 09:34:30.435250','2019-11-16 09:34:30.435304',0,0,0,0,6,2);
INSERT INTO "oneid_meta_userperm" VALUES(9,'c566898d07d244969fedbe3b5276e59d',0,1,'2019-11-16 09:34:30.436601','2019-11-16 09:34:30.436623',0,0,0,0,7,2);
INSERT INTO "oneid_meta_userperm" VALUES(10,'7fd897f39b174794bf13233569c7ca5c',0,1,'2019-11-16 09:34:30.437809','2019-11-16 09:34:30.437831',0,0,0,0,8,2);
INSERT INTO "oneid_meta_userperm" VALUES(11,'3e6e90cabd344bae8d6cb2621019bbb8',0,1,'2019-11-16 09:34:30.438986','2019-11-16 09:34:30.439008',0,0,0,0,9,2);
INSERT INTO "oneid_meta_userperm" VALUES(12,'9ef8c12a5eb3434da73dbb3d56795827',0,1,'2019-11-16 09:34:30.440209','2019-11-16 09:34:30.440231',0,0,0,0,10,2);
INSERT INTO "oneid_meta_userperm" VALUES(13,'586612556c2a45b49e835828816ead71',0,1,'2019-11-16 09:35:05.909234','2019-11-16 09:35:05.909261',0,0,0,0,1,3);
INSERT INTO "oneid_meta_userperm" VALUES(14,'880c59e920164e6d8b202738dd834e03',0,1,'2019-11-16 09:35:05.910889','2019-11-16 09:35:05.910912',0,0,0,0,2,3);
INSERT INTO "oneid_meta_userperm" VALUES(15,'edf41b6817c14fbb8cb10f4d122dcf9c',0,1,'2019-11-16 09:35:05.912330','2019-11-16 09:35:05.912352',0,0,0,0,3,3);
INSERT INTO "oneid_meta_userperm" VALUES(16,'1747f06aa2f04aaa984f95050f1ac16e',0,1,'2019-11-16 09:35:05.913511','2019-11-16 09:35:05.913532',0,0,0,0,4,3);
INSERT INTO "oneid_meta_userperm" VALUES(17,'2341dc1b733f40f1b701823620b10e08',0,1,'2019-11-16 09:35:05.914874','2019-11-16 09:35:05.914899',0,0,0,0,5,3);
INSERT INTO "oneid_meta_userperm" VALUES(18,'d8cbd938d334441d8f140dc74ea672f5',0,1,'2019-11-16 09:35:05.916511','2019-11-16 09:35:05.916537',0,0,0,0,6,3);
INSERT INTO "oneid_meta_userperm" VALUES(19,'c29865f1764d477a876997dc360b018f',0,1,'2019-11-16 09:35:05.917847','2019-11-16 09:35:05.917869',0,0,0,0,7,3);
INSERT INTO "oneid_meta_userperm" VALUES(20,'28f1797e01d24253b53e77ae20ad352d',0,1,'2019-11-16 09:35:05.919371','2019-11-16 09:35:05.919396',0,0,0,0,8,3);
INSERT INTO "oneid_meta_userperm" VALUES(21,'b417f8f7de0f4e26a795b9f0b61fed1b',0,1,'2019-11-16 09:35:05.921478','2019-11-16 09:35:05.921536',0,0,0,0,9,3);
INSERT INTO "oneid_meta_userperm" VALUES(22,'3f3d62c08aca4fc5be5bd6a015acb6aa',0,1,'2019-11-16 09:35:05.922952','2019-11-16 09:35:05.922975',0,0,0,0,10,3);
INSERT INTO "oneid_meta_userperm" VALUES(23,'83759afed5ba49f793aee9f95245786d',0,1,'2019-11-16 09:42:49.668054','2019-11-16 09:42:49.668080',0,0,0,0,1,4);
INSERT INTO "oneid_meta_userperm" VALUES(24,'7d333fbc5e6044419017b69c9e4f3f8c',0,1,'2019-11-16 09:42:49.669834','2019-11-16 09:42:49.669866',0,0,0,0,2,4);
INSERT INTO "oneid_meta_userperm" VALUES(25,'b4377051156c4c8bbf7bd36af3840e46',0,1,'2019-11-16 09:42:49.671637','2019-11-16 09:42:49.671668',0,0,0,0,3,4);
INSERT INTO "oneid_meta_userperm" VALUES(26,'c19caf0969bf400ab2de0b499b2cc8da',0,1,'2019-11-16 09:42:49.673347','2019-11-16 09:42:49.673374',0,0,0,0,4,4);
INSERT INTO "oneid_meta_userperm" VALUES(27,'a0c1a59a4ab048648e651d7ea78d64a7',0,1,'2019-11-16 09:42:49.674591','2019-11-16 09:42:49.674613',0,0,0,0,5,4);
INSERT INTO "oneid_meta_userperm" VALUES(28,'3638d17cc1114b1a809181c0878d6e51',0,1,'2019-11-16 09:42:49.675939','2019-11-16 09:42:49.675962',0,0,0,0,6,4);
INSERT INTO "oneid_meta_userperm" VALUES(29,'e7fcc12b919148ca9c1cb78c967b5382',0,1,'2019-11-16 09:42:49.677186','2019-11-16 09:42:49.677207',0,0,0,0,7,4);
INSERT INTO "oneid_meta_userperm" VALUES(30,'607ab977d4fc499bbc967e1c6ccc0d97',0,1,'2019-11-16 09:42:49.678436','2019-11-16 09:42:49.678457',0,0,0,0,8,4);
INSERT INTO "oneid_meta_userperm" VALUES(31,'ec54407b932b4309ac71d9b70daf5d7d',0,1,'2019-11-16 09:42:49.679724','2019-11-16 09:42:49.679746',0,0,0,0,9,4);
INSERT INTO "oneid_meta_userperm" VALUES(32,'4c04dae9ad074cc9aae77481b5dc0b92',0,1,'2019-11-16 09:42:49.680951','2019-11-16 09:42:49.680973',0,0,0,0,10,4);
INSERT INTO "oneid_meta_userperm" VALUES(33,'4940cf31c00b49ecb5b400f76fdd557d',0,1,'2019-11-16 09:43:09.178769','2019-11-16 09:43:09.178799',0,0,0,0,1,5);
INSERT INTO "oneid_meta_userperm" VALUES(34,'5210e5351f2e40d6a289eccfae8c332b',0,1,'2019-11-16 09:43:09.180531','2019-11-16 09:43:09.180559',0,0,0,0,2,5);
INSERT INTO "oneid_meta_userperm" VALUES(35,'7b53b468125b4ddf804c79c2ac7590f4',0,1,'2019-11-16 09:43:09.181808','2019-11-16 09:43:09.181832',0,0,0,0,3,5);
INSERT INTO "oneid_meta_userperm" VALUES(36,'ee217a301ec74df1ae482972ef49c0d1',0,1,'2019-11-16 09:43:09.182964','2019-11-16 09:43:09.182986',0,0,0,0,4,5);
INSERT INTO "oneid_meta_userperm" VALUES(37,'e9c73dd6ac5348f8b86c2c3d072aa646',0,1,'2019-11-16 09:43:09.184311','2019-11-16 09:43:09.184378',0,0,0,0,5,5);
INSERT INTO "oneid_meta_userperm" VALUES(38,'f21aeb46a03d44c7b546ac4d153cec65',0,1,'2019-11-16 09:43:09.186372','2019-11-16 09:43:09.186400',0,0,0,0,6,5);
INSERT INTO "oneid_meta_userperm" VALUES(39,'30b3e4fadc0648bebe7fb31a09ee1b26',0,1,'2019-11-16 09:43:09.187842','2019-11-16 09:43:09.187866',0,0,0,0,7,5);
INSERT INTO "oneid_meta_userperm" VALUES(40,'0173c67664ea4a279d0310f3c1a1ce55',0,1,'2019-11-16 09:43:09.189327','2019-11-16 09:43:09.189349',0,0,0,0,8,5);
INSERT INTO "oneid_meta_userperm" VALUES(41,'3749899e126f4a9e92ed6f76ea449f01',0,1,'2019-11-16 09:43:09.190608','2019-11-16 09:43:09.190630',0,0,0,0,9,5);
INSERT INTO "oneid_meta_userperm" VALUES(42,'c7739c249e4c4dedabb9fb1ef9174187',0,1,'2019-11-16 09:43:09.192006','2019-11-16 09:43:09.192030',0,0,0,0,10,5);
INSERT INTO "oneid_meta_userperm" VALUES(43,'6d26fa864af04817a2cfcc36ce61f6f9',0,1,'2019-11-16 09:43:27.907326','2019-11-16 09:43:27.907353',0,0,0,0,1,6);
INSERT INTO "oneid_meta_userperm" VALUES(44,'bddfd8f924b64187952b5d71a3462d78',0,1,'2019-11-16 09:43:27.909109','2019-11-16 09:43:27.909135',0,0,0,0,2,6);
INSERT INTO "oneid_meta_userperm" VALUES(45,'a37150afc768441586f3428adabc5764',0,1,'2019-11-16 09:43:27.910402','2019-11-16 09:43:27.910429',0,0,0,0,3,6);
INSERT INTO "oneid_meta_userperm" VALUES(46,'0df6115fa0e54cf1b2afaa7a8decba1b',0,1,'2019-11-16 09:43:27.911653','2019-11-16 09:43:27.911677',0,0,0,0,4,6);
INSERT INTO "oneid_meta_userperm" VALUES(47,'dfc349d39f9c4a8081cb3a99b3370ec1',0,1,'2019-11-16 09:43:27.912842','2019-11-16 09:43:27.912865',0,0,0,0,5,6);
INSERT INTO "oneid_meta_userperm" VALUES(48,'ce0b6ec52d044b73a88446d274ef2d97',0,1,'2019-11-16 09:43:27.914140','2019-11-16 09:43:27.914192',0,0,0,0,6,6);
INSERT INTO "oneid_meta_userperm" VALUES(49,'5245aeb92eba497bb6a598ab5dc99f4f',0,1,'2019-11-16 09:43:27.915881','2019-11-16 09:43:27.916008',0,0,0,0,7,6);
INSERT INTO "oneid_meta_userperm" VALUES(50,'6d51073d80804a79890ec0592436ddc0',0,1,'2019-11-16 09:43:27.917751','2019-11-16 09:43:27.917777',0,0,0,0,8,6);
INSERT INTO "oneid_meta_userperm" VALUES(51,'c9d6c8f332a348a3b3e71af78a3785e6',0,1,'2019-11-16 09:43:27.919134','2019-11-16 09:43:27.919157',0,0,0,0,9,6);
INSERT INTO "oneid_meta_userperm" VALUES(52,'23ae2b75ec844354b4b52a9973e09468',0,1,'2019-11-16 09:43:27.920401','2019-11-16 09:43:27.920423',0,0,0,0,10,6);
INSERT INTO "oneid_meta_userperm" VALUES(53,'a11747dd475649e3aace642118ea3a24',0,1,'2019-11-16 09:43:48.192370','2019-11-16 09:43:48.192398',0,0,0,0,1,7);
INSERT INTO "oneid_meta_userperm" VALUES(54,'4e10f118ad5c494fa47282f0a6200fd5',0,1,'2019-11-16 09:43:48.194031','2019-11-16 09:43:48.194060',0,0,0,0,2,7);
INSERT INTO "oneid_meta_userperm" VALUES(55,'f5e1454b231e46e493d345a74771ad19',0,1,'2019-11-16 09:43:48.195548','2019-11-16 09:43:48.195578',0,0,0,0,3,7);
INSERT INTO "oneid_meta_userperm" VALUES(56,'e506e85513cb4b9a8fc19403a4f124a2',0,1,'2019-11-16 09:43:48.197360','2019-11-16 09:43:48.197393',0,0,0,0,4,7);
INSERT INTO "oneid_meta_userperm" VALUES(57,'60c878a8b4444936b56d139531da26f5',0,1,'2019-11-16 09:43:48.199029','2019-11-16 09:43:48.199057',0,0,0,0,5,7);
INSERT INTO "oneid_meta_userperm" VALUES(58,'b946b068c0704403b83194c3ec51eaf9',0,1,'2019-11-16 09:43:48.200567','2019-11-16 09:43:48.200590',0,0,0,0,6,7);
INSERT INTO "oneid_meta_userperm" VALUES(59,'f00a382752b84db5b9761c735462509e',0,1,'2019-11-16 09:43:48.202090','2019-11-16 09:43:48.202112',0,0,0,0,7,7);
INSERT INTO "oneid_meta_userperm" VALUES(60,'e27eb69a10ff447ab76a245a65f2003f',0,1,'2019-11-16 09:43:48.203530','2019-11-16 09:43:48.203552',0,0,0,0,8,7);
INSERT INTO "oneid_meta_userperm" VALUES(61,'7addb60a66b44edd8c8a1845aa65c095',0,1,'2019-11-16 09:43:48.204858','2019-11-16 09:43:48.204880',0,0,0,0,9,7);
INSERT INTO "oneid_meta_userperm" VALUES(62,'637360cfb2734514b1bc78c5a264af4c',0,1,'2019-11-16 09:43:48.206285','2019-11-16 09:43:48.206309',0,0,0,0,10,7);
INSERT INTO "oneid_meta_userperm" VALUES(63,'283e13f348d6470e8190f944a886c78b',0,1,'2019-11-16 09:44:07.614253','2019-11-16 09:44:07.614280',0,0,0,0,1,8);
INSERT INTO "oneid_meta_userperm" VALUES(64,'58ece6b77d874460969a5fb6df76b1e2',0,1,'2019-11-16 09:44:07.615729','2019-11-16 09:44:07.615752',0,0,0,0,2,8);
INSERT INTO "oneid_meta_userperm" VALUES(65,'81813681780d4411adaa01f7bcad330a',0,1,'2019-11-16 09:44:07.617175','2019-11-16 09:44:07.617198',0,0,0,0,3,8);
INSERT INTO "oneid_meta_userperm" VALUES(66,'9dc1ff15c2824fcb92a25e84f46d497d',0,1,'2019-11-16 09:44:07.618527','2019-11-16 09:44:07.618549',0,0,0,0,4,8);
INSERT INTO "oneid_meta_userperm" VALUES(67,'5ef9a689d7e24a60a3d9c131fd05c5be',0,1,'2019-11-16 09:44:07.619778','2019-11-16 09:44:07.619800',0,0,0,0,5,8);
INSERT INTO "oneid_meta_userperm" VALUES(68,'7919fb8b6d2e4aef9cfe4772b4825763',0,1,'2019-11-16 09:44:07.621091','2019-11-16 09:44:07.621112',0,0,0,0,6,8);
INSERT INTO "oneid_meta_userperm" VALUES(69,'6404786de1f345bfb7485bda34bc9cf9',0,1,'2019-11-16 09:44:07.622578','2019-11-16 09:44:07.622605',0,0,0,0,7,8);
INSERT INTO "oneid_meta_userperm" VALUES(70,'16c23f920bcc47f68627afda7a48c8a1',0,1,'2019-11-16 09:44:07.624441','2019-11-16 09:44:07.624469',0,0,0,0,8,8);
INSERT INTO "oneid_meta_userperm" VALUES(71,'44ecb3e28fd14f2b8886ae58f890463e',0,1,'2019-11-16 09:44:07.625789','2019-11-16 09:44:07.625812',0,0,0,0,9,8);
INSERT INTO "oneid_meta_userperm" VALUES(72,'a2c190893b7a45ef9b02735827d773d0',0,1,'2019-11-16 09:44:07.627402','2019-11-16 09:44:07.627430',0,0,0,0,10,8);
INSERT INTO "oneid_meta_userperm" VALUES(73,'e7b004c1e3a94f7d8420b18350274481',0,1,'2019-11-16 09:44:40.666904','2019-11-16 09:44:40.666935',0,0,0,0,1,9);
INSERT INTO "oneid_meta_userperm" VALUES(74,'5073a559e3a847fe8f9e044d616b518b',0,1,'2019-11-16 09:44:40.669024','2019-11-16 09:44:40.669054',0,0,0,0,2,9);
INSERT INTO "oneid_meta_userperm" VALUES(75,'6aaa61839be641089086b978edd741f2',0,1,'2019-11-16 09:44:40.671262','2019-11-16 09:44:40.671294',0,0,0,0,3,9);
INSERT INTO "oneid_meta_userperm" VALUES(76,'fa148a11302a4909ae5d485778b3c5da',0,1,'2019-11-16 09:44:40.672788','2019-11-16 09:44:40.672814',0,0,0,0,4,9);
INSERT INTO "oneid_meta_userperm" VALUES(77,'5ccc0fae591c42e28a6510376f80f578',0,1,'2019-11-16 09:44:40.674662','2019-11-16 09:44:40.674703',0,0,0,0,5,9);
INSERT INTO "oneid_meta_userperm" VALUES(78,'bd0ead36a735487e97d9fbe71c53deca',0,1,'2019-11-16 09:44:40.676059','2019-11-16 09:44:40.676082',0,0,0,0,6,9);
INSERT INTO "oneid_meta_userperm" VALUES(79,'ae7f009b8c69439092f2fb8958937689',0,1,'2019-11-16 09:44:40.677429','2019-11-16 09:44:40.677451',0,0,0,0,7,9);
INSERT INTO "oneid_meta_userperm" VALUES(80,'13555d7d7bb2466da4657c4783fc6a12',0,1,'2019-11-16 09:44:40.678747','2019-11-16 09:44:40.678769',0,0,0,0,8,9);
INSERT INTO "oneid_meta_userperm" VALUES(81,'cefadd24892c4938af4d1840c0f441fe',0,1,'2019-11-16 09:44:40.680240','2019-11-16 09:44:40.680264',0,0,0,0,9,9);
INSERT INTO "oneid_meta_userperm" VALUES(82,'ff87d9c0059a4ab6bd8d42a026d2660f',0,1,'2019-11-16 09:44:40.681510','2019-11-16 09:44:40.681532',0,0,0,0,10,9);
INSERT INTO "oneid_meta_userperm" VALUES(83,'efed0a26d41f4bc0a07b5897b21d054e',0,1,'2019-11-16 09:45:03.110496','2019-11-16 09:45:03.110523',0,0,0,0,1,10);
INSERT INTO "oneid_meta_userperm" VALUES(84,'53337cee3ca244319c0331ad401e8976',0,1,'2019-11-16 09:45:03.112227','2019-11-16 09:45:03.112254',0,0,0,0,2,10);
INSERT INTO "oneid_meta_userperm" VALUES(85,'66f0811186714b46a60124c37f15812c',0,1,'2019-11-16 09:45:03.113850','2019-11-16 09:45:03.113877',0,0,0,0,3,10);
INSERT INTO "oneid_meta_userperm" VALUES(86,'adf3edac5774452daf83b06eda0e41b2',0,1,'2019-11-16 09:45:03.115116','2019-11-16 09:45:03.115138',0,0,0,0,4,10);
INSERT INTO "oneid_meta_userperm" VALUES(87,'217f56822ae64a96a311d5a990efc104',0,1,'2019-11-16 09:45:03.116300','2019-11-16 09:45:03.116321',0,0,0,0,5,10);
INSERT INTO "oneid_meta_userperm" VALUES(88,'3b76280da4b548e29566b6cee6357991',0,1,'2019-11-16 09:45:03.117900','2019-11-16 09:45:03.117947',0,0,0,0,6,10);
INSERT INTO "oneid_meta_userperm" VALUES(89,'d91a2f0f617143f5b8460b5196d25dfa',0,1,'2019-11-16 09:45:03.120206','2019-11-16 09:45:03.120234',0,0,0,0,7,10);
INSERT INTO "oneid_meta_userperm" VALUES(90,'e124b1b9959446a48e6d2c3aa952d7a5',0,1,'2019-11-16 09:45:03.121749','2019-11-16 09:45:03.121773',0,0,0,0,8,10);
INSERT INTO "oneid_meta_userperm" VALUES(91,'2266e7f298404706932f6648dd619466',0,1,'2019-11-16 09:45:03.123070','2019-11-16 09:45:03.123093',0,0,0,0,9,10);
INSERT INTO "oneid_meta_userperm" VALUES(92,'bae1cad53a97418aad2faacec3222a96',0,1,'2019-11-16 09:45:03.124580','2019-11-16 09:45:03.124604',0,0,0,0,10,10);
INSERT INTO "oneid_meta_userperm" VALUES(93,'55b73b5df5054ecd80e861b4057cb970',0,1,'2019-11-16 09:45:21.842029','2019-11-16 09:45:21.842058',0,0,0,0,1,11);
INSERT INTO "oneid_meta_userperm" VALUES(94,'7895e6ee551c41a4bba9f628b430cf53',0,1,'2019-11-16 09:45:21.844013','2019-11-16 09:45:21.844057',0,0,0,0,2,11);
INSERT INTO "oneid_meta_userperm" VALUES(95,'5aa0b4e6db344ce3a94407ed23f18f79',0,1,'2019-11-16 09:45:21.845745','2019-11-16 09:45:21.845774',0,0,0,0,3,11);
INSERT INTO "oneid_meta_userperm" VALUES(96,'442c976ae88a4870b4e578e682b647c2',0,1,'2019-11-16 09:45:21.847410','2019-11-16 09:45:21.847453',0,0,0,0,4,11);
INSERT INTO "oneid_meta_userperm" VALUES(97,'8d817ef122f841289bd2d127d90f0592',0,1,'2019-11-16 09:45:21.849489','2019-11-16 09:45:21.849532',0,0,0,0,5,11);
INSERT INTO "oneid_meta_userperm" VALUES(98,'f3fd1d8ade2646baa3cef1a413d1ab32',0,1,'2019-11-16 09:45:21.851117','2019-11-16 09:45:21.851141',0,0,0,0,6,11);
INSERT INTO "oneid_meta_userperm" VALUES(99,'ee5a4d04e7b046aba84a29a03c0938fb',0,1,'2019-11-16 09:45:21.852638','2019-11-16 09:45:21.852663',0,0,0,0,7,11);
INSERT INTO "oneid_meta_userperm" VALUES(100,'feb039de775f45c1879dd48988709754',0,1,'2019-11-16 09:45:21.854010','2019-11-16 09:45:21.854035',0,0,0,0,8,11);
INSERT INTO "oneid_meta_userperm" VALUES(101,'940bf198cdbb47f7be85ffef63aeded6',0,1,'2019-11-16 09:45:21.855365','2019-11-16 09:45:21.855389',0,0,0,0,9,11);
INSERT INTO "oneid_meta_userperm" VALUES(102,'a9dedafb468e49299e5a874102e0ed2e',0,1,'2019-11-16 09:45:21.856937','2019-11-16 09:45:21.856963',0,0,0,0,10,11);
INSERT INTO "oneid_meta_userperm" VALUES(103,'c63abd824c764ec1b63e9a5ed5a8cc24',0,1,'2019-11-16 09:45:38.583688','2019-11-16 09:45:38.583716',0,0,0,0,1,12);
INSERT INTO "oneid_meta_userperm" VALUES(104,'017d9bb2f310497a977bf988aa592293',0,1,'2019-11-16 09:45:38.585251','2019-11-16 09:45:38.585275',0,0,0,0,2,12);
INSERT INTO "oneid_meta_userperm" VALUES(105,'298d6d1fa0f14dc9a4145125634797c2',0,1,'2019-11-16 09:45:38.586806','2019-11-16 09:45:38.586832',0,0,0,0,3,12);
INSERT INTO "oneid_meta_userperm" VALUES(106,'e25fd98d242941029958a7b4d039bdc0',0,1,'2019-11-16 09:45:38.588129','2019-11-16 09:45:38.588153',0,0,0,0,4,12);
INSERT INTO "oneid_meta_userperm" VALUES(107,'47a0b07831e045daafed73d3ad0e00b0',0,1,'2019-11-16 09:45:38.589357','2019-11-16 09:45:38.589380',0,0,0,0,5,12);
INSERT INTO "oneid_meta_userperm" VALUES(108,'92f03a428e1a4b9f8c02106a2dcd26ef',0,1,'2019-11-16 09:45:38.591198','2019-11-16 09:45:38.591227',0,0,0,0,6,12);
INSERT INTO "oneid_meta_userperm" VALUES(109,'90773dc42264464facf72d80f2e9c5d2',0,1,'2019-11-16 09:45:38.592689','2019-11-16 09:45:38.592717',0,0,0,0,7,12);
INSERT INTO "oneid_meta_userperm" VALUES(110,'29772900c8b14b5297854f4cd9e97e5b',0,1,'2019-11-16 09:45:38.594631','2019-11-16 09:45:38.594661',0,0,0,0,8,12);
INSERT INTO "oneid_meta_userperm" VALUES(111,'32bba419b621441d829ad9865890cec3',0,1,'2019-11-16 09:45:38.595991','2019-11-16 09:45:38.596014',0,0,0,0,9,12);
INSERT INTO "oneid_meta_userperm" VALUES(112,'b793933d6306441095e70c130e254981',0,1,'2019-11-16 09:45:38.597449','2019-11-16 09:45:38.597475',0,0,0,0,10,12);
INSERT INTO "oneid_meta_userperm" VALUES(113,'0bf10565c47845439e5e5d44d1782f2f',0,1,'2019-11-16 10:13:04.633363','2019-11-16 10:13:04.633394',0,0,0,0,15,4);
INSERT INTO "oneid_meta_userperm" VALUES(114,'e3dcd9ac531d42dbb808f2de1578b3cf',0,1,'2019-11-16 10:13:04.650442','2019-11-16 10:13:04.650471',0,0,0,0,14,4);
INSERT INTO "oneid_meta_userperm" VALUES(115,'54356796a0a8470b9842a919dd8c41a0',0,1,'2019-11-16 10:13:04.665399','2019-11-16 10:13:04.665428',0,0,0,0,13,4);
INSERT INTO "oneid_meta_userperm" VALUES(116,'cfd71ee6b8a04a7db8f0f42eaad0f574',0,1,'2019-11-16 10:13:04.680496','2019-11-16 10:13:04.680523',0,0,0,0,12,4);
INSERT INTO "oneid_meta_userperm" VALUES(117,'2e4711969a4f441c8e390451debba760',0,1,'2019-11-16 10:13:04.695846','2019-11-16 10:13:04.695878',0,0,0,0,11,4);
INSERT INTO "oneid_meta_userperm" VALUES(118,'ab3e149313fc44c6981bceff84f03ce2',0,1,'2019-11-16 10:33:09.066237','2019-11-16 10:33:09.066259',0,0,0,0,1,13);
INSERT INTO "oneid_meta_userperm" VALUES(119,'99e9bcaff0a24cdd8bb42b8e2b63809e',0,1,'2019-11-16 10:33:09.066885','2019-11-16 10:33:09.066906',0,0,0,0,2,13);
INSERT INTO "oneid_meta_userperm" VALUES(120,'7e5b3c7eb6294b52a55fb1247897178f',0,1,'2019-11-16 10:33:09.067316','2019-11-16 10:33:09.067337',0,0,0,0,3,13);
INSERT INTO "oneid_meta_userperm" VALUES(121,'5905bd22021c46aba7d51663ad35e22d',0,1,'2019-11-16 10:33:09.067779','2019-11-16 10:33:09.067800',0,0,0,0,4,13);
INSERT INTO "oneid_meta_userperm" VALUES(122,'7bc3b8c9d2524b04baff24ac590d7cd5',0,1,'2019-11-16 10:33:09.068318','2019-11-16 10:33:09.068369',0,0,0,0,5,13);
INSERT INTO "oneid_meta_userperm" VALUES(123,'07b9f873eeaa4700b80df1a93883c0fe',0,1,'2019-11-16 10:33:09.068789','2019-11-16 10:33:09.068810',0,0,0,0,6,13);
INSERT INTO "oneid_meta_userperm" VALUES(124,'c31b33c5f4cb4b37bf2629af5503f052',0,1,'2019-11-16 10:33:09.069214','2019-11-16 10:33:09.069234',0,0,0,0,7,13);
INSERT INTO "oneid_meta_userperm" VALUES(125,'761955e9f8ab41c2a7bb1db587f8f604',0,1,'2019-11-16 10:33:09.069634','2019-11-16 10:33:09.069655',0,0,0,0,8,13);
INSERT INTO "oneid_meta_userperm" VALUES(126,'23e1b3fb04ee4a6cad6f2e4f41b05922',0,1,'2019-11-16 10:33:09.070057','2019-11-16 10:33:09.070077',0,0,0,0,9,13);
INSERT INTO "oneid_meta_userperm" VALUES(127,'addf85b8d5434a5fa1a0180e97d29fc6',0,1,'2019-11-16 10:33:09.070476','2019-11-16 10:33:09.070497',0,0,0,0,10,13);
INSERT INTO "oneid_meta_userperm" VALUES(128,'e087af4ee0464f4dbcf1855e22477a0a',0,1,'2019-11-16 10:33:09.070895','2019-11-16 10:33:09.070915',0,0,0,0,11,13);
INSERT INTO "oneid_meta_userperm" VALUES(129,'54257e3a11a64373995ae8238a698af8',0,1,'2019-11-16 10:33:09.071315','2019-11-16 10:33:09.071335',0,0,0,0,12,13);
INSERT INTO "oneid_meta_userperm" VALUES(130,'dc38cc9e51124478b1e9397d03fed589',0,1,'2019-11-16 10:33:09.071735','2019-11-16 10:33:09.071755',0,0,0,0,13,13);
INSERT INTO "oneid_meta_userperm" VALUES(131,'23846011305e4647a565a7066c7ec29c',0,1,'2019-11-16 10:33:09.072156','2019-11-16 10:33:09.072176',0,0,0,0,14,13);
INSERT INTO "oneid_meta_userperm" VALUES(132,'c8fbe94e94114e268cc2480e569834cf',0,1,'2019-11-16 10:33:09.072576','2019-11-16 10:33:09.072596',0,0,0,0,15,13);
CREATE TABLE "oneid_meta_wechatconfig" ("id" integer NOT NULL PRIMARY KEY AUTOINCREMENT, "uuid" char(32) NOT NULL UNIQUE, "is_del" bool NOT NULL, "is_active" bool NOT NULL, "updated" datetime NULL, "created" datetime NULL, "appid" varchar(255) NOT NULL, "secret" varchar(255) NOT NULL, "qr_app_valid" bool NOT NULL, "site_id" integer NOT NULL UNIQUE REFERENCES "django_site" ("id") DEFERRABLE INITIALLY DEFERRED);
CREATE TABLE "oneid_meta_wechatuser" ("id" integer NOT NULL PRIMARY KEY AUTOINCREMENT, "uuid" char(32) NOT NULL UNIQUE, "is_del" bool NOT NULL, "is_active" bool NOT NULL, "updated" datetime NULL, "created" datetime NULL, "unionid" text NOT NULL, "user_id" integer NOT NULL UNIQUE REFERENCES "oneid_meta_user" ("id") DEFERRABLE INITIALLY DEFERRED);
CREATE TABLE "oneid_meta_workwechatconfig" ("id" integer NOT NULL PRIMARY KEY AUTOINCREMENT, "uuid" char(32) NOT NULL UNIQUE, "is_del" bool NOT NULL, "is_active" bool NOT NULL, "updated" datetime NULL, "created" datetime NULL, "corp_id" varchar(255) NOT NULL, "agent_id" varchar(64) NOT NULL, "secret" varchar(255) NOT NULL, "qr_app_valid" bool NOT NULL, "site_id" integer NOT NULL UNIQUE REFERENCES "django_site" ("id") DEFERRABLE INITIALLY DEFERRED);
CREATE TABLE "oneid_meta_workwechatuser" ("id" integer NOT NULL PRIMARY KEY AUTOINCREMENT, "uuid" char(32) NOT NULL UNIQUE, "is_del" bool NOT NULL, "is_active" bool NOT NULL, "updated" datetime NULL, "created" datetime NULL, "work_wechat_user_id" text NOT NULL, "user_id" integer NOT NULL UNIQUE REFERENCES "oneid_meta_user" ("id") DEFERRABLE INITIALLY DEFERRED);
DELETE FROM "sqlite_sequence";
INSERT INTO "sqlite_sequence" VALUES('django_admin_log',0);
INSERT INTO "sqlite_sequence" VALUES('django_content_type',60);
INSERT INTO "sqlite_sequence" VALUES('auth_permission',180);
INSERT INTO "sqlite_sequence" VALUES('auth_user',1);
INSERT INTO "sqlite_sequence" VALUES('django_celery_beat_periodictask',6);
INSERT INTO "sqlite_sequence" VALUES('django_celery_beat_solarschedule',0);
INSERT INTO "sqlite_sequence" VALUES('django_celery_beat_crontabschedule',0);
INSERT INTO "sqlite_sequence" VALUES('oneid_meta_deptmember',10);
INSERT INTO "sqlite_sequence" VALUES('oneid_meta_groupmember',24);
INSERT INTO "sqlite_sequence" VALUES('oneid_meta_posixuser',0);
INSERT INTO "sqlite_sequence" VALUES('oneid_meta_dingdept',0);
INSERT INTO "sqlite_sequence" VALUES('oneid_meta_deptperm',185);
INSERT INTO "sqlite_sequence" VALUES('oneid_meta_groupperm',645);
INSERT INTO "sqlite_sequence" VALUES('oneid_meta_userperm',132);
INSERT INTO "sqlite_sequence" VALUES('oneid_meta_dinggroup',0);
INSERT INTO "sqlite_sequence" VALUES('oauth2_provider_accesstoken',0);
INSERT INTO "sqlite_sequence" VALUES('oauth2_provider_grant',0);
INSERT INTO "sqlite_sequence" VALUES('oauth2_provider_refreshtoken',0);
INSERT INTO "sqlite_sequence" VALUES('oauth2_provider_application',1);
INSERT INTO "sqlite_sequence" VALUES('django_site',1);
INSERT INTO "sqlite_sequence" VALUES('oneid_meta_log',372);
INSERT INTO "sqlite_sequence" VALUES('oneid_meta_dept',19);
INSERT INTO "sqlite_sequence" VALUES('oneid_meta_group',64);
INSERT INTO "sqlite_sequence" VALUES('oneid_meta_companyconfig',1);
INSERT INTO "sqlite_sequence" VALUES('oneid_meta_app',14);
INSERT INTO "sqlite_sequence" VALUES('oneid_meta_managergroup',15);
INSERT INTO "sqlite_sequence" VALUES('oneid_meta_smsconfig',1);
INSERT INTO "sqlite_sequence" VALUES('oneid_meta_customfield',0);
INSERT INTO "sqlite_sequence" VALUES('oneid_meta_nativefield',14);
INSERT INTO "sqlite_sequence" VALUES('oneid_meta_dingconfig',1);
INSERT INTO "sqlite_sequence" VALUES('oneid_meta_accountconfig',1);
INSERT INTO "sqlite_sequence" VALUES('oneid_meta_dinguser',0);
INSERT INTO "sqlite_sequence" VALUES('oneid_meta_user',13);
INSERT INTO "sqlite_sequence" VALUES('oneid_meta_emailconfig',1);
INSERT INTO "sqlite_sequence" VALUES('oneid_meta_perm',20);
INSERT INTO "sqlite_sequence" VALUES('django_celery_beat_intervalschedule',2);
INSERT INTO "sqlite_sequence" VALUES('oneid_meta_requestaccesslog',236);
INSERT INTO "sqlite_sequence" VALUES('oneid_meta_requestdataclientlog',236);
INSERT INTO "sqlite_sequence" VALUES('oneid_meta_invitation',5);
INSERT INTO "sqlite_sequence" VALUES('oneid_meta_ldapapp',1);
CREATE UNIQUE INDEX auth_group_permissions_group_id_permission_id_0cd325b0_uniq ON "auth_group_permissions" ("group_id", "permission_id");
CREATE INDEX "auth_group_permissions_group_id_b120cbf9" ON "auth_group_permissions" ("group_id");
CREATE INDEX "auth_group_permissions_permission_id_84c5c92e" ON "auth_group_permissions" ("permission_id");
CREATE UNIQUE INDEX auth_user_groups_user_id_group_id_94350c0c_uniq ON "auth_user_groups" ("user_id", "group_id");
CREATE INDEX "auth_user_groups_user_id_6a12ed8b" ON "auth_user_groups" ("user_id");
CREATE INDEX "auth_user_groups_group_id_97559544" ON "auth_user_groups" ("group_id");
CREATE UNIQUE INDEX auth_user_user_permissions_user_id_permission_id_14a6b632_uniq ON "auth_user_user_permissions" ("user_id", "permission_id");
CREATE INDEX "auth_user_user_permissions_user_id_a95ead1b" ON "auth_user_user_permissions" ("user_id");
CREATE INDEX "auth_user_user_permissions_permission_id_1fbb5f2c" ON "auth_user_user_permissions" ("permission_id");
CREATE INDEX "django_admin_log_content_type_id_c4bce8eb" ON "django_admin_log" ("content_type_id");
CREATE INDEX "django_admin_log_user_id_c564eba6" ON "django_admin_log" ("user_id");
CREATE UNIQUE INDEX django_content_type_app_label_model_76bd3d3b_uniq ON "django_content_type" ("app_label", "model");
CREATE UNIQUE INDEX auth_permission_content_type_id_codename_01ab375a_uniq ON "auth_permission" ("content_type_id", "codename");
CREATE INDEX "auth_permission_content_type_id_2f476e4b" ON "auth_permission" ("content_type_id");
CREATE INDEX "django_celery_beat_periodictask_crontab_id_d3cba168" ON "django_celery_beat_periodictask" ("crontab_id");
CREATE INDEX "django_celery_beat_periodictask_interval_id_a8ca27da" ON "django_celery_beat_periodictask" ("interval_id");
CREATE INDEX "django_celery_beat_periodictask_solar_id_a87ce72c" ON "django_celery_beat_periodictask" ("solar_id");
CREATE UNIQUE INDEX django_celery_beat_solarschedule_event_latitude_longitude_ba64999a_uniq ON "django_celery_beat_solarschedule" ("event", "latitude", "longitude");
CREATE INDEX "django_celery_results_taskresult_hidden_cd77412f" ON "django_celery_results_taskresult" ("hidden");
CREATE INDEX "oneid_meta_deptmember_owner_id_bdae7f90" ON "oneid_meta_deptmember" ("owner_id");
CREATE INDEX "oneid_meta_deptmember_user_id_07cf7165" ON "oneid_meta_deptmember" ("user_id");
CREATE INDEX "oneid_meta_groupmember_owner_id_c62a9300" ON "oneid_meta_groupmember" ("owner_id");
CREATE INDEX "oneid_meta_groupmember_user_id_5e898bfd" ON "oneid_meta_groupmember" ("user_id");
CREATE INDEX "oneid_meta_deptperm_perm_id_e04aec20" ON "oneid_meta_deptperm" ("perm_id");
CREATE INDEX "oneid_meta_deptperm_owner_id_96944119" ON "oneid_meta_deptperm" ("owner_id");
CREATE INDEX "oneid_meta_groupperm_perm_id_ec0cc4fe" ON "oneid_meta_groupperm" ("perm_id");
CREATE INDEX "oneid_meta_groupperm_owner_id_e9c02476" ON "oneid_meta_groupperm" ("owner_id");
CREATE INDEX "oneid_meta_userperm_perm_id_07055248" ON "oneid_meta_userperm" ("perm_id");
CREATE INDEX "oneid_meta_userperm_owner_id_7cd3c154" ON "oneid_meta_userperm" ("owner_id");
CREATE UNIQUE INDEX oneid_meta_deptmember_user_id_owner_id_7def58ad_uniq ON "oneid_meta_deptmember" ("user_id", "owner_id");
CREATE UNIQUE INDEX oneid_meta_groupmember_user_id_owner_id_795bb584_uniq ON "oneid_meta_groupmember" ("user_id", "owner_id");
CREATE INDEX "oauth2_provider_accesstoken_application_id_b22886e1" ON "oauth2_provider_accesstoken" ("application_id");
CREATE INDEX "oauth2_provider_accesstoken_user_id_6e4c9a65" ON "oauth2_provider_accesstoken" ("user_id");
CREATE INDEX "oauth2_provider_grant_application_id_81923564" ON "oauth2_provider_grant" ("application_id");
CREATE INDEX "oauth2_provider_grant_user_id_e8f62af8" ON "oauth2_provider_grant" ("user_id");
CREATE UNIQUE INDEX oauth2_provider_refreshtoken_token_revoked_af8a5134_uniq ON "oauth2_provider_refreshtoken" ("token", "revoked");
CREATE INDEX "oauth2_provider_refreshtoken_application_id_2d1c311b" ON "oauth2_provider_refreshtoken" ("application_id");
CREATE INDEX "oauth2_provider_refreshtoken_user_id_da837fce" ON "oauth2_provider_refreshtoken" ("user_id");
CREATE INDEX "oauth2_provider_application_client_secret_53133678" ON "oauth2_provider_application" ("client_secret");
CREATE INDEX "oauth2_provider_application_user_id_79829054" ON "oauth2_provider_application" ("user_id");
CREATE UNIQUE INDEX oneid_meta_deptperm_owner_id_perm_id_f934c3e6_uniq ON "oneid_meta_deptperm" ("owner_id", "perm_id");
CREATE UNIQUE INDEX oneid_meta_groupperm_owner_id_perm_id_c8097eca_uniq ON "oneid_meta_groupperm" ("owner_id", "perm_id");
CREATE UNIQUE INDEX oneid_meta_userperm_owner_id_perm_id_67e375da_uniq ON "oneid_meta_userperm" ("owner_id", "perm_id");
CREATE INDEX "oneid_meta_invitation_invitee_id_6d6216e1" ON "oneid_meta_invitation" ("invitee_id");
CREATE INDEX "oneid_meta_invitation_inviter_id_a0d8cdc8" ON "oneid_meta_invitation" ("inviter_id");
CREATE INDEX "oneid_meta_log_access_id_83245304" ON "oneid_meta_log" ("access_id");
CREATE INDEX "oneid_meta_log_data_id_a5e18508" ON "oneid_meta_log" ("data_id");
CREATE INDEX "oneid_meta_log_user_id_d82583a3" ON "oneid_meta_log" ("user_id");
CREATE INDEX "oneid_meta_dept_parent_id_1816bcc8" ON "oneid_meta_dept" ("parent_id");
CREATE INDEX "oneid_meta_group_parent_id_9a86291d" ON "oneid_meta_group" ("parent_id");
CREATE INDEX "oneid_meta_user_django_user_id_f1d43285" ON "oneid_meta_user" ("django_user_id");
CREATE INDEX "oneid_meta_perm_sub_account_id_f29cb92f" ON "oneid_meta_perm" ("sub_account_id");
CREATE INDEX "django_session_expire_date_a5c62663" ON "django_session" ("expire_date");
COMMIT;
